date;bugs;reliability_rating;reliability_remediation_effort;security_rating;security_remediation_effort;vulnerabilities;code_smells;development_cost;effort_to_reach_maintainability_rating_a;sqale_debt_ratio;sqale_index;sqale_rating;normalized_td;coverage;line_coverage;lines_to_cover;uncovered_lines;duplicated_blocks;duplicated_files;duplicated_lines;duplicated_lines_density;classes;comment_lines;comment_lines_density;directories;files;functions;lines;ncloc;ncloc_language_distribution;statements;class_complexity;cognitive_complexity;complexity;file_complexity;file_complexity_distribution;function_complexity;blocker_violations;confirmed_issues;critical_violations;false_positive_issues;info_violations;major_violations;minor_violations;open_issues;reopened_issues;violations;wont_fix_issues
2/10/2015;408;5;3078;2;5100;404;9560;4422720;0;2;88218;1;0.598396462;0;0;87417;87417;935;244;17877;7.7;1326;30772;17.3;55;845;9612;230712;147424;"java=146328;py=67;xml=1029";75254;23.8;35292;31466;37.3;"0=161;5=185;10=207;20=79;30=101;60=33;90=78";3.3;117;0;1444;0;245;3073;5493;10372;0;10372;0
9/10/2015;411;5;3098;2;5100;404;9649;4467450;0;2;88939;1;0.597246752;0;0;88360;88360;938;247;17902;7.7;1334;31261;17.4;55;851;9705;233392;148915;"java=147815;py=67;xml=1033";76071;23.9;35846;31907;37.5;"0=165;5=185;10=209;20=78;30=101;60=34;90=78";3.3;123;0;1455;0;243;3093;5550;10464;0;10464;0
16/10/2015;417;5;3128;2;5160;408;9595;4464540;0;2;88389;1;0.593940249;0;0;88309;88309;917;245;17260;7.4;1334;31243;17.4;55;851;9688;233217;148818;"java=147718;py=67;xml=1033";76048;24;35924;31942;37.6;"0=164;5=185;10=212;20=79;30=97;60=35;90=78";3.3;126;0;1456;0;242;3071;5525;10420;0;10420;0
23/10/2015;417;5;3148;2;5200;412;9610;4472460;0;2;88554;1;0.593995251;0;0;88492;88492;919;246;17306;7.4;1337;31314;17.4;55;851;9702;233632;149082;"java=148001;py=67;xml=1014";76203;24;36049;32026;37.7;"0=164;5=184;10=213;20=77;30=99;60=36;90=77";3.3;126;0;1461;0;239;3079;5534;10439;0;10439;0
30/10/2015;419;5;3163;2;5200;412;9640;4484070;0;2;88706;1;0.593474232;0;0;88711;88711;908;244;17187;7.3;1337;31392;17.4;55;851;9716;234090;149469;"java=148281;py=67;xml=1121";76326;24.1;36234;32195;37.9;"0=164;5=184;10=211;20=79;30=98;60=37;90=77";3.3;126;0;1464;0;237;3085;5559;10471;0;10471;0
6/11/2015;421;5;3178;2;5200;412;9653;4489950;0;2;88816;1;0.593431998;0;0;88822;88822;908;244;17187;7.3;1339;31434;17.4;55;853;9730;234432;149665;"java=148475;py=67;xml=1123";76429;24.1;36285;32235;37.8;"0=163;5=185;10=213;20=79;30=98;60=37;90=77";3.3;130;0;1465;0;237;3090;5564;10486;0;10486;0
13/11/2015;418;5;3163;2;5200;412;9672;4493100;0;2;88878;1;0.593429926;0;0;88855;88855;908;244;17187;7.3;1339;31559;17.4;55;853;9743;234709;149770;"java=148529;py=98;xml=1143";76490;24.1;36291;32260;37.9;"0=163;5=184;10=214;20=79;30=98;60=37;90=77";3.3;127;0;1463;0;237;3094;5581;10502;0;10502;0
20/11/2015;419;5;3168;2;5200;412;9698;4500690;0;2;89166;1;0.594348867;0;0;89030;89030;908;244;17187;7.3;1341;31734;17.5;55;855;9765;235257;150023;"java=148808;py=98;xml=1117";76629;24.1;36352;32346;37.9;"0=164;5=185;10=214;20=78;30=99;60=37;90=77";3.3;127;0;1469;0;237;3105;5591;10529;0;10529;0
27/11/2015;421;5;3198;2;5210;413;9771;4532040;0;2;89596;1;0.593083909;0;0;89718;89718;892;243;17394;7.3;1346;32063;17.5;55;858;9817;236888;151068;"java=149853;py=98;xml=1117";77164;24.3;36641;32620;38.1;"0=159;5=188;10=219;20=78;30=99;60=36;90=78";3.3;128;0;1473;0;239;3142;5623;10605;0;10605;0
4/12/2015;420;5;3196;2;5210;413;9772;4534620;0;2;89612;1;0.592852323;0;0;89760;89760;892;243;17394;7.3;1346;32102;17.5;55;858;9818;238936;151154;"java=149906;py=98;xml=1150";77194;24.3;36664;32652;38.1;"0=158;5=189;10=219;20=78;30=99;60=36;90=78";3.3;128;0;1474;0;239;3141;5623;10605;0;10605;0
11/12/2015;419;5;3181;2;5210;413;9776;4538820;0;2;89642;1;0.592502016;0;0;89816;89816;892;243;17394;7.3;1346;32129;17.5;55;858;9831;239126;151294;"java=150005;py=98;xml=1191";77247;24.3;36704;32686;38.1;"0=158;5=189;10=219;20=80;30=97;60=35;90=79";3.3;128;0;1475;0;239;3134;5632;10608;0;10608;0
18/12/2015;420;5;3183;2;5210;413;9774;4541670;0;2;89547;1;0.591502685;0;0;89879;89879;892;241;17389;7.3;1347;32143;17.5;55;858;9843;239235;151389;"java=150100;py=98;xml=1191";77300;24.3;36765;32721;38.2;"0=158;5=190;10=218;20=80;30=97;60=35;90=79";3.3;128;0;1477;0;240;3123;5639;10607;0;10607;0
25/12/2015;420;5;3183;2;5210;413;9790;4545180;0;2;89675;1;0.59189075;0;0;89953;89953;893;241;17410;7.3;1348;32175;17.5;55;858;9851;239401;151506;"java=150217;py=98;xml=1191";77358;24.3;36797;32750;38.2;"0=158;5=190;10=218;20=80;30=97;60=35;90=79";3.3;129;0;1477;0;240;3126;5651;10623;0;10623;0
1/1/2016;427;5;3263;2;5210;413;9747;4551270;0;2;89392;1;0.589233335;0;0;90066;90066;898;233;17236;7.2;1354;32073;17.5;55;860;9866;239475;151709;"java=150420;py=98;xml=1191";77502;24.2;36808;32751;38.1;"0=158;5=189;10=220;20=81;30=97;60=35;90=79";3.3;129;0;1478;0;236;3090;5654;10587;0;10587;0
8/1/2016;429;5;3268;2;5210;413;9720;4560180;0;2;89114;1;0.586253174;0;0;90282;90282;894;231;17058;7.1;1358;32016;17.4;55;861;9870;239782;152006;"java=150740;py=98;xml=1168";77681;24.2;36793;32822;38.2;"0=158;5=191;10=219;20=81;30=97;60=33;90=81";3.3;132;0;1477;0;236;3052;5665;10562;0;10562;0
15/1/2016;438;5;3343;2;5270;417;9784;4582140;0;2;89652;1;0.586965915;0;0;90746;90746;888;231;17015;7.1;1358;32250;17.4;55;861;9897;240777;152738;"java=151357;py=98;xml=1283";78059;24.3;36954;32991;38.4;"0=158;5=191;10=219;20=81;30=97;60=33;90=81";3.3;132;0;1487;0;243;3085;5692;10639;0;10639;0
22/1/2016;445;5;3388;2;5270;417;9832;4616550;0;1.9;90019;1;0.584975794;0;0;91516;91516;909;235;17294;7.1;1366;32716;17.5;55;866;10072;242944;153885;"java=152503;py=98;xml=1284";78719;24.3;36899;33129;38.3;"0=159;5=190;10=220;20=82;30=97;60=34;90=83";3.3;132;0;1484;0;254;3109;5715;10694;0;10694;0
29/1/2016;449;5;3428;2;5180;411;9839;4627770;0;1.9;90126;1;0.584251162;0;0;91759;91759;906;236;17387;7.1;1366;32853;17.6;55;866;10079;243428;154259;"java=152862;py=98;xml=1299";78925;24.3;37037;33223;38.4;"0=159;5=189;10=220;20=82;30=98;60=34;90=83";3.3;132;0;1479;0;253;3116;5719;10699;0;10699;0
5/2/2016;449;5;3428;2;5180;411;9831;4628250;0;1.9;90086;1;0.583931292;0;0;91777;91777;906;236;17387;7.1;1366;32951;17.6;55;866;10079;243577;154275;"java=152878;py=98;xml=1299";78934;24.4;37041;33237;38.4;"0=159;5=189;10=220;20=82;30=98;60=34;90=83";3.3;132;0;1479;0;253;3108;5719;10691;0;10691;0
12/2/2016;449;5;3428;2;5180;411;9810;4628430;0;1.9;89953;1;0.583046519;0;0;91775;91775;906;236;17360;7.1;1366;32927;17.6;55;866;10082;243552;154281;"java=152884;py=98;xml=1299";78937;24.4;37049;33246;38.4;"0=159;5=189;10=220;20=82;30=98;60=34;90=83";3.3;132;0;1479;0;253;3086;5720;10670;0;10670;0
19/2/2016;449;5;3425;2;5150;408;9784;4631730;0;1.9;89506;1;0.579735865;0;0;91891;91891;873;233;16359;6.7;1362;32908;17.6;56;862;10128;243799;154391;"java=152994;py=98;xml=1299";78982;24.5;37242;33344;38.7;"0=156;5=188;10=221;20=80;30=98;60=33;90=85";3.3;130;0;1473;0;254;3049;5735;10641;0;10641;0
26/2/2016;449;5;3425;2;5150;408;9786;4632030;0;1.9;89536;1;0.579892617;0;0;91899;91899;873;233;16359;6.7;1362;32909;17.6;56;862;10128;243812;154401;"java=153004;py=98;xml=1299";78989;24.5;37245;33346;38.7;"0=156;5=188;10=221;20=80;30=98;60=33;90=85";3.3;130;0;1473;0;254;3049;5737;10643;0;10643;0
4/3/2016;446;5;3395;2;5150;408;9784;4635420;0;1.9;89729;1;0.580717605;0;0;91990;91990;885;233;16329;6.7;1362;32931;17.6;56;862;10131;243957;154514;"java=153117;py=98;xml=1299";79061;24.6;37347;33409;38.8;"0=155;5=189;10=220;20=81;30=98;60=33;90=85";3.3;130;0;1474;0;254;3047;5733;10638;0;10638;0
11/3/2016;448;5;3374;2;5180;410;9844;4663290;0;1.9;90495;1;0.582174816;0;0;92579;92579;883;233;16271;6.6;1372;33172;17.6;56;864;10262;245452;155443;"java=154046;py=98;xml=1299";79519;24.6;37501;33687;39;"0=155;5=188;10=220;20=82;30=99;60=32;90=87";3.3;137;0;1483;0;258;3054;5770;10702;0;10702;0
18/3/2016;446;5;3339;2;4850;388;9881;4685490;0;1.9;90846;1;0.581663817;0;0;92822;92822;885;235;16311;6.6;1390;33469;17.6;57;879;10333;247110;156183;"java=154697;py=98;xml=1388";79732;24.3;37553;33808;38.5;"0=162;5=193;10=222;20=83;30=99;60=32;90=87";3.3;139;0;1484;0;263;3060;5769;10715;0;10715;0
25/3/2016;446;5;3259;2;4810;384;9884;4710030;0;1.9;91217;1;0.580996299;0;0;93346;93346;891;239;16303;6.6;1392;33571;17.6;57;880;10383;248210;157001;"java=155496;py=117;xml=1388";80219;24.5;37833;34064;38.8;"0=157;5=194;10=225;20=85;30=98;60=31;90=89";3.3;142;0;1486;0;251;3025;5810;10714;0;10714;0
1/4/2016;445;5;3249;2;4780;381;9881;4710330;0;1.9;91142;1;0.580481622;0;0;93398;93398;891;239;16303;6.6;1391;33681;17.7;57;879;10383;248343;157011;"java=155506;py=117;xml=1388";80255;24.5;37865;34094;38.8;"0=156;5=193;10=226;20=84;30=98;60=32;90=89";3.3;143;0;1484;0;254;3019;5807;10707;0;10707;0
8/4/2016;448;5;3284;2;4750;378;9895;4720980;0;2;92382;1;0.587051841;0;0;93693;93693;896;243;16381;6.6;1394;33574;17.6;58;881;10455;248743;157366;"java=155861;py=117;xml=1388";80515;24.6;37977;34257;38.9;"0=151;5=201;10=222;20=86;30=99;60=29;90=92";3.3;142;0;1485;0;276;3007;5811;10721;0;10721;0
15/4/2016;447;5;3279;2;4670;370;9837;4732560;0;1.9;92253;1;0.584797657;0;0;93921;93921;901;245;16428;6.6;1401;33726;17.6;58;883;10487;249444;157752;"java=156247;py=117;xml=1388";80700;24.5;38088;34360;39;"0=150;5=201;10=224;20=86;30=100;60=30;90=91";3.3;142;0;1493;0;275;2997;5747;10654;0;10654;0
22/4/2016;448;5;3294;2;4670;370;9821;4742100;0;1.9;92186;1;0.583197318;0;0;94103;94103;903;245;16472;6.6;1402;33837;17.6;59;884;10506;249985;158070;"java=156557;py=117;xml=1396";80854;24.6;38183;34425;39;"0=149;5=202;10=223;20=88;30=100;60=30;90=91";3.3;141;0;1496;0;274;2997;5731;10639;0;10639;0
29/4/2016;452;5;3324;2;4670;370;9882;4759500;0;1.9;92481;1;0.582924677;0;0;94443;94443;901;244;16372;6.5;1415;34019;17.7;59;886;10559;251015;158650;"java=157137;py=117;xml=1396";81113;24.5;38312;34583;39.1;"0=149;5=203;10=224;20=86;30=103;60=29;90=91";3.3;142;0;1500;0;274;3010;5778;10704;0;10704;0
6/5/2016;452;5;3324;2;4670;370;9876;4762260;0;1.9;92419;1;0.582196268;0;0;94495;94495;898;244;16373;6.5;1413;34152;17.7;59;886;10569;251333;158742;"java=157212;py=117;xml=1413";81152;24.5;38332;34608;39.1;"0=149;5=203;10=224;20=86;30=103;60=29;90=91";3.3;142;0;1501;0;276;3008;5771;10698;0;10698;0
13/5/2016;465;5;3449;2;4670;370;10095;4793820;0;2;93691;1;0.586323642;0;0;95078;95078;908;246;16982;6.7;1419;34315;17.7;59;888;10785;252908;159794;"java=158264;py=117;xml=1413";81508;24.7;38526;34956;39.4;"0=149;5=203;10=224;20=86;30=102;60=30;90=93";3.2;141;0;1688;0;277;3025;5799;10930;0;10930;0
20/5/2016;466;5;3464;2;4840;386;10343;4856100;0;2;95187;1;0.588045963;0;0;96417;96417;921;250;17193;6.7;1432;34479;17.6;59;894;10908;255531;161870;"java=160253;py=117;xml=1500";82593;24.8;38994;35423;39.7;"0=150;5=203;10=225;20=87;30=103;60=29;90=96";3.2;142;0;1711;0;283;3056;6003;11195;0;11195;0
27/5/2016;466;5;3464;2;4840;386;10344;4856160;0;2;95197;1;0.588100474;0;0;96419;96419;921;250;17193;6.7;1432;34479;17.6;59;894;10908;255534;161872;"java=160255;py=117;xml=1500";82595;24.8;39002;35425;39.7;"0=150;5=203;10=225;20=87;30=103;60=29;90=96";3.2;142;0;1712;0;283;3056;6003;11196;0;11196;0
3/6/2016;468;5;3484;2;4870;388;10350;4868040;0;2;95349;1;0.587601992;0;0;96629;96629;921;250;17198;6.7;1437;34563;17.6;59;898;10925;256188;162268;"java=160663;py=117;xml=1488";82748;24.7;39131;35512;39.6;"0=152;5=204;10=225;20=88;30=103;60=29;90=96";3.2;142;0;1718;0;280;3054;6012;11206;0;11206;0
10/6/2016;455;5;3419;2;4930;392;10379;4886400;0;2;95432;1;0.585903733;0;0;96937;96937;916;247;16903;6.6;1452;34776;17.6;59;904;10982;257349;162880;"java=161255;py=117;xml=1508";82987;24.6;39170;35626;39.5;"0=153;5=210;10=221;20=92;30=102;60=29;90=96";3.2;141;0;1721;0;277;3059;6028;11226;0;11226;0
17/6/2016;472;5;3604;2;5640;440;10592;4943250;0;2;96642;1;0.586508876;0;0;98130;98130;922;248;16896;6.5;1466;34996;17.5;60;914;11109;260048;164775;"java=163124;py=117;xml=1534";83982;24.6;39575;36031;39.5;"0=152;5=211;10=226;20=92;30=106;60=28;90=98";3.2;141;0;1726;0;291;3114;6232;11504;0;11504;0
24/6/2016;478;5;3649;2;5670;443;10717;4975620;0;2;97630;1;0.588650259;0;0;98784;98784;914;243;16856;6.4;1479;35148;17.5;61;918;11171;261683;165854;"java=164216;py=117;xml=1521";84513;24.5;39779;36197;39.5;"0=152;5=213;10=227;20=93;30=106;60=29;90=97";3.2;141;0;1734;0;285;3116;6362;11638;0;11638;0
1/7/2016;478;5;3649;2;5670;443;10730;4978800;0;2;97697;1;0.588677995;0;0;98824;98824;912;243;16832;6.4;1484;35165;17.5;61;920;11184;261890;165960;"java=164322;py=117;xml=1521";84541;24.4;39798;36224;39.4;"0=153;5=214;10=227;20=92;30=107;60=29;90=97";3.2;141;0;1734;0;286;3119;6371;11651;0;11651;0
8/7/2016;479;5;3664;2;5750;450;10795;5002770;0;2;98190;1;0.588813797;0;0;99464;99464;918;246;16941;6.4;1488;35206;17.4;61;920;11216;262830;166759;"java=165121;py=117;xml=1521";85074;24.5;40194;36469;39.7;"0=152;5=214;10=227;20=92;30=107;60=29;90=98";3.2;141;0;1745;0;285;3132;6421;11724;0;11724;0
15/7/2016;498;5;3784;2;5860;461;11032;5154030;0;2;100819;1;0.586835932;0;0;102722;102722;937;252;17160;6.3;1539;36538;17.5;64;959;11556;271460;171801;"java=170163;py=117;xml=1521";87802;24.4;41573;37562;39.2;"0=160;5=222;10=236;20=98;30=110;60=31;90=101";3.2;149;0;1778;0;289;3185;6590;11991;0;11991;0
22/7/2016;499;5;3794;2;5890;463;11093;5193810;0;2;102283;1;0.590797507;0;0;103486;103486;937;253;17202;6.3;1550;36702;17.5;64;964;11659;273351;173127;"java=171489;py=117;xml=1521";88471;24.4;41835;37861;39.3;"0=164;5=220;10=239;20=97;30=111;60=30;90=102";3.2;150;0;1789;0;290;3202;6624;12055;0;12055;0
29/7/2016;511;5;3924;2;5935;466;11328;5280690;0;2;104331;1;0.592712316;0;0;105295;105295;937;254;17199;6.1;1568;38643;18;65;978;11971;279886;176023;"java=174392;py=117;xml=1514";89939;24.6;42377;38475;39.4;"0=165;5=223;10=238;20=99;30=118;60=31;90=103";3.2;153;0;1814;0;289;3272;6777;12305;0;12305;0
5/8/2016;510;5;3919;2;5905;463;11291;5270160;0;2;103511;1;0.58922879;0;0;105136;105136;937;254;17199;6.2;1565;38559;18;64;976;11915;279331;175672;"java=174041;py=117;xml=1514";89822;24.6;42361;38433;39.4;"0=165;5=223;10=236;20=100;30=117;60=32;90=102";3.2;153;0;1802;0;287;3264;6758;12264;0;12264;0
12/8/2016;513;5;3944;2;5905;463;11425;5291400;0;2;103857;1;0.588825264;0;0;105361;105361;937;253;17164;6.1;1577;38743;18;64;978;11967;280391;176380;"java=174414;py=452;xml=1514";90353;24.6;42319;38568;39.5;"0=165;5=224;10=236;20=99;30=117;60=34;90=102";3.2;154;0;1796;0;291;3272;6888;12401;0;12401;0
19/8/2016;509;5;3889;2;5875;461;11345;5277990;0;2;103567;1;0.588672961;0;0;105040;105040;930;252;17092;6.1;1579;38779;18.1;64;978;11954;279961;175933;"java=173966;py=452;xml=1515";90058;24.5;42171;38438;39.3;"0=166;5=224;10=237;20=99;30=115;60=34;90=102";3.2;154;0;1787;0;285;3263;6826;12315;0;12315;0
26/8/2016;526;5;3984;2;6055;475;11325;5287500;0;2;103617;1;0.587897872;0;0;105477;105477;932;253;17122;6.1;1571;39181;18.2;64;977;11982;280892;176250;"java=174612;py=120;xml=1518";90154;24.5;42251;38504;39.5;"0=165;5=225;10=236;20=100;30=112;60=35;90=103";3.2;154;0;1787;0;287;3272;6826;12326;0;12326;0
2/9/2016;527;5;3999;2;6075;477;11379;5320020;0;2;103943;1;0.586142533;0;0;106205;106205;936;256;17455;6.2;1578;39797;18.3;64;983;12096;283225;177334;"java=175696;py=120;xml=1518";90779;24.6;42455;38741;39.5;"0=167;5=225;10=239;20=100;30=113;60=34;90=104";3.2;154;0;1792;0;287;3282;6868;12383;0;12383;0
9/9/2016;527;5;3999;2;6075;477;11390;5321850;0;2;104028;1;0.586420136;0;0;106252;106252;933;257;17455;6.2;1578;39823;18.3;64;983;12102;283341;177395;"java=175757;py=120;xml=1518";90810;24.6;42488;38771;39.5;"0=166;5=226;10=239;20=100;30=113;60=34;90=104";3.2;158;0;1796;0;287;3286;6867;12394;0;12394;0
16/9/2016;528;5;3999;2;6075;477;11271;5315970;0;1.9;103623;1;0.58478321;0;0;106126;106126;932;252;17389;6.1;1574;39882;18.4;63;981;12095;283177;177199;"java=175561;py=120;xml=1518";90663;24.7;42616;38857;39.7;"0=165;5=225;10=239;20=102;30=112;60=33;90=104";3.2;159;0;1790;0;284;3263;6780;12276;0;12276;0
23/9/2016;533;5;4049;2;6075;477;11240;5340510;0;1.9;103623;1;0.582096092;0;0;106814;106814;957;254;18010;6.3;1576;39916;18.3;63;982;12117;283853;178017;"java=176353;py=120;xml=1544";90795;24.7;42745;38946;39.7;"0=166;5=224;10=240;20=101;30=112;60=34;90=104";3.2;159;0;1783;0;284;3260;6764;12250;0;12250;0
30/9/2016;535;5;4059;2;6075;477;11257;5354130;0;1.9;103757;1;0.58136616;0;0;107150;107150;956;253;17998;6.3;1576;40100;18.3;63;982;12144;284588;178471;"java=176807;py=120;xml=1544";91075;24.9;42980;39150;39.9;"0=166;5=224;10=238;20=101;30=112;60=36;90=104";3.2;160;0;1787;0;285;3268;6769;12269;0;12269;0
7/10/2016;534;5;4057;2;6075;477;11284;5368260;0;1.9;103865;1;0.580439472;0;0;107431;107431;956;253;18001;6.3;1585;40246;18.4;63;983;12181;285355;178942;"java=177278;py=120;xml=1544";91269;24.8;43094;39265;40;"0=166;5=223;10=238;20=103;30=111;60=37;90=104";3.2;160;0;1786;0;284;3270;6795;12295;0;12295;0
14/10/2016;534;5;4057;2;6075;477;11291;5373030;0;1.9;103939;1;0.580337352;0;0;107552;107552;958;253;18047;6.3;1586;40312;18.4;63;983;12192;285615;179101;"java=177437;py=120;xml=1544";91365;24.8;43154;39314;40;"0=166;5=223;10=238;20=103;30=110;60=38;90=104";3.2;161;0;1789;0;284;3271;6797;12302;0;12302;0
21/10/2016;534;5;4057;2;6075;477;11292;5373090;0;1.9;103941;1;0.580342038;0;0;107554;107554;958;253;18047;6.3;1586;40816;18.6;63;983;12192;286084;179103;"java=177439;py=120;xml=1544";91368;24.8;43154;39314;40;"0=166;5=223;10=238;20=103;30=110;60=38;90=104";3.2;161;0;1789;0;284;3271;6798;12303;0;12303;0
28/10/2016;534;5;4057;2;6075;477;11292;5372670;0;1.9;103941;1;0.580387405;0;0;107554;107554;958;253;18047;6.3;1586;40816;18.6;63;983;12192;286070;179089;"java=177439;py=120;xml=1530";91368;24.8;43154;39314;40;"0=166;5=223;10=238;20=103;30=110;60=38;90=104";3.2;161;0;1789;0;284;3271;6798;12303;0;12303;0
4/11/2016;534;5;4057;2;6075;477;11305;5374680;0;1.9;104013;1;0.580572239;0;0;107590;107590;958;253;18047;6.3;1586;40819;18.6;63;983;12192;286138;179156;"java=177486;py=120;xml=1550";91401;24.8;43187;39324;40;"0=166;5=223;10=238;20=103;30=110;60=38;90=104";3.2;161;0;1789;0;284;3272;6810;12316;0;12316;0
11/11/2016;534;5;4057;2;6105;479;11307;5375700;0;1.9;104064;1;0.580746693;0;0;107612;107612;958;253;17965;6.4;1587;39332;18;63;984;12196;282758;179190;"java=177520;py=120;xml=1550";91417;24.8;43203;39332;40;"0=167;5=223;10=238;20=103;30=110;60=38;90=104";3.2;161;0;1790;0;283;3272;6814;12320;0;12320;0
18/11/2016;530;5;4100;2;6165;486;11438;5417580;0;1.9;104681;1;0.57967395;0;0;108479;108479;960;255;17892;6.5;1595;34961;16.2;63;992;12272;274965;180586;"java=178843;py=120;xml=1623";92191;24.9;43484;39635;40;"0=169;5=227;10=238;20=104;30=111;60=37;90=105";3.2;161;0;1801;0;297;3314;6881;12454;0;12454;0
25/11/2016;530;5;4100;2;6165;486;11438;5417940;0;1.9;104681;1;0.579635433;0;0;108486;108486;960;255;17892;6.5;1595;34961;16.2;63;992;12272;274980;180598;"java=178855;py=120;xml=1623";92198;24.9;43490;39638;40;"0=169;5=227;10=238;20=104;30=111;60=37;90=105";3.2;161;0;1801;0;297;3314;6881;12454;0;12454;0
2/12/2016;530;5;4100;2;6165;486;11439;5418420;0;1.9;104686;1;0.579611769;0;0;108489;108489;960;255;17892;6.5;1595;34962;16.2;63;992;12275;275002;180614;"java=178862;py=120;xml=1632";92201;24.9;43487;39644;40;"0=169;5=227;10=238;20=104;30=111;60=37;90=105";3.2;161;0;1801;0;297;3315;6881;12455;0;12455;0
9/12/2016;529;5;4095;2;6225;488;11347;5373090;0;1.9;103920;1;0.580224787;0;0;107710;107710;947;246;17599;6.5;1560;34883;16.3;63;966;12134;272511;179103;"java=177278;py=120;xml=1705";91558;25.3;43264;39378;40.8;"0=159;5=217;10=236;20=101;30=110;60=37;90=105";3.2;160;0;1785;0;312;3270;6837;12364;0;12364;0
16/12/2016;526;5;4074;2;6225;488;11259;5301570;0;1.9;103169;1;0.583802534;0;0;106254;106254;935;244;17454;6.5;1558;34534;16.3;63;967;11855;269174;176719;"java=174894;py=120;xml=1705";90330;24.9;42912;38824;40.2;"0=166;5=214;10=239;20=102;30=105;60=37;90=103";3.3;166;0;1773;0;303;3232;6799;12273;0;12273;0
23/12/2016;526;5;4074;2;6225;488;11260;5301870;0;1.9;103184;1;0.583854376;0;0;106259;106259;935;244;17454;6.5;1558;34539;16.3;63;967;11856;269212;176729;"java=174903;py=120;xml=1706";90335;24.9;42912;38825;40.2;"0=166;5=214;10=239;20=102;30=105;60=37;90=103";3.3;166;0;1773;0;303;3232;6800;12274;0;12274;0
30/12/2016;526;5;4074;2;6225;488;11261;5301930;0;1.9;103194;1;0.583904352;0;0;106260;106260;935;244;17454;6.5;1558;34540;16.3;63;967;11856;269215;176731;"java=174905;py=120;xml=1706";90336;24.9;42917;38827;40.2;"0=166;5=214;10=239;20=102;30=105;60=37;90=103";3.3;166;0;1773;0;303;3233;6800;12275;0;12275;0
6/1/2017;528;5;4119;2;6275;493;11300;5326260;0;1.9;103524;1;0.583095831;0;0;106762;106762;933;243;17428;6.4;1567;34753;16.4;63;974;11910;270573;177542;"java=175713;py=120;xml=1709";90769;24.9;43087;39006;40.1;"0=166;5=217;10=240;20=105;30=105;60=37;90=103";3.3;167;0;1780;0;304;3247;6823;12321;0;12321;0
13/1/2017;528;5;4129;2;6255;492;11337;5337600;0;1.9;103810;1;0.583464478;0;0;107044;107044;940;243;17496;6.5;1567;34887;16.4;63;974;11933;271160;177920;"java=176091;py=120;xml=1709";91007;25;43204;39104;40.2;"0=166;5=217;10=240;20=105;30=105;60=36;90=104";3.3;164;0;1786;0;301;3247;6859;12357;0;12357;0
20/1/2017;529;5;4134;2;6255;492;11377;5340450;0;2;104422;1;0.586591018;0;0;107059;107059;942;243;17526;6.5;1567;34907;16.4;63;974;11934;271273;178015;"java=176153;py=120;xml=1742";91037;25;43225;39118;40.2;"0=166;5=217;10=240;20=105;30=105;60=36;90=104";3.3;162;0;1787;0;302;3245;6902;12398;0;12398;0
27/1/2017;530;5;4139;2;6295;496;11390;5346240;0;2;104599;1;0.586948959;0;0;107183;107183;942;243;17551;6.5;1568;34924;16.4;63;975;11938;271520;178208;"java=176348;py=120;xml=1740";91146;25;43298;39147;40.2;"0=166;5=217;10=241;20=105;30=105;60=36;90=104";3.3;162;0;1790;0;302;3251;6911;12416;0;12416;0
3/2/2017;529;5;4134;2;6315;498;11433;5358900;0;2;105001;1;0.587812797;0;0;107440;107440;946;245;17605;6.5;1571;35026;16.4;63;977;11957;272169;178630;"java=176760;py=120;xml=1750";91374;25;43470;39237;40.2;"0=165;5=218;10=241;20=106;30=105;60=37;90=104";3.3;162;0;1796;0;301;3261;6940;12460;0;12460;0
10/2/2017;534;5;4144;2;6225;489;11414;5371350;0;2;105462;1;0.589025105;0;0;107675;107675;962;248;17857;6.5;1577;35263;16.5;63;980;12001;273109;179045;"java=177174;py=120;xml=1751";91617;25;43515;39355;40.2;"0=166;5=219;10=239;20=104;30=112;60=35;90=104";3.3;160;0;1791;0;284;3257;6945;12437;0;12437;0
17/2/2017;534;5;4134;2;6195;488;11324;5376810;0;1.9;104506;1;0.583092949;0;0;107879;107879;960;247;17822;6.5;1579;35331;16.5;63;981;12034;273430;179227;"java=177512;py=120;xml=1595";91792;25;43583;39453;40.3;"0=166;5=220;10=239;20=103;30=112;60=36;90=104";3.3;158;0;1788;0;287;3244;6869;12346;0;12346;0
24/2/2017;533;5;4113;2;6405;502;11253;5340630;0;1.9;103902;1;0.583650244;0;0;107084;107084;962;245;17651;6.5;1575;35016;16.4;63;977;12006;271566;178021;"java=176306;py=120;xml=1595";91057;24.9;43077;39188;40.2;"0=167;5=216;10=240;20=101;30=113;60=36;90=103";3.3;157;0;1780;0;278;3190;6883;12288;0;12288;0
3/3/2017;537;5;4143;2;6525;510;11439;5461020;0;1.9;105586;1;0.580034499;0;0;109455;109455;974;254;17828;6.4;1618;35516;16.3;67;1005;12232;277222;182034;"java=180201;py=120;xml=1713";93110;24.9;44296;40315;40.2;"0=172;5=222;10=242;20=103;30=117;60=40;90=108";3.3;172;0;1806;0;281;3235;6992;12486;0;12486;0
10/3/2017;541;5;4173;2;6585;514;11601;5484240;0;1.9;106412;1;0.582097064;0;0;109978;109978;983;253;17902;6.4;1622;35795;16.4;67;1007;12269;278493;182808;"java=180988;py=120;xml=1700";93698;25;44620;40551;40.3;"0=172;5=222;10=242;20=104;30=118;60=40;90=108";3.3;172;0;1815;0;283;3251;7135;12656;0;12656;0
17/3/2017;543;5;4173;2;6605;516;12888;5493690;0;2;108138;1;0.590521125;0;0;110255;110255;973;249;17777;6.4;1629;35860;16.4;67;1008;12354;279005;183123;"java=181302;py=120;xml=1701";93871;25.1;44731;40782;40.5;"0=172;5=222;10=240;20=106;30=117;60=40;90=110";3.3;172;0;1838;0;276;3254;8407;13947;0;13947;0
24/3/2017;495;5;3888;2;6575;514;12872;5495550;0;2;107856;1;0.588781833;0;0;110178;110178;943;246;17427;6.2;1638;35878;16.4;67;1011;12393;279041;183185;"java=181363;py=120;xml=1702";93688;25;44738;40894;40.5;"0=171;5=222;10=244;20=106;30=117;60=40;90=110";3.3;124;0;1863;0;269;3219;8406;13881;0;13881;0
31/3/2017;492;5;3866;2;6575;514;12898;5511600;0;2;108230;1;0.589102983;0;0;110544;110544;945;248;17465;6.2;1640;35859;16.3;67;1011;12459;279611;183720;"java=181898;py=120;xml=1702";93990;25.1;45063;41170;40.8;"0=171;5=222;10=241;20=106;30=119;60=39;90=112";3.3;124;0;1867;0;270;3225;8418;13904;0;13904;0
7/4/2017;496;5;3896;2;6645;519;13041;5561280;0;2;109215;1;0.589153936;0;0;111548;111548;948;249;17461;6.2;1653;36038;16.3;67;1017;12596;281836;185376;"java=183542;py=120;xml=1714";94855;25.2;45508;41701;41;"0=171;5=222;10=242;20=106;30=121;60=41;90=113";3.3;124;0;1877;0;271;3243;8541;14056;0;14056;0
14/4/2017;497;5;3906;2;6665;521;13068;5584290;0;2;109360;1;0.587505305;0;0;112075;112075;944;247;17336;6.1;1656;36096;16.2;67;1018;12691;282813;186143;"java=184309;py=120;xml=1714";95268;25.4;45686;42009;41.3;"0=172;5=222;10=240;20=107;30=122;60=40;90=114";3.3;125;0;1879;0;272;3245;8565;14086;0;14086;0
21/4/2017;483;5;3701;2;6570;518;13139;5609730;0;2;110108;1;0.588841174;0;0;112704;112704;951;249;17410;6.1;1663;36354;16.3;67;1022;12764;284213;186991;"java=185140;py=120;xml=1731";95716;25.4;45868;42228;41.4;"0=172;5=222;10=243;20=106;30=123;60=41;90=114";3.3;126;0;1894;0;271;3251;8598;14140;0;14140;0
28/4/2017;486;5;3726;2;6640;524;13471;5617200;0;2;112645;1;0.601607562;0;0;113137;113137;945;248;17333;6.1;1667;36498;16.3;67;1026;12818;284778;187240;"java=185834;py=120;xml=1286";96094;25.5;46199;42422;41.4;"0=173;5=222;10=243;20=106;30=124;60=43;90=114";3.3;126;0;1910;0;273;3341;8831;14481;0;14481;0
5/5/2017;490;5;3741;2;6625;523;13511;5628060;0;2;112933;1;0.601981855;0;0;113393;113393;945;248;17333;6.1;1669;36651;16.3;67;1028;12835;285452;187602;"java=186195;py=120;xml=1287";96340;25.5;46322;42510;41.4;"0=174;5=223;10=241;20=107;30=125;60=43;90=114";3.3;127;0;1918;0;274;3343;8862;14524;0;14524;0
12/5/2017;491;5;3746;2;7465;588;13603;5655600;0;2;113702;1;0.603129641;0;0;114089;114089;953;250;17472;6.1;1670;36897;16.4;67;1029;12868;286862;188520;"java=187098;py=120;xml=1302";96949;25.6;46556;42706;41.5;"0=174;5=223;10=241;20=107;30=125;60=43;90=115";3.3;130;0;1936;0;274;3376;8966;14682;0;14682;0
19/5/2017;491;5;3746;2;7465;588;13624;5661120;0;2;113838;1;0.603262252;0;0;114235;114235;953;250;17472;6.1;1670;37024;16.4;67;1029;12882;287211;188704;"java=187282;py=120;xml=1302";97060;25.6;46573;42759;41.6;"0=173;5=223;10=242;20=107;30=125;60=43;90=115";3.3;130;0;1936;0;275;3380;8982;14703;0;14703;0
26/5/2017;493;5;3746;2;7475;588;13472;5635020;0;2;112945;1;0.601302214;0;0;113920;113920;957;251;17556;6.2;1668;36250;16.2;66;1021;12776;285035;187834;"java=186570;xml=1264";96646;25.6;46400;42678;41.8;"0=172;5=224;10=238;20=106;30=123;60=43;90=114";3.3;130;0;1918;0;235;3378;8892;14553;0;14553;0
2/6/2017;498;5;3786;2;7735;614;13837;5666580;0;2;114780;1;0.607668117;0;0;114534;114534;985;253;17743;6.2;1703;36478;16.2;66;1029;12862;286681;188886;"java=187614;xml=1272";97224;25.2;46706;42943;41.8;"0=172;5=224;10=240;20=108;30=126;60=42;90=116";3.3;131;0;1924;0;237;3427;9230;14949;0;14949;0
9/6/2017;490;5;3736;2;7675;610;13459;5554920;0;2;111296;1;0.601067162;0;0;112217;112217;971;250;17564;6.2;1680;35906;16.2;66;1013;12688;281197;185164;"java=183894;xml=1270";95090;25.2;45738;42258;41.8;"0=169;5=217;10=234;20=113;30=124;60=42;90=113";3.3;130;0;1880;0;224;3303;9022;14559;0;14559;0
16/6/2017;497;5;3791;2;7635;607;13483;5577930;0;2;111504;1;0.599706343;0;0;112638;112638;969;248;17524;6.2;1688;36000;16.2;66;1021;12789;282409;185931;"java=184639;xml=1292";95424;25.2;45947;42495;41.7;"0=170;5=219;10=236;20=113;30=126;60=43;90=113";3.3;130;0;1883;0;224;3301;9049;14587;0;14587;0
23/6/2017;494;5;3759;2;7605;605;13519;5585730;0;2;112153;1;0.602354571;0;0;112836;112836;966;247;17510;6.2;1688;36016;16.2;66;1022;12817;282695;186191;"java=184899;xml=1292";95613;25.3;46063;42642;41.8;"0=170;5=219;10=235;20=114;30=126;60=43;90=114";3.3;130;0;1883;0;229;3334;9042;14618;0;14618;0
30/6/2017;495;5;3764;2;7605;605;13535;5592330;0;2;112300;1;0.60243226;0;0;113012;113012;966;247;17510;6.2;1688;36024;16.2;66;1022;12832;282925;186411;"java=185119;xml=1292";95748;25.3;46144;42762;41.9;"0=170;5=219;10=235;20=113;30=127;60=43;90=114";3.3;130;0;1888;0;229;3339;9049;14635;0;14635;0
7/7/2017;495;5;3764;2;7605;605;13557;5605830;0;2;112515;1;0.602132066;0;0;113322;113322;969;247;17540;6.2;1692;36122;16.2;66;1026;12875;283670;186861;"java=185569;xml=1292";95991;25.4;46244;42897;41.9;"0=171;5=221;10=236;20=112;30=128;60=42;90=115";3.3;133;0;1889;0;227;3342;9066;14657;0;14657;0
14/7/2017;495;5;3759;2;7605;605;13560;5616480;0;2;112591;1;0.601396248;0;0;113593;113593;973;247;17612;6.2;1693;36246;16.2;66;1027;12884;284240;187216;"java=185924;xml=1292";96223;25.4;46452;43065;42;"0=171;5=221;10=237;20=111;30=127;60=44;90=115";3.3;134;0;1896;0;225;3330;9075;14660;0;14660;0
21/7/2017;497;5;3774;2;7665;610;13567;5626680;0;2;112698;1;0.600876538;0;0;113849;113849;979;244;17653;6.2;1695;36259;16.2;66;1027;12922;284607;187556;"java=186263;xml=1293";96426;25.5;46592;43209;42.1;"0=171;5=221;10=237;20=112;30=126;60=45;90=114";3.3;137;0;1902;0;219;3331;9085;14674;0;14674;0
28/7/2017;500;5;3804;2;7665;610;13567;5627700;0;2;112720;1;0.600884909;0;0;113873;113873;979;244;17653;6.2;1695;36257;16.2;66;1027;12930;284635;187590;"java=186297;xml=1293";96456;25.5;46612;43241;42.1;"0=171;5=220;10=238;20=112;30=126;60=45;90=114";3.3;137;0;1903;0;219;3334;9084;14677;0;14677;0
4/8/2017;508;5;3854;2;7795;622;13694;5684160;0;2;113911;1;0.601202288;0;0;115156;115156;1000;245;18602;6.5;1709;36539;16.2;67;1032;13063;287187;189472;"java=188179;xml=1293";97604;25.7;47287;43883;42.6;"0=171;5=220;10=239;20=111;30=128;60=47;90=115";3.3;137;0;1918;0;222;3351;9196;14824;0;14824;0
11/8/2017;505;5;3854;2;7795;622;13682;5696370;0;2;113948;1;0.60010849;0;0;115389;115389;1000;245;18576;6.5;1715;36594;16.2;67;1034;13110;287736;189879;"java=188586;xml=1293";97782;25.7;47433;44037;42.6;"0=171;5=220;10=240;20=111;30=128;60=48;90=115";3.3;137;0;1923;0;221;3358;9170;14809;0;14809;0
18/8/2017;506;5;3859;2;7795;622;13681;5703300;0;2;113949;1;0.599384567;0;0;115548;115548;1001;246;18588;6.5;1716;36638;16.2;67;1034;13128;288065;190110;"java=188793;xml=1317";97902;25.7;47498;44102;42.7;"0=171;5=220;10=240;20=110;30=128;60=49;90=115";3.3;137;0;1926;0;221;3358;9167;14809;0;14809;0
25/8/2017;518;5;3926;2;7725;618;13724;5715030;0;2;114360;1;0.600311809;0;0;115723;115723;1012;251;18604;6.4;1719;36679;16.1;67;1037;13211;288624;190501;"java=189183;xml=1318";98108;25.8;47607;44274;42.7;"0=171;5=218;10=243;20=111;30=129;60=48;90=116";3.3;137;0;1932;0;217;3362;9212;14860;0;14860;0
1/9/2017;504;5;3776;2;7665;614;13699;5699850;0;2;113612;1;0.597973631;0;0;115609;115609;990;249;17885;6.2;1720;36723;16.2;67;1038;13208;288023;189995;"java=188676;xml=1319";98006;25.7;47501;44254;42.7;"0=171;5=218;10=243;20=113;30=128;60=48;90=116";3.3;136;0;1930;0;218;3354;9179;14817;0;14817;0
8/9/2017;521;5;3851;2;7665;614;13793;5697480;0;2;113821;1;0.599322859;0;0;115524;115524;986;249;17784;6.2;1722;36805;16.2;67;1039;13213;287994;189916;"java=188531;xml=1385";97952;25.7;47321;44244;42.6;"0=171;5=218;10=243;20=113;30=127;60=49;90=117";3.3;136;0;1922;0;215;3358;9297;14928;0;14928;0
15/9/2017;514;5;3791;2;8035;639;13900;5753520;0;2;114892;1;0.599069787;0;0;116928;116928;990;250;17975;6.2;1732;37127;16.2;68;1042;13309;290581;191784;"java=190372;xml=1412";99136;25.8;47783;44653;42.9;"0=171;5=219;10=241;20=114;30=127;60=51;90=118";3.3;136;0;1936;0;217;3402;9362;15053;0;15053;0
22/9/2017;523;5;3841;2;8045;640;13916;5763390;0;2;115037;1;0.598798624;0;0;117216;117216;993;250;17964;6.2;1729;37176;16.2;68;1040;13344;290985;192113;"java=190722;xml=1391";99426;26;47910;44875;43.2;"0=171;5=218;10=239;20=115;30=127;60=51;90=118";3.3;136;0;1939;0;218;3411;9375;15079;0;15079;0
29/9/2017;532;5;3906;2;8015;637;13926;5769510;0;2;115077;1;0.598371439;0;0;117334;117334;991;250;17939;6.2;1731;37213;16.2;68;1042;13363;291292;192317;"java=190926;xml=1391";99473;26;47981;44952;43.2;"0=171;5=219;10=239;20=116;30=127;60=51;90=118";3.3;142;0;1940;0;215;3415;9383;15095;0;15095;0
6/10/2017;531;5;3901;2;8045;639;13921;5770350;0;2;114888;1;0.597301723;0;0;117349;117349;975;248;17763;6.1;1732;37214;16.2;68;1042;13366;291299;192345;"java=190954;xml=1391";99484;26;47963;44949;43.2;"0=172;5=219;10=239;20=114;30=128;60=51;90=118";3.3;142;0;1938;0;214;3412;9385;15091;0;15091;0
13/10/2017;525;5;3836;2;8015;636;12561;5779020;0;2;113145;1;0.587357372;0;0;117422;117422;1005;249;17990;6.2;1735;37223;16.2;68;1043;13416;291425;192634;"java=191243;xml=1391";99460;26;47755;45046;43.2;"0=172;5=219;10=240;20=113;30=128;60=52;90=118";3.3;141;0;1942;0;212;3341;8086;13722;0;13722;0
20/10/2017;519;5;3791;2;8095;644;12561;5784840;0;2;112841;1;0.58518991;0;0;117511;117511;991;249;17896;6.1;1737;37268;16.2;68;1044;13451;291668;192828;"java=191437;xml=1391";99481;26;47737;45137;43.3;"0=172;5=219;10=240;20=113;30=128;60=53;90=118";3.3;141;0;1938;0;211;3339;8095;13724;0;13724;0
27/10/2017;520;5;3796;2;8215;652;12677;5803320;0;2;113468;1;0.586567689;0;0;117820;117820;990;249;17880;6.1;1742;37360;16.2;68;1048;13529;292523;193444;"java=192053;xml=1391";99736;26;47920;45310;43.3;"0=173;5=220;10=239;20=113;30=130;60=54;90=118";3.3;142;0;1947;0;212;3357;8191;13849;0;13849;0
3/11/2017;523;5;3811;2;8215;652;12681;5816400;0;2;113510;1;0.585465236;0;0;118153;118153;990;249;17880;6.1;1743;37416;16.2;68;1049;13568;293073;193880;"java=192477;xml=1403";100025;26.1;48082;45485;43.4;"0=172;5=219;10=240;20=113;30=133;60=52;90=119";3.3;138;0;1954;0;212;3366;8186;13856;0;13856;0
10/11/2017;520;5;3791;2;7855;617;12672;5810340;0;1.9;113218;1;0.584568201;0;0;118031;118031;984;249;17695;6;1743;37363;16.2;68;1049;13556;292634;193678;"java=192275;xml=1403";99921;26.1;48101;45533;43.4;"0=174;5=217;10=237;20=115;30=134;60=54;90=117";3.3;140;0;1949;0;212;3373;8135;13809;0;13809;0
17/11/2017;521;5;3801;2;7805;614;12700;5829480;0;1.9;113372;1;0.583441405;0;0;118440;118440;986;249;17730;6;1757;37422;16.1;68;1050;13610;293458;194316;"java=192913;xml=1403";100242;26;48186;45696;43.6;"0=175;5=217;10=237;20=114;30=134;60=54;90=118";3.3;141;0;1950;0;208;3381;8155;13835;0;13835;0
24/11/2017;519;5;3781;2;7805;614;12701;5830470;0;1.9;113376;1;0.583362919;0;0;118459;118459;984;249;17684;6;1757;37453;16.2;68;1050;13615;293533;194349;"java=192946;xml=1403";100248;26;48212;45719;43.6;"0=175;5=217;10=237;20=114;30=134;60=54;90=118";3.3;142;0;1950;0;208;3379;8155;13834;0;13834;0
1/12/2017;519;5;3781;2;7765;610;12715;5832120;0;1.9;113575;1;0.584221518;0;0;118530;118530;986;249;17712;6;1758;37488;16.2;68;1051;13627;293654;194404;"java=193001;xml=1403";100294;26;48225;45765;43.6;"0=175;5=218;10=237;20=114;30=134;60=54;90=118";3.3;141;0;1950;0;210;3390;8153;13844;0;13844;0
8/12/2017;523;5;3831;2;7765;610;12718;5834310;0;1.9;113488;1;0.583554868;0;0;118584;118584;979;245;17599;6;1758;37501;16.2;68;1051;13638;293745;194477;"java=193074;xml=1403";100335;26;48229;45793;43.6;"0=175;5=217;10=238;20=113;30=135;60=54;90=118";3.3;141;0;1950;0;212;3389;8159;13851;0;13851;0
15/12/2017;527;5;3861;2;7765;610;12721;5843850;0;1.9;113547;1;0.582905105;0;0;118783;118783;979;245;17531;6;1764;37565;16.2;68;1056;13715;294374;194795;"java=193392;xml=1403";100490;26;48270;45891;43.5;"0=177;5=217;10=239;20=112;30=138;60=54;90=118";3.3;142;0;1950;0;211;3393;8162;13858;0;13858;0
22/12/2017;526;5;3851;2;7765;610;12721;5843970;0;1.9;113544;1;0.582877736;0;0;118793;118793;979;245;17531;6;1764;37568;16.2;68;1056;13716;294384;194799;"java=193396;xml=1403";100497;26;48275;45900;43.5;"0=177;5=217;10=239;20=112;30=138;60=54;90=118";3.3;141;0;1950;0;211;3393;8162;13857;0;13857;0
29/12/2017;528;5;3871;2;7765;610;12658;5848050;0;1.9;112626;1;0.577761818;0;0;119040;119040;983;245;17580;6;1764;37450;16.1;68;1056;13725;294317;194935;"java=193532;xml=1403";100727;26.1;48372;45967;43.6;"0=177;5=217;10=239;20=112;30=137;60=55;90=118";3.3;141;0;1956;0;210;3311;8178;13796;0;13796;0
5/1/2018;526;5;3861;2;7765;610;12614;5825730;0;1.8;106822;1;0.550087285;0;0;118739;118739;974;238;17437;6;1742;37328;16.1;68;1034;13690;292772;194191;"java=192788;xml=1403";100467;26.3;48330;45867;44.4;"0=172;5=202;10=235;20=114;30=137;60=55;90=118";3.3;140;0;1949;0;204;3286;8171;13750;0;13750;0
12/1/2018;521;5;3801;2;7715;605;12553;5829300;0;1.8;106603;1;0.548623334;0;0;118920;118920;978;239;17539;6;1743;37232;16.1;68;1037;13706;292729;194310;"java=192907;xml=1403";100581;26.4;48354;45943;44.3;"0=172;5=208;10=235;20=112;30=133;60=57;90=119";3.3;140;0;1946;0;204;3256;8133;13679;0;13679;0
19/1/2018;535;5;3956;2;7695;603;12631;5843640;0;1.8;106957;1;0.5490944;0;0;119240;119240;978;238;17526;6;1756;37272;16.1;68;1040;13738;293333;194788;"java=193385;xml=1403";100862;26.3;48549;46140;44.4;"0=171;5=206;10=239;20=112;30=135;60=57;90=119";3.3;141;0;1956;0;205;3280;8187;13769;0;13769;0
26/1/2018;536;5;3971;2;7695;603;12648;5849040;0;1.8;107174;1;0.549700464;0;0;119433;119433;979;237;17476;6;1760;37278;16.1;68;1041;13781;293551;194968;"java=193565;xml=1403";101021;26.3;48619;46266;44.5;"0=170;5=207;10=239;20=112;30=136;60=57;90=119";3.3;141;0;1965;0;204;3281;8196;13787;0;13787;0
2/2/2018;539;5;3996;2;7845;613;12660;5858340;0;1.8;107294;1;0.549442333;0;0;119647;119647;979;237;17476;5.9;1762;37305;16;68;1042;13815;293946;195278;"java=193875;xml=1403";101178;26.3;48751;46384;44.6;"0=169;5=209;10=239;20=111;30=136;60=58;90=119";3.3;142;0;1963;0;205;3282;8220;13812;0;13812;0
9/2/2018;540;5;4001;2;7875;615;12595;5860890;0;1.8;107056;1;0.547985033;0;0;119756;119756;977;236;17409;5.9;1759;37257;16;68;1042;13831;293930;195363;"java=193960;xml=1403";101212;26.4;48790;46475;44.6;"0=169;5=209;10=239;20=111;30=136;60=58;90=119";3.3;142;0;1967;0;204;3225;8212;13750;0;13750;0
16/2/2018;538;5;3976;2;7875;615;12603;5865030;0;1.8;107208;1;0.548375712;0;0;119845;119845;983;236;17406;5.9;1759;37295;16;68;1042;13847;294130;195501;"java=194098;xml=1403";101300;26.5;48845;46548;44.7;"0=169;5=208;10=240;20=111;30=136;60=58;90=119";3.3;142;0;1968;0;205;3222;8219;13756;0;13756;0
23/2/2018;540;5;3996;2;7875;615;12621;5869590;0;1.8;107428;1;0.549074126;0;0;119949;119949;983;236;17404;5.9;1759;37335;16;68;1042;13859;294355;195653;"java=194250;xml=1403";101374;26.5;48919;46634;44.8;"0=169;5=208;10=240;20=111;30=136;60=57;90=120";3.3;142;0;1973;0;205;3233;8223;13776;0;13776;0
2/3/2018;545;5;4036;2;7885;617;12702;5885340;0;1.8;108074;1;0.550897654;0;0;120296;120296;983;237;17406;5.9;1763;37426;16;68;1042;13888;295022;196178;"java=194775;xml=1403";101687;26.6;49262;46837;45;"0=169;5=207;10=240;20=110;30=138;60=57;90=120";3.4;143;0;1983;0;208;3255;8275;13864;0;13864;0
9/3/2018;546;5;4046;2;7885;617;12714;5894550;0;1.8;108313;1;0.551253276;0;0;120514;120514;990;237;17543;5.9;1763;37452;16;68;1043;13899;295403;196485;"java=195064;xml=1421";101905;26.6;49379;46917;45;"0=169;5=208;10=239;20=111;30=138;60=55;90=122";3.4;143;0;1985;0;208;3256;8285;13877;0;13877;0
16/3/2018;548;5;4066;2;7885;617;12709;5892690;0;1.8;108154;1;0.550617799;0;0;120466;120466;983;237;17390;5.9;1763;37459;16;68;1043;13915;295349;196423;"java=195018;xml=1405";101830;26.6;49319;46941;45;"0=169;5=208;10=239;20=111;30=138;60=55;90=122";3.4;143;0;1985;0;208;3259;8279;13874;0;13874;0
23/3/2018;542;5;4036;2;7825;613;12366;5742810;0;1.9;106585;1;0.556791884;0;0;119614;119614;989;238;17267;6;1737;36195;15.9;65;1024;13819;287736;191427;"java=190023;xml=1404";101109;26.9;48994;46653;45.6;"0=161;5=202;10=239;20=110;30=135;60=54;90=122";3.4;139;0;1976;0;196;3215;7995;13521;0;13521;0
30/3/2018;527;5;3941;2;7810;612;12358;5729070;0;1.9;106088;1;0.555524719;0;0;119329;119329;977;235;16988;5.9;1737;36130;15.9;65;1023;13836;287095;190969;"java=189565;xml=1404";100807;26.8;48612;46626;45.6;"0=159;5=204;10=236;20=113;30=134;60=55;90=121";3.4;138;0;1971;0;195;3213;7980;13497;0;13497;0
6/4/2018;528;5;3946;2;7780;610;12361;5726850;0;1.9;106077;1;0.555682443;0;0;119314;119314;979;235;16984;5.9;1740;36182;15.9;65;1025;13861;287091;190895;"java=189491;xml=1404";100773;26.8;48624;46669;45.6;"0=161;5=204;10=236;20=113;30=134;60=55;90=121";3.3;139;0;1973;0;195;3211;7981;13499;0;13499;0
13/4/2018;528;5;3946;2;7780;610;12345;5726940;0;1.9;105983;1;0.555181301;0;0;119316;119316;979;235;16984;5.9;1740;36177;15.9;65;1025;13863;287077;190898;"java=189494;xml=1404";100775;26.8;48611;46675;45.6;"0=161;5=204;10=236;20=113;30=134;60=55;90=121";3.3;139;0;1970;0;195;3204;7975;13483;0;13483;0
20/4/2018;528;5;3946;2;7720;606;12334;5729550;0;1.8;105839;1;0.554174412;0;0;119411;119411;975;235;16924;5.9;1741;36190;15.9;65;1025;13881;287161;190985;"java=189581;xml=1404";100834;26.9;48645;46766;45.7;"0=161;5=204;10=236;20=112;30=135;60=55;90=121";3.3;139;0;1966;0;191;3204;7968;13468;0;13468;0
27/4/2018;528;5;3946;2;7750;608;12330;5733900;0;1.8;105623;1;0.552623869;0;0;119484;119484;975;235;16873;5.9;1739;36240;15.9;65;1026;13911;287378;191130;"java=189726;xml=1404";100876;26.9;48699;46847;45.7;"0=160;5=202;10=239;20=112;30=137;60=54;90=121";3.3;138;0;1966;0;191;3187;7984;13466;0;13466;0
4/5/2018;535;5;3981;2;7750;608;12349;5750220;0;1.8;105777;1;0.551858885;0;0;119822;119822;977;237;16919;5.9;1748;36340;15.9;66;1033;13972;288264;191674;"java=190270;xml=1404";101143;26.9;48874;46983;45.5;"0=161;5=204;10=240;20=114;30=138;60=54;90=121";3.3;138;0;1972;0;191;3189;8002;13492;0;13492;0
11/5/2018;535;5;3981;2;7750;608;12380;5761230;0;1.8;106261;1;0.55332455;0;0;120060;120060;973;236;16778;5.8;1750;36392;15.9;66;1035;14018;288768;192041;"java=190637;xml=1404";101309;26.9;48963;47151;45.6;"0=161;5=205;10=240;20=115;30=137;60=55;90=121";3.3;139;0;1971;0;192;3202;8019;13523;0;13523;0
18/5/2018;536;5;3991;2;7750;608;12371;5768160;0;1.8;106161;1;0.552139677;0;0;120178;120178;976;235;16761;5.8;1758;36421;15.9;66;1037;14036;289094;192272;"java=190868;xml=1404";101415;26.9;49029;47223;45.6;"0=162;5=205;10=241;20=114;30=138;60=55;90=121";3.3;139;0;1962;0;192;3199;8023;13515;0;13515;0
25/5/2018;536;5;3991;2;7750;608;12373;5768790;0;1.8;106159;1;0.552068978;0;0;120191;120191;974;235;16693;5.8;1758;36420;15.9;66;1037;14043;289063;192293;"java=190865;xml=1428";101435;26.9;49042;47239;45.6;"0=162;5=205;10=241;20=114;30=138;60=55;90=121";3.3;137;0;1963;0;192;3198;8027;13517;0;13517;0
1/6/2018;553;5;4136;2;7960;622;12620;5834430;0;1.8;107538;1;0.552948617;0;0;121731;121731;981;236;16794;5.7;1770;36862;15.9;67;1045;14162;292102;194481;"java=193093;xml=1388";102787;27;49581;47751;45.7;"0=162;5=206;10=242;20=115;30=142;60=54;90=123";3.3;138;0;1973;0;198;3252;8234;13795;0;13795;0
8/6/2018;559;5;4196;2;7960;622;12621;5848530;0;1.8;107680;1;0.552343922;0;0;122029;122029;985;237;16838;5.8;1771;36904;15.9;67;1047;14193;292712;194951;"java=193563;xml=1388";103083;27.1;49773;47924;45.8;"0=164;5=204;10=243;20=114;30=143;60=55;90=123";3.3;138;0;1977;0;197;3255;8235;13802;0;13802;0
15/6/2018;570;5;4256;2;7960;622;12634;5868210;0;1.8;107727;1;0.550731825;0;0;122510;122510;982;236;16778;5.7;1778;36985;15.9;67;1054;14223;293671;195607;"java=194219;xml=1388";103506;27.1;49888;48115;45.7;"0=169;5=205;10=243;20=114;30=144;60=55;90=123";3.4;138;0;1982;0;195;3254;8257;13826;0;13826;0
22/6/2018;574;5;4306;2;7960;622;12654;5874780;0;1.8;107887;1;0.550932971;0;0;122678;122678;982;236;16778;5.7;1776;37003;15.9;67;1054;14246;293947;195826;"java=194438;xml=1388";103645;27.2;49984;48220;45.8;"0=169;5=204;10=243;20=112;30=147;60=55;90=123";3.4;139;0;1983;0;195;3267;8266;13850;0;13850;0
29/6/2018;571;5;4286;2;7960;622;12669;5882760;0;1.8;108014;1;0.550833282;0;0;122853;122853;982;236;16778;5.7;1777;37037;15.9;67;1055;14260;294303;196092;"java=194704;xml=1388";103808;27.2;50065;48306;45.8;"0=169;5=204;10=242;20=113;30=147;60=56;90=123";3.4;139;0;1985;0;195;3271;8272;13862;0;13862;0
6/7/2018;571;5;4286;2;7990;624;12682;5887530;0;1.8;108153;1;0.551095281;0;0;122971;122971;982;236;16778;5.7;1777;37060;15.9;67;1055;14273;294526;196251;"java=194863;xml=1388";103911;27.2;50113;48353;45.9;"0=169;5=204;10=242;20=114;30=146;60=56;90=123";3.4;139;0;1989;0;195;3274;8280;13877;0;13877;0
13/7/2018;577;5;4341;2;8030;627;12723;5905890;0;1.8;108325;1;0.550255762;0;0;123281;123281;982;236;16778;5.7;1794;37083;15.9;68;1067;14350;295538;196863;"java=195475;xml=1388";104170;27;50213;48516;45.5;"0=175;5=206;10=244;20=114;30=147;60=57;90=123";3.3;139;0;1995;0;199;3281;8313;13927;0;13927;0
20/7/2018;589;5;4446;2;8030;627;12796;5938290;0;1.8;108894;1;0.550128067;0;0;124017;124017;982;235;16768;5.6;1803;37317;15.9;69;1076;14464;297212;197943;"java=196555;xml=1388";104793;27.1;50499;48921;45.5;"0=177;5=210;10=246;20=111;30=151;60=57;90=123";3.3;140;0;2005;0;199;3302;8366;14012;0;14012;0
27/7/2018;589;5;4471;2;8030;627;12861;5954880;0;1.8;109213;1;0.550202523;0;0;124355;124355;984;235;16616;5.6;1806;37372;15.8;69;1077;14543;297907;198496;"java=197108;xml=1388";105068;27.2;50559;49073;45.6;"0=176;5=208;10=249;20=112;30=151;60=57;90=123";3.3;141;0;2011;0;196;3306;8423;14077;0;14077;0
3/8/2018;595;5;4501;2;8410;652;12953;5973270;0;1.8;109657;1;0.55073854;0;0;124799;124799;980;231;16548;5.5;1810;37484;15.8;69;1080;14590;298761;199109;"java=197721;xml=1388";105415;27.2;50719;49310;45.7;"0=176;5=210;10=248;20=114;30=149;60=58;90=124";3.3;142;0;2023;0;196;3320;8519;14200;0;14200;0
10/8/2018;595;5;4501;2;8530;660;12996;5999070;0;1.8;109951;1;0.549840225;0;0;125388;125388;988;237;16673;5.6;1815;37543;15.8;69;1082;14673;299830;199969;"java=198581;xml=1388";105885;27.3;50857;49537;45.8;"0=175;5=210;10=251;20=113;30=148;60=58;90=126";3.3;142;0;2028;0;200;3330;8551;14251;0;14251;0
