date;bugs;reliability_rating;reliability_remediation_effort;security_rating;security_remediation_effort;vulnerabilities;code_smells;development_cost;effort_to_reach_maintainability_rating_a;new_sqale_debt_ratio;sqale_debt_ratio;sqale_index;sqale_rating;normalized_td;coverage;line_coverage;lines_to_cover;uncovered_lines;duplicated_blocks;duplicated_files;duplicated_lines;duplicated_lines_density;classes;comment_lines;comment_lines_density;directories;files;functions;lines;ncloc;ncloc_language_distribution;statements;class_complexity;cognitive_complexity;complexity;file_complexity;file_complexity_distribution;function_complexity;function_complexity_distribution;blocker_violations;confirmed_issues;critical_violations;false_positive_issues;info_violations;major_violations;minor_violations;open_issues;reopened_issues;violations;wont_fix_issues
25/12/2015;382;5;3127;2;2460;225;13985;5171580;0;0;2.8;146060;1;0.847284582;0;0;105134;105134;489;104;9365;3.4;1563;40121;18.9;110;1092;17535;277069;172386;java=172386;88612;30.4;38097;47461;43.5;"0=326;5=188;10=172;20=113;30=149;60=51;90=93";2.6;"1=10426;2=3459;4=1186;6=526;8=282;10=182;12=494";137;0;1191;0;932;5068;7264;14592;0;14592;0
1/1/2016;378;5;3111;2;2460;225;13988;5172960;0;0;2.8;146081;1;0.847180338;0;0;105159;105159;489;104;9365;3.4;1563;40117;18.9;110;1092;17539;277109;172432;java=172432;88638;30.4;38105;47475;43.5;"0=326;5=188;10=171;20=114;30=148;60=52;90=93";2.6;"1=10428;2=3460;4=1186;6=525;8=284;10=183;12=493";137;0;1193;0;933;5064;7264;14591;0;14591;0
8/1/2016;380;5;3133;2;2460;225;13927;5172870;0;0;2.8;145923;1;0.846278758;0;0;105155;105155;489;104;9375;3.4;1563;40117;18.9;110;1092;17539;277105;172429;java=172429;88631;30.4;38104;47474;43.5;"0=326;5=188;10=171;20=114;30=148;60=52;90=93";2.6;"1=10428;2=3460;4=1186;6=524;8=285;10=183;12=493";138;0;1192;0;933;5064;7205;14532;0;14532;0
15/1/2016;380;5;3133;2;2460;225;13938;5177220;0;0;2.8;146044;1;0.846268847;0;0;105256;105256;491;106;9421;3.4;1563;40125;18.9;110;1092;17542;277267;172574;java=172574;88721;30.4;38181;47525;43.5;"0=326;5=188;10=171;20=114;30=148;60=52;90=93";2.7;"1=10429;2=3460;4=1186;6=522;8=286;10=183;12=496";138;0;1197;0;933;5065;7210;14543;0;14543;0
22/1/2016;380;5;3133;2;2460;225;13937;5177580;0;0;2.8;146036;1;0.846163652;0;0;105264;105264;491;106;9421;3.4;1563;40125;18.9;110;1092;17544;277278;172586;java=172586;88727;30.4;38181;47527;43.5;"0=326;5=188;10=171;20=114;30=148;60=52;90=93";2.7;"1=10430;2=3460;4=1187;6=523;8=285;10=183;12=496";138;0;1196;0;933;5065;7210;14542;0;14542;0
29/1/2016;380;5;3133;2;2460;225;13932;5178090;0;0;2.8;146024;1;0.846010788;0;0;105270;105270;491;106;9421;3.4;1563;40129;18.9;110;1092;17545;277297;172603;java=172603;88733;30.4;38181;47536;43.5;"0=326;5=188;10=171;20=114;30=148;60=52;90=93";2.7;"1=10431;2=3460;4=1187;6=523;8=285;10=183;12=496";138;0;1196;0;937;5057;7209;14537;0;14537;0
5/2/2016;380;5;3133;2;2460;225;13935;5182830;0;0;2.8;146042;1;0.845341252;0;0;105326;105326;491;106;9421;3.4;1566;40198;18.9;110;1095;17564;277642;172761;java=172761;88789;30.4;38201;47567;43.4;"0=327;5=190;10=171;20=114;30=148;60=52;90=93";2.6;"1=10440;2=3469;4=1187;6=523;8=285;10=183;12=496";138;0;1196;0;937;5060;7209;14540;0;14540;0
12/2/2016;380;5;3133;2;2460;225;13936;5183340;0;0;2.8;146072;1;0.84543171;0;0;105338;105338;491;106;9421;3.4;1567;40210;18.9;110;1095;17565;277674;172778;java=172778;88799;30.4;38206;47570;43.4;"0=327;5=190;10=171;20=114;30=148;60=52;90=93";2.6;"1=10441;2=3469;4=1186;6=524;8=285;10=183;12=496";138;0;1196;0;937;5061;7209;14541;0;14541;0
19/2/2016;380;5;3133;2;2460;225;13936;5183400;0;0;2.8;146075;1;0.845439287;0;0;105338;105338;491;106;9421;3.4;1567;40210;18.9;110;1095;17565;277676;172780;java=172780;88796;30.4;38209;47566;43.4;"0=327;5=190;10=171;20=114;30=148;60=52;90=93";2.6;"1=10441;2=3469;4=1186;6=524;8=285;10=183;12=496";138;0;1196;0;937;5062;7208;14541;0;14541;0
26/2/2016;380;5;3133;2;2460;225;13936;5183610;0;0;2.8;146075;1;0.845405036;0;0;105343;105343;491;106;9421;3.4;1567;40210;18.9;110;1095;17565;277683;172787;java=172787;88801;30.4;38212;47568;43.4;"0=327;5=190;10=171;20=114;30=148;60=52;90=93";2.6;"1=10441;2=3469;4=1185;6=524;8=286;10=183;12=496";138;0;1196;0;937;5062;7208;14541;0;14541;0
4/3/2016;378;5;3103;2;2460;225;13936;5183610;0;0;2.8;146076;1;0.845410824;0;0;105337;105337;491;106;9431;3.4;1567;40744;19.1;110;1095;17565;278359;172787;java=172787;88795;30.4;38208;47569;43.4;"0=327;5=190;10=171;20=114;30=148;60=52;90=93";2.6;"1=10441;2=3468;4=1186;6=525;8=285;10=183;12=496";138;0;1195;0;937;5059;7210;14539;0;14539;0
11/3/2016;376;5;3078;2;2460;225;13829;5177340;0;0;2.8;145411;1;0.842581326;0;0;105193;105193;485;103;9383;3.4;1566;40689;19.1;110;1095;17552;278054;172578;java=172578;88677;30.3;38161;47517;43.4;"0=327;5=191;10=171;20=113;30=148;60=52;90=93";2.6;"1=10436;2=3464;4=1185;6=522;8=285;10=183;12=495";138;0;1193;0;936;4990;7173;14430;0;14430;0
18/3/2016;376;5;3078;2;2460;225;13832;5178000;0;0;2.8;145446;1;0.842676709;0;0;105210;105210;485;103;9383;3.4;1566;40689;19.1;110;1095;17554;278078;172600;java=172600;88703;30.4;38171;47529;43.4;"0=327;5=190;10=171;20=114;30=148;60=52;90=93";2.6;"1=10436;2=3465;4=1185;6=522;8=285;10=184;12=495";138;0;1193;0;936;4991;7175;14433;0;14433;0
25/3/2016;376;5;3078;2;2460;225;13832;5178000;0;0;2.8;145446;1;0.842676709;0;0;105210;105210;485;103;9383;3.4;1566;40689;19.1;110;1095;17554;278078;172600;java=172600;88703;30.4;38171;47529;43.4;"0=327;5=190;10=171;20=114;30=148;60=52;90=93";2.6;"1=10436;2=3465;4=1185;6=522;8=285;10=184;12=495";138;0;1193;0;936;4991;7175;14433;0;14433;0
1/4/2016;376;5;3078;2;2460;225;13832;5178030;0;0;2.8;145446;1;0.842671827;0;0;105211;105211;485;103;9383;3.4;1566;40689;19.1;110;1095;17554;278079;172601;java=172601;88704;30.4;38171;47529;43.4;"0=327;5=190;10=171;20=114;30=148;60=52;90=93";2.6;"1=10436;2=3465;4=1185;6=522;8=285;10=184;12=495";138;0;1193;0;936;4991;7175;14433;0;14433;0
8/4/2016;376;5;3078;2;2460;225;13834;5178240;0;0;2.8;145469;1;0.842770903;0;0;105215;105215;485;103;9383;3.4;1566;40689;19.1;110;1095;17554;278086;172608;java=172608;88708;30.4;38176;47532;43.4;"0=327;5=190;10=171;20=114;30=148;60=52;90=93";2.6;"1=10436;2=3464;4=1186;6=522;8=285;10=184;12=495";138;0;1193;0;936;4993;7175;14435;0;14435;0
15/4/2016;376;5;3078;2;2460;225;13834;5180070;0;0;2.8;145508;1;0.842699037;0;0;105221;105221;487;103;9423;3.4;1569;40735;19.1;111;1098;17579;278328;172669;java=172669;88704;30.3;38152;47529;43.3;"0=330;5=190;10=171;20=114;30=147;60=53;90=93";2.6;"1=10446;2=3465;4=1185;6=522;8=285;10=183;12=495";138;0;1192;0;936;4993;7176;14435;0;14435;0
22/4/2016;376;5;3078;2;2460;225;13819;5180310;0;0;2.8;145376;1;0.841895562;0;0;105224;105224;485;103;9391;3.4;1568;40733;19.1;111;1096;17576;278285;172677;java=172677;88710;30.3;38146;47526;43.4;"0=328;5=190;10=171;20=114;30=147;60=53;90=93";2.6;"1=10443;2=3465;4=1187;6=520;8=285;10=183;12=495";138;0;1192;0;936;4990;7164;14420;0;14420;0
29/4/2016;376;5;3078;2;2460;225;13819;5180550;0;0;2.8;145385;1;0.841908678;0;0;105231;105231;485;103;9391;3.4;1568;40736;19.1;111;1096;17576;278297;172685;java=172685;88715;30.3;38153;47530;43.4;"0=328;5=190;10=171;20=114;30=147;60=53;90=93";2.6;"1=10443;2=3465;4=1187;6=519;8=286;10=183;12=495";138;0;1193;0;936;4990;7163;14420;0;14420;0
6/5/2016;376;5;3078;2;2440;223;13804;5172270;0;0;2.8;145025;1;0.841168384;0;0;105070;105070;485;103;9391;3.4;1559;40734;19.1;111;1093;17545;277923;172409;java=172409;88570;30.4;38077;47466;43.4;"0=328;5=190;10=170;20=113;30=146;60=53;90=93";2.6;"1=10421;2=3463;4=1185;6=516;8=286;10=183;12=495";138;0;1186;0;936;4987;7156;14403;0;14403;0
13/5/2016;376;5;3078;2;2440;223;13804;5172270;0;0;2.8;145025;1;0.841168384;0;0;105070;105070;485;103;9391;3.4;1559;40733;19.1;111;1093;17545;277921;172409;java=172409;88570;30.4;38077;47466;43.4;"0=328;5=190;10=170;20=113;30=146;60=53;90=93";2.6;"1=10421;2=3463;4=1185;6=516;8=286;10=183;12=495";138;0;1186;0;936;4987;7156;14403;0;14403;0
20/5/2016;376;5;3078;2;2440;223;13807;5173890;0;0;2.8;145070;1;0.841165931;0;0;105105;105105;485;103;9410;3.4;1559;40740;19.1;111;1093;17547;277991;172463;java=172463;88603;30.5;38096;47481;43.4;"0=328;5=190;10=170;20=113;30=145;60=54;90=93";2.6;"1=10419;2=3465;4=1185;6=516;8=285;10=183;12=496";138;0;1187;0;936;4989;7156;14406;0;14406;0
27/5/2016;376;5;3078;2;2440;223;13808;5176410;0;0;2.8;145056;1;0.840675294;0;0;105133;105133;485;103;9410;3.4;1562;40740;19.1;111;1095;17560;278161;172547;java=172547;88623;30.4;38107;47506;43.4;"0=329;5=190;10=170;20=114;30=145;60=54;90=93";2.6;"1=10427;2=3467;4=1186;6=516;8=285;10=183;12=497";138;0;1188;0;936;4989;7156;14407;0;14407;0
3/6/2016;376;5;3078;2;2440;223;13800;5177130;0;0;2.8;144963;1;0.84001947;0;0;105132;105132;483;101;9380;3.4;1564;40740;19.1;111;1097;17561;278227;172571;java=172571;88623;30.4;38130;47509;43.3;"0=331;5=190;10=170;20=114;30=146;60=53;90=93";2.6;"1=10429;2=3469;4=1184;6=514;8=285;10=184;12=497";138;0;1190;0;936;4987;7148;14399;0;14399;0
10/6/2016;376;5;3078;2;2440;223;13800;5177130;0;0;2.8;144963;1;0.84001947;0;0;105132;105132;483;101;9380;3.4;1564;40740;19.1;111;1097;17561;278227;172571;java=172571;88623;30.4;38130;47509;43.3;"0=331;5=190;10=170;20=114;30=146;60=53;90=93";2.6;"1=10429;2=3469;4=1184;6=514;8=285;10=184;12=497";138;0;1190;0;936;4987;7148;14399;0;14399;0
17/6/2016;376;5;3078;2;2440;223;13800;5177340;0;0;2.8;144963;1;0.839985398;0;0;105133;105133;483;101;9380;3.4;1564;40740;19.1;111;1097;17562;278233;172578;java=172578;88625;30.4;38131;47509;43.3;"0=330;5=190;10=171;20=114;30=146;60=53;90=93";2.6;"1=10429;2=3470;4=1184;6=514;8=285;10=184;12=497";138;0;1190;0;936;4987;7148;14399;0;14399;0
24/6/2016;377;5;3083;2;2440;223;13801;5183820;0;0;2.8;144995;1;0.839120571;0;0;105238;105238;484;102;9389;3.4;1567;40817;19.1;111;1099;17576;278603;172794;java=172794;88726;30.3;38210;47556;43.3;"0=331;5=190;10=171;20=114;30=147;60=53;90=93";2.6;"1=10430;2=3475;4=1185;6=515;8=286;10=185;12=498";138;0;1192;0;936;4985;7150;14401;0;14401;0
1/7/2016;377;5;3083;2;2440;223;13796;5188530;0;0;2.8;145001;1;0.838393533;0;0;105298;105298;484;102;9389;3.4;1568;40828;19.1;111;1099;17583;278774;172951;java=172951;88775;30.3;38237;47588;43.3;"0=331;5=190;10=171;20=114;30=147;60=53;90=93";2.6;"1=10432;2=3478;4=1188;6=512;8=289;10=184;12=498";138;0;1193;0;935;4976;7154;14396;0;14396;0
8/7/2016;374;5;3063;2;2420;221;13648;5108640;0;0;2.8;143811;1;0.844516349;0;0;103500;103500;484;102;9389;3.4;1550;40325;19.1;111;1099;17381;278801;170288;java=170288;87134;30.3;37665;46975;43.1;"0=330;5=189;10=171;20=112;30=146;60=53;90=90";2.6;"1=10323;2=3432;4=1173;6=500;8=280;10=181;12=495";136;0;1166;0;932;4923;7086;14243;0;14243;0
15/7/2016;374;5;3063;2;2420;221;13651;5109690;0;0;2.8;143833;1;0.844471974;0;0;103518;103518;484;102;9389;3.4;1550;40330;19.1;111;1099;17383;278845;170323;java=170323;87151;30.3;37678;46984;43.1;"0=330;5=189;10=171;20=112;30=146;60=53;90=90";2.6;"1=10325;2=3432;4=1171;6=502;8=280;10=180;12=496";136;0;1169;0;932;4923;7086;14246;0;14246;0
22/7/2016;374;5;3063;2;2420;221;13652;5110620;0;0;2.8;143854;1;0.844441575;0;0;103540;103540;484;102;9389;3.4;1550;40335;19.1;111;1099;17385;278887;170354;java=170354;87176;30.3;37709;47006;43.1;"0=330;5=189;10=171;20=112;30=145;60=54;90=90";2.6;"1=10327;2=3432;4=1170;6=501;8=280;10=181;12=497";136;0;1170;0;932;4923;7086;14247;0;14247;0
29/7/2016;374;5;3073;2;2420;221;13641;5113230;0;0;2.8;143764;1;0.843482495;0;0;103566;103566;484;102;9389;3.4;1550;40351;19.1;111;1099;17393;279023;170441;java=170441;87217;30.3;37740;47023;43.1;"0=330;5=189;10=170;20=113;30=145;60=54;90=90";2.6;"1=10331;2=3436;4=1169;6=501;8=281;10=180;12=498";135;0;1167;0;932;4925;7077;14236;0;14236;0
5/8/2016;373;5;3071;2;2420;221;13642;5115240;0;0;2.8;143777;1;0.843227297;0;0;103607;103607;484;102;9389;3.4;1552;40349;19.1;111;1099;17402;279162;170508;java=170508;87254;30.3;37762;47048;43.1;"0=330;5=189;10=170;20=113;30=145;60=54;90=90";2.6;"1=10333;2=3441;4=1172;6=499;8=281;10=180;12=499";135;0;1168;0;932;4926;7075;14236;0;14236;0
12/8/2016;373;5;3071;2;2420;221;13643;5117190;0;0;2.8;143782;1;0.842935283;0;0;103625;103625;484;102;9389;3.4;1552;40329;19.1;111;1099;17405;279211;170573;java=170573;87273;30.3;37773;47059;43.1;"0=330;5=189;10=170;20=113;30=145;60=54;90=90";2.6;"1=10334;2=3443;4=1172;6=499;8=280;10=181;12=499";136;0;1168;0;933;4925;7075;14237;0;14237;0
19/8/2016;373;5;3071;2;2420;221;13644;5120610;0;0;2.8;143808;1;0.842524621;0;0;103677;103677;484;102;9389;3.4;1552;40351;19.1;111;1099;17411;279369;170687;java=170687;87321;30.3;37813;47094;43.2;"0=330;5=189;10=169;20=113;30=146;60=54;90=90";2.7;"1=10335;2=3444;4=1175;6=500;8=280;10=180;12=500";136;0;1169;0;933;4924;7076;14238;0;14238;0
26/8/2016;373;5;3066;2;2420;221;13665;5127330;0;0;2.8;144012;1;0.842613992;0;0;103805;103805;484;102;9389;3.4;1553;40345;19.1;111;1100;17424;279627;170911;java=170911;87457;30.4;37923;47171;43.2;"0=330;5=189;10=169;20=114;30=146;60=54;90=90";2.7;"1=10338;2=3446;4=1181;6=499;8=280;10=183;12=500";136;0;1173;0;936;4931;7083;14259;0;14259;0
2/9/2016;373;5;3066;2;2420;221;14695;5131380;0;0;2.8;145607;1;0.851273926;0;0;103870;103870;484;102;9389;3.4;1556;40351;19.1;114;1103;17434;279841;171046;java=171046;87524;30.3;37966;47204;43.1;"0=332;5=189;10=170;20=114;30=146;60=54;90=90";2.7;"1=10345;2=3446;4=1182;6=501;8=279;10=182;12=502";136;0;1188;0;939;4941;8085;15289;0;15289;0
9/9/2016;372;5;3061;2;2420;221;14696;5131110;0;0;2.8;145621;1;0.851400574;0;0;103863;103863;484;102;9389;3.4;1554;40376;19.1;114;1103;17436;279867;171037;java=171037;87524;30.4;37955;47206;43.1;"0=332;5=189;10=170;20=114;30=146;60=54;90=90";2.7;"1=10347;2=3446;4=1182;6=501;8=278;10=183;12=502";136;0;1187;0;940;4939;8087;15289;0;15289;0
16/9/2016;372;5;3061;2;2420;221;14706;5132820;0;0;2.8;145695;1;0.851549441;0;0;103898;103898;484;102;9389;3.4;1554;40400;19.1;114;1103;17440;279965;171094;java=171094;87552;30.4;37977;47220;43.1;"0=332;5=189;10=170;20=114;30=146;60=54;90=90";2.7;"1=10350;2=3447;4=1181;6=500;8=279;10=184;12=502";136;0;1188;0;943;4942;8090;15299;0;15299;0
23/9/2016;372;5;3061;2;2420;221;14713;5135640;0;0;2.8;145706;1;0.851146108;0;0;103968;103968;486;102;9437;3.4;1555;40421;19.1;114;1103;17447;280097;171188;java=171188;87583;30.4;37976;47241;43.1;"0=332;5=189;10=170;20=114;30=146;60=54;90=90";2.7;"1=10351;2=3449;4=1184;6=501;8=278;10=186;12=501";136;0;1188;0;944;4943;8095;15306;0;15306;0
30/9/2016;372;5;3061;2;2420;221;14713;5135970;0;0;2.8;145707;1;0.851097261;0;0;103976;103976;486;102;9437;3.4;1555;40425;19.1;114;1103;17448;280124;171199;java=171199;87590;30.4;37979;47244;43.1;"0=332;5=189;10=170;20=114;30=146;60=54;90=90";2.7;"1=10351;2=3450;4=1184;6=501;8=278;10=186;12=501";136;0;1188;0;944;4943;8095;15306;0;15306;0
7/10/2016;372;5;3061;2;2420;221;14752;5151810;0;0;2.8;146003;1;0.850204103;0;0;104234;104234;488;102;9395;3.3;1562;40581;19.1;115;1109;17499;281110;171727;java=171727;87852;30.3;38131;47348;43;"0=337;5=189;10=170;20=114;30=146;60=54;90=91";2.7;"1=10381;2=3457;4=1192;6=501;8=278;10=186;12=505";143;0;1193;0;946;4953;8110;15345;0;15345;0
14/10/2016;372;5;3061;2;2420;221;14753;5152770;0;0;2.8;146039;1;0.8502553;0;0;104243;104243;488;102;9395;3.3;1563;40615;19.1;115;1110;17501;281215;171759;java=171759;87863;30.3;38138;47348;43;"0=338;5=189;10=170;20=114;30=146;60=54;90=91";2.7;"1=10383;2=3456;4=1193;6=501;8=278;10=187;12=504";143;0;1194;0;945;4954;8110;15346;0;15346;0
21/10/2016;372;5;3061;2;2420;221;14764;5162610;0;0;2.8;146113;1;0.849064717;0;0;104377;104377;488;102;9395;3.3;1568;40801;19.2;115;1112;17547;281923;172087;java=172087;87990;30.2;38193;47429;43;"0=338;5=189;10=171;20=114;30=147;60=53;90=92";2.6;"1=10408;2=3466;4=1196;6=502;8=278;10=188;12=504";143;0;1198;0;945;4955;8116;15357;0;15357;0
28/10/2016;372;5;3061;2;2420;221;14764;5162850;0;0;2.8;146107;1;0.848990383;0;0;104382;104382;488;102;9395;3.3;1568;40802;19.2;115;1112;17547;281932;172095;java=172095;87995;30.2;38197;47431;43;"0=338;5=189;10=171;20=114;30=147;60=53;90=92";2.6;"1=10408;2=3466;4=1196;6=502;8=278;10=188;12=504";143;0;1199;0;945;4955;8115;15357;0;15357;0
4/11/2016;371;5;3056;2;2420;221;14765;5163000;0;0;2.8;146099;1;0.848919233;0;0;104386;104386;488;102;9395;3.3;1568;40802;19.2;115;1112;17547;281937;172100;java=172100;87999;30.3;38202;47435;43;"0=338;5=189;10=171;20=114;30=147;60=53;90=92";2.6;"1=10408;2=3466;4=1196;6=502;8=278;10=188;12=504";143;0;1199;0;945;4953;8117;15357;0;15357;0
11/11/2016;372;5;3061;2;2420;221;14973;5167620;0;0;2.9;147371;1;0.855544719;0;0;104531;104531;488;102;9395;3.3;1578;40837;19.2;115;1114;17578;282257;172254;java=172254;88124;30.1;38280;47514;43;"0=339;5=190;10=170;20=115;30=147;60=53;90=92";2.6;"1=10408;2=3497;4=1196;6=503;8=277;10=187;12=506";143;0;1199;0;947;5116;8161;15566;0;15566;0
18/11/2016;372;5;3061;2;2420;221;15034;5210520;0;0;2.8;148176;1;0.85313558;0;0;105257;105257;488;102;9395;3.3;1613;41561;19.3;116;1121;17784;285143;173684;java=173684;88722;29.7;38490;47862;43;"0=343;5=190;10=170;20=116;30=147;60=54;90=93";2.6;"1=10544;2=3544;4=1205;6=506;8=278;10=186;12=508";145;0;1222;0;949;5126;8185;15627;0;15627;0
25/11/2016;371;5;3056;2;2420;221;14772;5165640;0;0;2.8;146194;1;0.849037099;0;0;104435;104435;488;102;9395;3.3;1568;40930;19.2;115;1112;17557;282191;172188;java=172188;88024;30.3;38260;47464;43;"0=338;5=189;10=172;20=114;30=146;60=53;90=92";2.6;"1=10417;2=3467;4=1198;6=502;8=277;10=187;12=505";143;0;1200;0;947;4953;8121;15364;0;15364;0
2/12/2016;371;5;3056;2;2420;221;14784;5167980;0;0;2.8;146315;1;0.849355067;0;0;104476;104476;488;102;9383;3.3;1569;40936;19.2;115;1112;17561;282282;172266;java=172266;88066;30.3;38310;47487;43;"0=338;5=189;10=172;20=114;30=146;60=52;90=93";2.6;"1=10421;2=3467;4=1198;6=502;8=274;10=188;12=507";143;0;1203;0;948;4957;8125;15376;0;15376;0
9/12/2016;372;5;3071;2;2420;221;14787;5169150;0;0;2.8;146327;1;0.849232466;0;0;104498;104498;488;102;9383;3.3;1569;40943;19.2;115;1112;17562;282331;172305;java=172305;88088;30.3;38326;47496;43;"0=338;5=189;10=171;20=115;30=146;60=52;90=93";2.6;"1=10421;2=3467;4=1198;6=503;8=274;10=188;12=507";143;0;1203;0;948;4960;8126;15380;0;15380;0
16/12/2016;372;5;3071;2;2420;221;14787;5169150;0;0;2.8;146327;1;0.849232466;0;0;104498;104498;488;102;9383;3.3;1569;40943;19.2;115;1112;17562;282331;172305;java=172305;88088;30.3;38326;47496;43;"0=338;5=189;10=171;20=115;30=146;60=52;90=93";2.6;"1=10421;2=3467;4=1198;6=503;8=274;10=188;12=507";143;0;1203;0;948;4960;8126;15380;0;15380;0
23/12/2016;373;5;3076;2;2420;221;15051;5220660;0;0;2.8;148323;1;0.852323269;0;0;105301;105301;488;102;9383;3.3;1614;41581;19.3;116;1121;17790;285518;174022;java=174022;88761;29.7;38560;47885;43;"0=343;5=190;10=170;20=117;30=146;60=53;90=94";2.6;"1=10550;2=3543;4=1206;6=507;8=275;10=187;12=509";145;0;1225;0;950;5135;8190;15645;0;15645;0
30/12/2016;372;5;3071;2;2420;221;14781;5169270;0;0;2.8;146317;1;0.849154716;0;0;104500;104500;488;102;9383;3.3;1569;40943;19.2;115;1112;17562;282335;172309;java=172309;88090;30.3;38330;47498;43;"0=338;5=189;10=171;20=115;30=146;60=52;90=93";2.6;"1=10421;2=3466;4=1199;6=503;8=274;10=188;12=507";143;0;1203;0;948;4960;8120;15374;0;15374;0
6/1/2017;372;5;3071;2;2420;221;14781;5169270;0;0;2.8;146317;1;0.849154716;0;0;104500;104500;488;102;9383;3.3;1569;40943;19.2;115;1112;17562;282335;172309;java=172309;88090;30.3;38330;47498;43;"0=338;5=189;10=171;20=115;30=146;60=52;90=93";2.6;"1=10421;2=3466;4=1199;6=503;8=274;10=188;12=507";143;0;1203;0;948;4960;8120;15374;0;15374;0
13/1/2017;373;5;3076;2;2420;221;15045;5220720;0;0;2.8;148310;1;0.852238772;0;0;105302;105302;488;102;9383;3.3;1614;41581;19.3;116;1121;17790;285520;174024;java=174024;88762;29.7;38560;47885;43;"0=343;5=190;10=170;20=117;30=146;60=53;90=94";2.6;"1=10550;2=3543;4=1206;6=507;8=275;10=187;12=509";145;0;1225;0;950;5135;8184;15639;0;15639;0
20/1/2017;372;5;3071;2;2420;221;14781;5169390;0;0;2.8;146319;1;0.849146611;0;0;104502;104502;488;102;9383;3.3;1569;40946;19.2;115;1112;17562;282342;172313;java=172313;88092;30.3;38332;47500;43;"0=338;5=189;10=171;20=115;30=146;60=52;90=93";2.6;"1=10421;2=3466;4=1199;6=503;8=274;10=188;12=507";143;0;1203;0;948;4960;8120;15374;0;15374;0
27/1/2017;372;5;3071;2;2420;221;14780;5170830;0;0;2.8;146321;1;0.84892174;0;0;104527;104527;488;102;9383;3.3;1569;40947;19.2;115;1112;17563;282392;172361;java=172361;88117;30.3;38350;47512;43;"0=338;5=189;10=171;20=115;30=146;60=52;90=93";2.7;"1=10421;2=3466;4=1199;6=503;8=275;10=188;12=507";143;0;1203;0;948;4959;8120;15373;0;15373;0
3/2/2017;372;5;3071;2;2420;221;14780;5170560;0;0;2.8;146309;1;0.848896444;0;0;104514;104514;488;102;9383;3.3;1569;40948;19.2;115;1112;17565;282386;172352;java=172352;88120;30.3;38340;47514;43;"0=338;5=189;10=171;20=115;30=146;60=52;90=93";2.7;"1=10422;2=3467;4=1198;6=505;8=275;10=187;12=507";143;0;1202;0;949;4959;8120;15373;0;15373;0
10/2/2017;372;5;3071;5;2450;222;14790;5173920;0;0;2.8;146443;1;0.849122136;0;0;104572;104572;488;102;9383;3.3;1572;40983;19.2;115;1113;17578;282594;172464;java=172464;88165;30.2;38376;47540;43;"0=338;5=189;10=171;20=116;30=146;60=52;90=93";2.6;"1=10430;2=3472;4=1199;6=504;8=275;10=187;12=507";144;0;1205;0;950;4961;8124;15384;0;15384;0
17/2/2017;372;5;3071;5;2450;222;14787;5174340;0;0;2.8;146353;1;0.848531407;0;0;104581;104581;488;102;9383;3.3;1572;40983;19.2;115;1113;17578;282608;172478;java=172478;88174;30.2;38383;47545;43;"0=338;5=189;10=171;20=116;30=146;60=52;90=93";2.6;"1=10430;2=3471;4=1199;6=505;8=275;10=187;12=507";144;0;1202;0;950;4961;8124;15381;0;15381;0
24/2/2017;372;5;3071;5;2450;222;14787;5174340;0;0;2.8;146353;1;0.848531407;0;0;104581;104581;488;102;9383;3.3;1572;40983;19.2;115;1113;17578;282609;172478;java=172478;88174;30.2;38383;47545;43;"0=338;5=189;10=171;20=116;30=146;60=52;90=93";2.6;"1=10430;2=3471;4=1199;6=505;8=275;10=187;12=507";144;0;1202;0;950;4961;8124;15381;0;15381;0
3/3/2017;372;5;3071;5;2450;222;14786;5175300;0;0;2.8;146348;1;0.848345023;0;0;104594;104594;488;102;9383;3.3;1572;40984;19.2;115;1113;17582;282647;172510;java=172510;88188;30.2;38391;47552;43;"0=338;5=189;10=171;20=116;30=146;60=52;90=93";2.6;"1=10434;2=3471;4=1199;6=505;8=275;10=187;12=507";144;0;1202;0;950;4960;8124;15380;0;15380;0
10/3/2017;372;5;3071;5;2450;222;14789;5177850;0;0;2.8;146357;1;0.847979374;0;0;104652;104652;488;102;9383;3.3;1572;40997;19.2;115;1113;17586;282752;172595;java=172595;88231;30.3;38420;47574;43.1;"0=338;5=189;10=171;20=116;30=146;60=52;90=93";2.7;"1=10434;2=3473;4=1198;6=507;8=275;10=188;12=507";144;0;1202;0;950;4961;8126;15383;0;15383;0
17/3/2017;372;5;3071;5;2450;222;14789;5178420;0;0;2.8;146357;1;0.847886035;0;0;104662;104662;488;102;9383;3.3;1572;41042;19.2;115;1113;17587;282817;172614;java=172614;88241;30.3;38429;47581;43.1;"0=338;5=189;10=171;20=116;30=146;60=52;90=93";2.7;"1=10434;2=3474;4=1198;6=507;8=275;10=188;12=507";144;0;1202;0;950;4961;8126;15383;0;15383;0
24/3/2017;372;5;3071;5;2450;222;14786;5176560;0;0;2.8;146349;1;0.848144328;0;0;104626;104626;488;102;9383;3.3;1571;41055;19.2;115;1112;17582;282736;172552;java=172552;88212;30.3;38423;47566;43.1;"0=338;5=189;10=170;20=116;30=146;60=52;90=93";2.7;"1=10431;2=3473;4=1198;6=506;8=275;10=188;12=507";144;0;1202;0;950;4960;8124;15380;0;15380;0
31/3/2017;373;5;3076;5;2450;222;15047;5218920;0;0;2.8;148315;1;0.852561449;0;0;105301;105301;488;102;9383;3.3;1614;41585;19.3;116;1121;17795;285471;173964;java=173964;88800;29.7;38576;47878;43;"0=343;5=190;10=170;20=117;30=146;60=53;90=94";2.6;"1=10552;2=3546;4=1206;6=509;8=276;10=186;12=507";146;0;1224;0;951;5136;8185;15642;0;15642;0
7/4/2017;373;5;3076;5;2450;222;15056;5234310;0;0;2.8;148418;1;0.850645071;0;0;105554;105554;488;102;9383;3.3;1625;41731;19.3;117;1128;17840;286411;174477;java=174477;88986;29.5;38685;47974;42.8;"0=348;5=188;10=173;20=119;30=145;60=53;90=94";2.6;"1=10581;2=3556;4=1207;6=511;8=277;10=187;12=507";144;0;1225;0;954;5135;8193;15651;0;15651;0
14/4/2017;373;5;3076;5;2450;222;15057;5236050;0;0;2.8;148410;1;0.850316555;0;0;105587;105587;488;102;9383;3.3;1625;41731;19.3;117;1128;17844;286495;174535;java=174535;89013;29.5;38694;47993;42.9;"0=348;5=188;10=173;20=118;30=146;60=53;90=94";2.6;"1=10579;2=3561;4=1207;6=512;8=277;10=187;12=507";144;0;1224;0;954;5134;8196;15652;0;15652;0
21/4/2017;374;5;3081;5;2450;222;15047;5234250;0;0;2.8;148291;1;0.849926924;0;0;105539;105539;488;102;9383;3.3;1625;41725;19.3;117;1128;17844;286426;174475;java=174475;88963;29.5;38670;47990;42.8;"0=348;5=188;10=173;20=118;30=146;60=53;90=94";2.6;"1=10578;2=3563;4=1206;6=512;8=278;10=186;12=507";145;0;1223;0;954;5127;8194;15643;0;15643;0
28/4/2017;374;5;3081;5;2450;222;15046;5233920;0;0;2.8;148289;1;0.849969048;0;0;105532;105532;488;102;9383;3.3;1625;41724;19.3;117;1128;17844;286412;174464;java=174464;88957;29.5;38667;47989;42.8;"0=348;5=188;10=173;20=118;30=146;60=53;90=94";2.6;"1=10578;2=3563;4=1206;6=512;8=278;10=186;12=507";145;0;1222;0;954;5127;8194;15642;0;15642;0
5/5/2017;373;5;3066;5;2450;222;15048;5235540;0;0;2.8;148324;1;0.8499066;0;0;105535;105535;488;102;9383;3.3;1625;41725;19.3;117;1128;17845;286474;174518;java=174518;88959;29.5;38663;47990;42.8;"0=348;5=188;10=173;20=118;30=146;60=53;90=94";2.6;"1=10578;2=3564;4=1207;6=512;8=276;10=187;12=507";145;0;1222;0;954;5127;8195;15643;0;15643;0
12/5/2017;373;5;3066;5;2450;222;15048;5235600;0;0;2.8;148325;1;0.84990259;0;0;105537;105537;488;102;9383;3.3;1625;41725;19.3;117;1128;17845;286476;174520;java=174520;88961;29.5;38664;47992;42.9;"0=348;5=188;10=173;20=118;30=146;60=53;90=94";2.6;"1=10578;2=3564;4=1207;6=512;8=276;10=187;12=507";145;0;1222;0;954;5127;8195;15643;0;15643;0
19/5/2017;372;5;3061;5;2465;223;15250;5400060;0;0;3.6;193169;1;1.073149187;0;0;110798;110798;4765;103;14580;5;1628;41738;18.8;119;1131;17949;292352;180002;java=180002;94217;29.5;38662;48095;42.8;"0=348;5=190;10=173;20=118;30=146;60=53;90=95";2.6;"1=10680;2=3568;4=1205;6=512;8=276;10=187;12=507";145;0;1222;0;955;5225;8298;15845;0;15845;0
26/5/2017;372;5;3061;5;2465;223;15241;5402280;0;0;3.6;193151;1;1.072608232;0;0;110833;110833;4770;103;14573;5;1630;41761;18.8;120;1133;17954;292511;180076;java=180076;94239;29.5;38676;48111;42.8;"0=350;5=190;10=173;20=118;30=146;60=52;90=96";2.6;"1=10686;2=3566;4=1204;6=514;8=276;10=186;12=508";145;0;1220;0;956;5223;8292;15836;0;15836;0
2/6/2017;372;5;3061;5;2465;223;15245;5404830;0;0;3.6;193188;1;1.072307547;0;0;110882;110882;4770;103;14573;5;1632;41770;18.8;120;1135;17963;292662;180161;java=180161;94268;29.5;38690;48128;42.7;"0=351;5=190;10=174;20=118;30=146;60=52;90=96";2.6;"1=10694;2=3566;4=1204;6=514;8=277;10=186;12=508";145;0;1220;0;957;5225;8293;15840;0;15840;0
9/6/2017;372;5;3061;5;2465;223;15247;5405580;0;0;3.6;193228;1;1.072380762;0;0;110896;110896;4770;103;14573;5;1633;41773;18.8;120;1136;17967;292727;180186;java=180186;94280;29.5;38690;48130;42.7;"0=351;5=190;10=176;20=117;30=146;60=52;90=96";2.6;"1=10696;2=3566;4=1204;6=514;8=277;10=186;12=508";145;0;1222;0;957;5225;8293;15842;0;15842;0
16/6/2017;372;5;3061;5;2465;223;15254;5406690;0;0;3.6;193285;1;1.072476876;0;0;110912;110912;4770;103;14573;5;1633;41778;18.8;120;1136;17971;292772;180223;java=180223;94288;29.5;38691;48137;42.7;"0=350;5=191;10=176;20=117;30=146;60=52;90=96";2.6;"1=10697;2=3568;4=1204;6=514;8=277;10=185;12=509";145;0;1223;0;958;5226;8297;15849;0;15849;0
23/6/2017;372;5;3061;5;2465;223;15263;5423250;0;0;3.6;193397;1;1.069821601;0;0;111203;111203;4772;105;14683;5;1635;41784;18.8;121;1138;18067;293519;180775;java=180775;94506;29.5;38715;48256;42.7;"0=349;5=191;10=177;20=118;30=146;60=53;90=96";2.6;"1=10773;2=3587;4=1205;6=514;8=277;10=185;12=509";145;0;1223;0;959;5231;8300;15858;0;15858;0
30/6/2017;372;5;3061;5;2465;223;15272;5432010;0;0;3.6;193486;1;1.068587871;0;0;111341;111341;4772;105;14683;5;1642;41895;18.8;123;1142;18095;294122;181067;java=181067;94624;29.4;38730;48297;42.6;"0=351;5=191;10=178;20=118;30=147;60=53;90=96";2.6;"1=10789;2=3598;4=1206;6=514;8=278;10=185;12=508";145;0;1225;0;962;5236;8299;15867;0;15867;0
7/7/2017;372;5;3061;5;2465;223;15273;5432550;0;0;3.6;193491;1;1.068509264;0;0;111354;111354;4772;105;14683;5;1642;41903;18.8;123;1142;18096;294151;181085;java=181085;94634;29.4;38732;48299;42.6;"0=351;5=191;10=178;20=118;30=147;60=53;90=96";2.6;"1=10789;2=3599;4=1206;6=514;8=278;10=185;12=508";145;0;1225;0;962;5237;8299;15868;0;15868;0
14/7/2017;372;5;3061;5;2465;223;15277;5434530;0;0;3.6;193513;1;1.068241412;0;0;111389;111389;4772;105;14683;5;1642;41930;18.8;123;1142;18099;294259;181151;java=181151;94671;29.4;38766;48312;42.6;"0=351;5=191;10=178;20=117;30=147;60=54;90=96";2.6;"1=10789;2=3600;4=1206;6=513;8=279;10=186;12=508";145;0;1226;0;962;5237;8302;15872;0;15872;0
21/7/2017;372;5;3061;5;2465;223;15280;5435400;0;0;3.6;193572;1;1.06839607;0;0;111406;111406;4774;105;14711;5;1642;41948;18.8;123;1142;18101;294305;181180;java=181180;94687;29.4;38775;48320;42.6;"0=350;5=192;10=178;20=117;30=147;60=54;90=96";2.6;"1=10790;2=3600;4=1207;6=513;8=279;10=186;12=508";145;0;1226;0;962;5239;8303;15875;0;15875;0
28/7/2017;372;5;3061;5;2465;223;15280;5435490;0;0;3.6;193572;1;1.06837838;0;0;111407;111407;4774;105;14711;5;1642;41948;18.8;123;1142;18102;294309;181183;java=181183;94688;29.4;38775;48321;42.6;"0=350;5=192;10=178;20=117;30=147;60=54;90=96";2.6;"1=10791;2=3600;4=1207;6=513;8=279;10=186;12=508";145;0;1226;0;962;5239;8303;15875;0;15875;0
4/8/2017;372;5;3061;5;2465;223;15278;5436240;0;0;3.6;193568;1;1.068208909;0;0;111417;111417;4774;105;14711;5;1643;41950;18.8;123;1143;18108;294372;181208;java=181208;94696;29.4;38777;48328;42.6;"0=351;5=192;10=178;20=117;30=148;60=53;90=96";2.6;"1=10794;2=3603;4=1207;6=513;8=279;10=186;12=508";145;0;1226;0;962;5239;8301;15873;0;15873;0
11/8/2017;381;5;3126;5;3510;322;18190;6069900;0;0;3.5;213903;1;1.057198636;0;0;124356;124356;4928;107;16921;5.3;1887;44108;17.9;128;1168;20669;318009;202330;java=202330;105029;27.9;41500;52679;45.1;"0=358;5=200;10=180;20=123;30=151;60=53;90=103";2.5;"1=12518;2=4038;4=1313;6=553;8=296;10=193;12=536";152;0;1747;0;972;5438;10584;18893;0;18893;0
18/8/2017;381;5;3126;5;3510;322;18185;6070110;0;0;3.5;213871;1;1.057003909;0;0;124354;124354;4928;107;16921;5.3;1887;44116;17.9;128;1168;20674;318038;202337;java=202337;105026;27.9;41493;52681;45.1;"0=359;5=199;10=180;20=123;30=151;60=53;90=103";2.5;"1=12522;2=4039;4=1313;6=553;8=296;10=194;12=535";152;0;1746;0;972;5439;10579;18888;0;18888;0
25/8/2017;380;5;3116;5;3510;322;18186;6071460;0;0;3.5;213844;1;1.056635472;0;0;124338;124338;4928;107;16921;5.3;1887;44121;17.9;128;1168;20681;318094;202382;java=202382;105030;27.9;41487;52684;45.1;"0=359;5=199;10=180;20=123;30=151;60=53;90=103";2.5;"1=12529;2=4039;4=1312;6=554;8=296;10=194;12=535";152;0;1745;0;972;5438;10581;18888;0;18888;0
1/9/2017;380;5;3116;5;3510;322;18190;6070950;0;0;3.5;213893;1;1.056966373;0;0;124332;124332;4929;108;16912;5.3;1887;44123;17.9;128;1168;20681;318080;202365;java=202365;105026;27.9;41479;52681;45.1;"0=359;5=199;10=181;20=123;30=150;60=53;90=103";2.5;"1=12528;2=4040;4=1311;6=554;8=296;10=195;12=534";152;0;1745;0;972;5440;10583;18892;0;18892;0
8/9/2017;379;5;3111;5;3510;322;18186;6077220;0;0;3.5;213901;1;1.055915369;0;0;124352;124352;4929;108;16912;5.3;1891;44146;17.9;129;1173;20706;318462;202574;java=202574;105053;27.9;41485;52712;44.9;"0=360;5=199;10=185;20=122;30=151;60=53;90=103";2.5;"1=12551;2=4037;4=1313;6=555;8=296;10=196;12=533";152;0;1744;0;974;5440;10577;18887;0;18887;0
15/9/2017;379;5;3111;5;3510;322;18210;6094740;0;0;3.5;214699;1;1.056808002;0;0;124647;124647;4963;115;17227;5.4;1901;44243;17.9;129;1182;20787;319478;203158;java=203158;105283;27.8;41507;52860;44.7;"0=360;5=201;10=189;20=124;30=152;60=53;90=103";2.5;"1=12614;2=4046;4=1314;6=558;8=298;10=198;12=533";152;0;1746;0;973;5451;10589;18911;0;18911;0
22/9/2017;379;5;3111;5;3510;322;18206;6094590;0;0;3.5;214697;1;1.056824167;0;0;124640;124640;4963;115;17227;5.4;1901;44253;17.9;129;1182;20788;319488;203153;java=203153;105275;27.8;41505;52858;44.7;"0=360;5=201;10=189;20=124;30=152;60=53;90=103";2.5;"1=12615;2=4047;4=1313;6=558;8=298;10=198;12=533";152;0;1746;0;973;5451;10585;18907;0;18907;0
29/9/2017;379;5;3111;5;3500;321;18187;6096210;0;0;3.5;214402;1;1.055091606;0;0;124649;124649;4957;115;17134;5.4;1903;44263;17.9;129;1182;20815;319580;203207;java=203207;105285;27.8;41500;52885;44.7;"0=360;5=201;10=189;20=125;30=151;60=53;90=103";2.5;"1=12630;2=4056;4=1315;6=560;8=296;10=200;12=531";152;0;1737;0;973;5459;10566;18887;0;18887;0
6/10/2017;379;5;3111;5;3500;321;18210;6103740;0;0;3.5;214450;1;1.054025892;0;0;124787;124787;4955;115;17082;5.3;1906;44315;17.9;129;1182;20847;319939;203458;java=203458;105413;27.8;41546;52946;44.8;"0=360;5=201;10=188;20=125;30=152;60=53;90=103";2.5;"1=12647;2=4061;4=1320;6=560;8=298;10=200;12=530";152;0;1742;0;973;5459;10584;18910;0;18910;0
13/10/2017;379;5;3111;5;3500;321;18219;6103860;0;0;3.5;214554;1;1.054516322;0;0;124776;124776;4957;116;17105;5.3;1908;44322;17.9;129;1184;20847;319999;203462;java=203462;105418;27.7;41550;52938;44.7;"0=362;5=201;10=188;20=125;30=152;60=53;90=103";2.5;"1=12647;2=4061;4=1320;6=560;8=297;10=200;12=531";152;0;1743;0;972;5466;10586;18919;0;18919;0
20/10/2017;379;5;3111;5;3500;321;18236;6105780;0;0;3.5;214692;1;1.054862769;0;0;124798;124798;4957;116;17105;5.3;1908;44337;17.9;129;1184;20860;320099;203526;java=203526;105436;27.8;41561;52962;44.7;"0=362;5=200;10=189;20=125;30=151;60=54;90=103";2.5;"1=12657;2=4064;4=1320;6=560;8=297;10=199;12=532";152;0;1744;0;983;5467;10590;18936;0;18936;0
27/10/2017;379;5;3111;5;3500;321;18236;6105780;0;0;3.5;214692;1;1.054862769;0;0;124798;124798;4957;116;17105;5.3;1908;44337;17.9;129;1184;20860;320099;203526;java=203526;105436;27.8;41561;52962;44.7;"0=362;5=200;10=189;20=125;30=151;60=54;90=103";2.5;"1=12657;2=4064;4=1320;6=560;8=297;10=199;12=532";152;0;1744;0;983;5467;10590;18936;0;18936;0
3/11/2017;379;5;3111;5;3500;321;18233;6107730;0;0;3.5;214649;1;1.054314778;0;0;124837;124837;4957;116;17105;5.3;1908;44335;17.9;129;1184;20870;320168;203591;java=203591;105469;27.8;41573;52980;44.7;"0=362;5=200;10=189;20=125;30=151;60=54;90=103";2.5;"1=12662;2=4066;4=1324;6=560;8=297;10=198;12=532";152;0;1743;0;983;5467;10588;18933;0;18933;0
10/11/2017;379;5;3111;5;3500;321;18232;6108720;0;0;3.5;214656;1;1.054178289;0;0;124854;124854;4957;116;17105;5.3;1908;44337;17.9;129;1184;20873;320206;203624;java=203624;105483;27.8;41588;52996;44.8;"0=362;5=200;10=188;20=126;30=151;60=54;90=103";2.5;"1=12662;2=4067;4=1325;6=561;8=297;10=197;12=533";152;0;1743;0;983;5465;10589;18932;0;18932;0
17/11/2017;380;5;3116;5;3500;321;18230;6111150;0;0;3.5;214646;1;1.053710022;0;0;124905;124905;4957;116;17105;5.3;1908;44343;17.9;129;1184;20879;320302;203705;java=203705;105527;27.8;41607;53028;44.8;"0=362;5=200;10=188;20=126;30=151;60=54;90=103";2.5;"1=12664;2=4068;4=1325;6=563;8=296;10=197;12=535";152;0;1747;0;985;5467;10580;18931;0;18931;0
24/11/2017;380;5;3116;5;3500;321;18203;6167610;0;0;3.5;214533;1;1.043514425;0;0;124891;124891;4957;116;17105;5.3;1908;44345;17.7;129;1184;20880;322143;205587;java=205587;105510;27.8;41601;53023;44.8;"0=362;5=200;10=188;20=126;30=151;60=54;90=103";2.5;"1=12664;2=4069;4=1326;6=563;8=295;10=197;12=535";152;0;1747;0;985;5467;10553;18904;0;18904;0
1/12/2017;379;5;3111;5;3470;319;18183;6175440;0;0;3.5;214275;1;1.040937974;0;0;124843;124843;4953;115;17050;5.3;1908;44312;17.7;129;1184;20887;322229;205848;java=205848;105457;27.8;41536;53003;44.8;"0=362;5=200;10=189;20=125;30=153;60=52;90=103";2.5;"1=12670;2=4072;4=1326;6=563;8=294;10=197;12=534";151;0;1746;0;985;5455;10544;18881;0;18881;0
8/12/2017;376;5;3081;5;3440;317;18193;6186990;0;0;3.5;215319;1;1.044056965;0;0;124981;124981;4953;115;17050;5.3;1911;44406;17.7;129;1187;20931;322917;206233;java=206233;105539;27.8;41564;53070;44.7;"0=363;5=199;10=190;20=126;30=154;60=52;90=103";2.5;"1=12705;2=4068;4=1328;6=565;8=295;10=197;12=534";150;0;1795;0;985;5449;10507;18886;0;18886;0
15/12/2017;375;5;3076;5;3440;317;18158;6187890;0;0;3.5;215131;1;1.042993654;0;0;124996;124996;4953;115;17050;5.3;1912;44410;17.7;129;1187;20932;322968;206263;java=206263;105546;27.8;41573;53075;44.7;"0=363;5=199;10=190;20=126;30=154;60=52;90=103";2.5;"1=12705;2=4069;4=1327;6=565;8=295;10=198;12=534";110;0;1796;0;985;5449;10510;18850;0;18850;0
22/12/2017;373;5;3061;5;3440;317;18210;6192660;0;0;3.5;215381;1;1.043401382;0;0;125060;125060;4953;115;17050;5.3;1912;44683;17.8;129;1187;20974;323554;206422;java=206422;105604;27.8;41590;53134;44.8;"0=363;5=199;10=190;20=126;30=154;60=52;90=103";2.5;"1=12743;2=4070;4=1326;6=569;8=296;10=196;12=535";149;0;1794;0;994;5449;10514;18900;0;18900;0
29/12/2017;373;5;3061;5;3440;317;18213;6197400;0;0;3.5;215429;1;1.042835705;0;0;125165;125165;4953;115;17050;5.3;1912;44695;17.8;129;1187;20985;323744;206580;java=206580;105712;27.8;41646;53175;44.8;"0=363;5=199;10=190;20=126;30=154;60=52;90=103";2.5;"1=12746;2=4074;4=1328;6=569;8=297;10=196;12=536";149;0;1795;0;994;5452;10513;18903;0;18903;0
5/1/2018;380;5;3096;5;3440;317;18218;6202770;0;0;3.5;215398;1;1.041782945;0;0;125253;125253;4955;116;17121;5.3;1914;44767;17.8;130;1189;21007;324130;206759;java=206759;105786;27.8;41676;53216;44.8;"0=364;5=199;10=191;20=126;30=154;60=52;90=103";2.5;"1=12763;2=4080;4=1327;6=570;8=298;10=195;12=536";156;0;1797;0;995;5448;10519;18915;0;18915;0
12/1/2018;379;5;3091;5;3440;317;18291;6203790;0;0;3.5;217558;1;1.052056888;0;0;125274;125274;4953;114;17084;5.3;1914;44767;17.8;130;1189;21009;324173;206793;java=206793;105799;27.8;41681;53223;44.8;"0=364;5=199;10=191;20=126;30=154;60=52;90=103";2.5;"1=12760;2=4085;4=1327;6=570;8=298;10=195;12=536";155;0;1797;0;995;5448;10592;18987;0;18987;0
19/1/2018;379;5;3091;5;3440;317;18292;6204360;0;0;3.5;217559;1;1.05196507;0;0;125287;125287;4953;114;17084;5.3;1914;44767;17.8;130;1189;21010;324193;206812;java=206812;105812;27.8;41696;53232;44.8;"0=364;5=199;10=191;20=126;30=154;60=52;90=103";2.5;"1=12760;2=4085;4=1327;6=570;8=299;10=195;12=536";155;0;1797;0;995;5448;10593;18988;0;18988;0
26/1/2018;379;5;3091;5;3350;308;18302;6215310;0;0;3.5;217731;1;1.050941948;0;0;125341;125341;4953;114;17119;5.3;1915;44706;17.7;130;1190;21038;324601;207177;java=207177;105879;27.8;41699;53306;44.8;"0=364;5=200;10=191;20=126;30=153;60=53;90=103";2.5;"1=12775;2=4090;4=1328;6=572;8=297;10=196;12=538";155;0;1800;0;993;5458;10583;18989;0;18989;0
2/2/2018;377;5;3081;5;3350;308;18318;6219180;0;0;3.5;217911;1;1.051156262;0;0;125420;125420;4955;115;17122;5.3;1915;44735;17.7;130;1190;21055;324802;207306;java=207306;105933;27.9;41705;53341;44.8;"0=364;5=200;10=191;20=126;30=153;60=53;90=103";2.5;"1=12778;2=4099;4=1333;6=574;8=295;10=193;12=539";155;0;1796;0;996;5466;10590;19003;0;19003;0
9/2/2018;312;5;2751;5;3350;308;18315;6213540;0;0;3.5;217629;1;1.050748848;0;0;125230;125230;4951;113;17071;5.3;1920;44776;17.8;130;1191;21102;324757;207118;java=207118;105790;27.8;41462;53316;44.8;"0=364;5=200;10=192;20=126;30=153;60=52;90=104";2.5;"1=12813;2=4102;4=1337;6=579;8=294;10=191;12=536";155;0;1792;0;997;5398;10593;18935;0;18935;0
16/2/2018;312;5;2751;5;3350;308;18346;6235830;0;0;3.5;217697;1;1.047320084;0;0;125533;125533;4956;114;17123;5.3;1932;44893;17.8;131;1201;21171;326045;207861;java=207861;106032;27.7;41515;53424;44.5;"0=367;5=201;10=194;20=127;30=157;60=53;90=102";2.5;"1=12855;2=4115;4=1347;6=577;8=297;10=190;12=535";155;0;1796;0;996;5414;10605;18966;0;18966;0
23/2/2018;312;5;2751;5;3365;309;18321;6242370;0;0;3.5;217491;1;1.04523282;0;0;125593;125593;4949;113;17045;5.2;1939;45020;17.8;131;1209;21187;326627;208079;java=208079;106094;27.6;41563;53457;44.2;"0=373;5=201;10=194;20=129;30=157;60=53;90=102";2.5;"1=12855;2=4116;4=1350;6=576;8=298;10=191;12=535";155;0;1797;0;998;5417;10575;18942;0;18942;0
2/3/2018;313;5;2761;5;3335;307;18337;6249510;0;0;3.5;217555;1;1.044345877;0;0;125649;125649;4953;117;17248;5.3;1949;45135;17.8;133;1218;21250;327363;208317;java=208317;106107;27.4;41474;53494;43.9;"0=379;5=203;10=195;20=126;30=160;60=53;90=102";2.5;"1=12903;2=4128;4=1356;6=577;8=294;10=189;12=534";155;0;1794;0;997;5424;10587;18957;0;18957;0
9/3/2018;313;5;2761;5;3335;307;18367;6256740;0;0;3.6;226244;1;1.08480135;0;0;125682;125682;4947;115;17209;5.2;1951;45213;17.8;133;1220;21353;327825;208558;java=208558;106123;27.4;41391;53545;43.9;"0=381;5=202;10=193;20=129;30=160;60=53;90=102";2.4;"1=12988;2=4130;4=1354;6=580;8=294;10=188;12=532";155;0;1791;0;997;5448;10596;18987;0;18987;0
16/3/2018;313;5;2761;5;3335;307;18381;6279300;0;0;3.6;226329;1;1.081310019;0;0;126003;126003;4947;116;17321;5.2;1952;46274;18.1;133;1221;21553;330479;209310;java=209310;106423;27.6;41435;53785;44;"0=381;5=202;10=193;20=128;30=160;60=54;90=103";2.4;"1=13159;2=4158;4=1354;6=581;8=294;10=188;12=532";155;0;1791;0;997;5457;10601;19001;0;19001;0
23/3/2018;313;5;2761;5;3335;307;17665;6243870;0;0;3.5;220954;1;1.061620437;0;0;125727;125727;4949;118;17389;5.3;1955;46322;18.2;135;1223;21217;329080;208129;java=208129;106175;27.3;41453;53459;43.7;"0=382;5=202;10=193;20=128;30=162;60=53;90=103";2.5;"1=12821;2=4159;4=1355;6=581;8=294;10=188;12=532";155;0;1793;0;655;5074;10608;18285;0;18285;0
30/3/2018;313;5;2761;5;3335;307;17646;6248370;0;0;3.5;220615;1;1.059228247;0;0;125778;125778;4951;118;17456;5.3;1955;46301;18.2;135;1223;21245;329231;208279;java=208279;106214;27.4;41466;53500;43.7;"0=381;5=203;10=192;20=129;30=162;60=53;90=103";2.5;"1=12847;2=4159;4=1356;6=582;8=294;10=188;12=532";155;0;1792;0;658;5076;10585;18266;0;18266;0
6/4/2018;308;5;2736;5;3335;307;17613;6254160;0;0;3.5;220565;1;1.05800779;0;0;125901;125901;4952;118;17471;5.3;1955;46308;18.2;135;1223;21258;329501;208472;java=208472;106296;27.4;41455;53483;43.7;"0=381;5=203;10=194;20=128;30=161;60=53;90=103";2.5;"1=12853;2=4165;4=1361;6=580;8=293;10=189;12=530";155;0;1790;0;658;5080;10545;18228;0;18228;0
13/4/2018;308;5;2736;5;3345;308;17623;6259260;0;0;3.5;220681;1;1.057701709;0;0;126015;126015;4956;120;17525;5.3;1955;46374;18.2;135;1223;21269;329793;208642;java=208642;106384;27.4;41496;53528;43.8;"0=381;5=203;10=194;20=128;30=161;60=53;90=103";2.5;"1=12861;2=4165;4=1365;6=579;8=291;10=187;12=534";155;0;1792;0;657;5080;10555;18239;0;18239;0
20/4/2018;308;5;2736;5;3345;308;17639;6264510;0;0;3.5;220788;1;1.057327708;0;0;126121;126121;4958;121;17551;5.3;1956;46425;18.2;135;1223;21282;330079;208817;java=208817;106450;27.4;41543;53565;43.8;"0=381;5=203;10=194;20=128;30=161;60=52;90=104";2.5;"1=12869;2=4166;4=1366;6=580;8=291;10=186;12=536";155;0;1796;0;657;5083;10564;18255;0;18255;0
27/4/2018;309;5;2741;5;3345;308;17637;6265680;0;0;3.5;220778;1;1.057082392;0;0;126134;126134;4958;121;17551;5.3;1956;46470;18.2;135;1223;21290;330195;208856;java=208856;106466;27.4;41546;53576;43.8;"0=380;5=204;10=194;20=128;30=161;60=52;90=104";2.5;"1=12875;2=4168;4=1366;6=580;8=290;10=187;12=536";155;0;1796;0;657;5084;10562;18254;0;18254;0
4/5/2018;309;5;2741;5;3345;308;17639;6266430;0;0;3.5;220800;1;1.057061198;0;0;126151;126151;4958;121;17551;5.3;1956;46472;18.2;135;1223;21291;330228;208881;java=208881;106484;27.4;41566;53590;43.8;"0=380;5=204;10=194;20=128;30=161;60=52;90=104";2.5;"1=12875;2=4168;4=1366;6=581;8=290;10=187;12=536";155;0;1798;0;657;5084;10562;18256;0;18256;0
11/5/2018;309;5;2741;5;3345;308;17653;6269370;0;0;3.5;221011;1;1.057575163;0;0;126223;126223;4958;121;17551;5.3;1956;46520;18.2;135;1223;21298;330427;208979;java=208979;106566;27.4;41629;53626;43.8;"0=380;5=204;10=194;20=128;30=161;60=52;90=104";2.5;"1=12874;2=4174;4=1366;6=582;8=290;10=187;12=537";155;0;1799;0;657;5095;10564;18270;0;18270;0
18/5/2018;309;5;2741;5;3345;308;17661;6273270;0;0;3.5;221096;1;1.057324171;0;0;126223;126223;4956;119;17529;5.3;1960;46545;18.2;135;1223;21312;330629;209109;java=209109;106589;27.4;41681;53669;43.9;"0=380;5=204;10=194;20=128;30=160;60=53;90=104";2.5;"1=12880;2=4182;4=1365;6=583;8=289;10=188;12=537";156;0;1793;0;656;5100;10573;18278;0;18278;0
25/5/2018;309;5;2741;5;3345;308;17666;6277650;0;0;3.5;221098;1;1.056596019;0;0;126319;126319;4956;119;17529;5.3;1963;46499;18.2;135;1223;21334;330759;209255;java=209255;106669;27.4;41701;53711;43.9;"0=380;5=204;10=195;20=127;30=160;60=53;90=104";2.5;"1=12895;2=4186;4=1368;6=582;8=290;10=187;12=537";156;0;1791;0;655;5103;10578;18283;0;18283;0
1/6/2018;310;5;2751;5;3355;309;17667;6283410;0;0;3.5;221094;1;1.05560834;0;0;126479;126479;4956;119;17529;5.3;1964;46516;18.2;135;1224;21340;331011;209447;java=209447;106698;27.4;41713;53852;44;"0=381;5=204;10=195;20=127;30=160;60=53;90=104";2.5;"1=12899;2=4187;4=1368;6=582;8=290;10=187;12=538";156;0;1790;0;655;5104;10581;18286;0;18286;0
8/6/2018;309;5;2741;5;3345;308;17670;6281460;0;0;3.5;221152;1;1.056213046;0;0;126399;126399;4960;119;17627;5.3;1964;46527;18.2;135;1224;21344;330973;209382;java=209382;106697;27.4;41703;53774;43.9;"0=381;5=204;10=195;20=127;30=160;60=53;90=104";2.5;"1=12901;2=4190;4=1368;6=582;8=290;10=187;12=537";156;0;1790;0;655;5102;10584;18287;0;18287;0
15/6/2018;309;5;2741;5;3345;308;17673;6280920;0;0;3.5;221156;1;1.056322959;0;0;126385;126385;4960;119;17627;5.3;1964;46548;18.2;135;1224;21344;330984;209364;java=209364;106683;27.4;41683;53769;43.9;"0=381;5=204;10=195;20=127;30=160;60=53;90=104";2.5;"1=12900;2=4192;4=1367;6=582;8=290;10=187;12=537";156;0;1790;0;655;5105;10584;18290;0;18290;0
22/6/2018;309;5;2741;5;3345;308;17675;6281970;0;0;3.5;221191;1;1.056313545;0;0;126411;126411;4960;119;17627;5.3;1964;46565;18.2;135;1224;21345;331044;209399;java=209399;106703;27.4;41697;53776;43.9;"0=381;5=204;10=195;20=127;30=160;60=53;90=104";2.5;"1=12900;2=4193;4=1367;6=582;8=290;10=187;12=537";156;0;1790;0;656;5105;10585;18292;0;18292;0
29/6/2018;309;5;2741;5;3345;308;17676;6282690;0;0;3.5;221226;1;1.056359617;0;0;126414;126414;4960;119;17627;5.3;1965;46586;18.2;136;1225;21349;331129;209423;java=209423;106707;27.4;41698;53776;43.9;"0=382;5=204;10=195;20=127;30=160;60=53;90=104";2.5;"1=12905;2=4192;4=1368;6=581;8=290;10=187;12=537";156;0;1790;0;656;5106;10585;18293;0;18293;0
6/7/2018;308;5;2736;5;3345;308;17670;6283860;0;0;3.5;221233;1;1.056196351;0;0;126456;126456;4960;119;17627;5.3;1963;46587;18.2;135;1223;21353;331134;209462;java=209462;106737;27.4;41711;53788;44;"0=380;5=204;10=197;20=125;30=160;60=53;90=104";2.5;"1=12913;2=4188;4=1367;6=581;8=290;10=189;12=536";156;0;1790;0;656;5094;10590;18286;0;18286;0
13/7/2018;308;5;2736;5;3345;308;17665;6283890;0;0;3.5;221194;1;1.056005118;0;0;126453;126453;4960;119;17627;5.3;1963;46587;18.2;135;1223;21354;331140;209463;java=209463;106733;27.4;41707;53787;44;"0=380;5=204;10=197;20=125;30=160;60=53;90=104";2.5;"1=12914;2=4188;4=1367;6=581;8=290;10=189;12=536";156;0;1790;0;656;5091;10588;18281;0;18281;0
20/7/2018;308;5;2736;5;3345;308;17665;6283890;0;0;3.5;221194;1;1.056005118;0;0;126453;126453;4960;119;17627;5.3;1963;46587;18.2;135;1223;21354;331140;209463;java=209463;106733;27.4;41707;53787;44;"0=380;5=204;10=197;20=125;30=160;60=53;90=104";2.5;"1=12914;2=4188;4=1367;6=581;8=290;10=189;12=536";156;0;1790;0;656;5091;10588;18281;0;18281;0
27/7/2018;308;5;2736;5;3345;308;17666;6284430;0;0;3.5;221198;1;1.055933474;0;0;126461;126461;4960;119;17627;5.3;1963;46601;18.2;135;1223;21357;331184;209481;java=209481;106741;27.4;41709;53787;44;"0=380;5=204;10=197;20=125;30=160;60=53;90=104";2.5;"1=12914;2=4188;4=1367;6=581;8=290;10=189;12=536";156;0;1790;0;656;5091;10589;18282;0;18282;0
3/8/2018;308;5;2736;5;3345;308;17664;6285840;0;0;3.5;221202;1;1.055715704;0;0;126492;126492;4960;119;17627;5.3;1963;46607;18.2;135;1223;21360;331237;209528;java=209528;106773;27.4;41729;53799;44;"0=380;5=204;10=197;20=125;30=160;60=53;90=104";2.5;"1=12916;2=4188;4=1368;6=581;8=290;10=187;12=538";156;0;1790;0;656;5092;10586;18280;0;18280;0
10/8/2018;308;5;2736;5;3345;308;17670;6287940;0;0;3.5;221250;1;1.055592134;0;0;126531;126531;4960;119;17627;5.3;1964;46645;18.2;136;1224;21365;331386;209598;java=209598;106812;27.4;41759;53823;44;"0=381;5=204;10=197;20=125;30=160;60=53;90=104";2.5;"1=12919;2=4189;4=1370;6=580;8=290;10=186;12=539";156;0;1791;0;656;5096;10587;18286;0;18286;0
17/8/2018;308;5;2736;5;3345;308;17673;6290250;0;0;3.5;221267;1;1.055285561;0;0;126561;126561;4960;119;17627;5.3;1966;46658;18.2;136;1225;21377;331517;209675;java=209675;106840;27.4;41772;53850;44;"0=381;5=204;10=198;20=124;30=161;60=53;90=104";2.5;"1=12926;2=4192;4=1371;6=580;8=291;10=186;12=539";156;0;1791;0;658;5096;10588;18289;0;18289;0
24/8/2018;307;5;2731;5;3345;308;17598;6285870;0;0;3.5;220717;1;1.05339595;0;0;126442;126442;4958;118;17603;5.3;1966;46639;18.2;136;1225;21377;331358;209529;java=209529;106774;27.4;41677;53847;44;"0=381;5=204;10=198;20=124;30=161;60=53;90=104";2.5;"1=12928;2=4188;4=1372;6=581;8=291;10=187;12=538";155;0;1785;0;658;5080;10535;18213;0;18213;0
31/8/2018;305;5;2721;5;3345;308;17596;6285060;0;0;3.5;220707;1;1.053483976;0;0;126429;126429;4958;118;17603;5.3;1966;46640;18.2;136;1225;21378;331328;209502;java=209502;106765;27.4;41673;53840;44;"0=381;5=204;10=198;20=125;30=160;60=52;90=105";2.5;"1=12929;2=4188;4=1372;6=581;8=291;10=187;12=538";155;0;1785;0;658;5078;10533;18209;0;18209;0
7/9/2018;305;5;2721;5;3345;308;17600;6285570;0;0;3.5;220788;1;1.053785098;0;0;126439;126439;4963;118;17645;5.3;1966;46649;18.2;136;1225;21381;331359;209519;java=209519;106772;27.4;41671;53846;44;"0=381;5=204;10=198;20=125;30=160;60=52;90=105";2.5;"1=12931;2=4189;4=1372;6=581;8=291;10=187;12=538";155;0;1786;0;658;5078;10536;18213;0;18213;0
14/9/2018;305;5;2721;5;3345;308;17605;6290760;0;0;3.5;220855;1;1.053235221;0;0;126536;126536;4963;118;17649;5.3;1967;46674;18.2;136;1226;21392;331618;209692;java=209692;106824;27.4;41687;53869;43.9;"0=382;5=203;10=199;20=124;30=161;60=52;90=105";2.5;"1=12937;2=4191;4=1372;6=583;8=290;10=186;12=540";155;0;1787;0;660;5080;10536;18218;0;18218;0
21/9/2018;305;5;2721;5;3345;308;17607;6295020;0;0;3.5;220864;1;1.052565361;0;0;126585;126585;4963;118;17649;5.3;1973;46872;18.3;139;1232;21417;332185;209834;java=209834;106859;27.3;41694;53895;43.7;"0=387;5=203;10=200;20=124;30=161;60=52;90=105";2.5;"1=12961;2=4190;4=1372;6=583;8=290;10=186;12=540";155;0;1787;0;660;5080;10538;18220;0;18220;0
28/9/2018;305;5;2721;5;3345;308;17608;6295080;0;0;3.5;220879;1;1.052626813;0;0;126585;126585;4963;118;17649;5.3;1973;46872;18.3;139;1232;21417;332187;209836;java=209836;106859;27.3;41694;53895;43.7;"0=387;5=203;10=200;20=124;30=161;60=52;90=105";2.5;"1=12961;2=4190;4=1372;6=583;8=290;10=186;12=540";155;0;1789;0;660;5080;10537;18221;0;18221;0
5/10/2018;306;5;2726;5;3345;308;17608;6297240;0;0;3.5;220889;1;1.052313394;0;0;126634;126634;4963;118;17649;5.3;1973;46884;18.3;139;1232;21424;332282;209908;java=209908;106901;27.3;41711;53910;43.8;"0=387;5=203;10=200;20=124;30=160;60=53;90=105";2.5;"1=12968;2=4187;4=1373;6=582;8=291;10=187;12=540";155;0;1788;0;660;5082;10537;18222;0;18222;0
12/10/2018;307;5;2736;5;3375;311;17611;6305010;0;0;3.5;220954;1;1.05132585;0;0;126758;126758;4963;118;17649;5.3;1974;46904;18.2;139;1233;21437;332641;210167;java=210167;107003;27.3;41761;53948;43.8;"0=387;5=203;10=200;20=125;30=160;60=53;90=105";2.5;"1=12977;2=4189;4=1374;6=582;8=291;10=188;12=540";155;0;1790;0;660;5084;10540;18229;0;18229;0
19/10/2018;307;5;2736;5;3375;311;17615;6306930;0;0;3.5;220954;1;1.051005798;0;0;126797;126797;4963;118;17672;5.3;1975;46903;18.2;139;1233;21442;332721;210231;java=210231;107041;27.3;41744;53956;43.8;"0=387;5=203;10=200;20=124;30=161;60=53;90=105";2.5;"1=12978;2=4188;4=1379;6=581;8=292;10=187;12=541";155;0;1789;0;660;5084;10545;18233;0;18233;0
26/10/2018;307;5;2736;5;3375;311;17615;6307800;0;0;3.5;220954;1;1.050860839;0;0;126816;126816;4963;118;17672;5.3;1975;46910;18.2;139;1233;21444;332761;210260;java=210260;107058;27.3;41750;53961;43.8;"0=387;5=203;10=200;20=124;30=161;60=53;90=105";2.5;"1=12979;2=4189;4=1379;6=581;8=292;10=187;12=541";155;0;1789;0;660;5084;10545;18233;0;18233;0
2/11/2018;307;5;2736;5;3375;311;17614;6307890;0;0;3.5;220945;1;1.050803042;0;0;126806;126806;4963;118;17672;5.3;1976;46914;18.2;139;1234;21445;332791;210263;java=210263;107044;27.3;41743;53958;43.7;"0=387;5=203;10=201;20=124;30=161;60=53;90=105";2.5;"1=12980;2=4189;4=1380;6=580;8=293;10=186;12=541";155;0;1789;0;660;5083;10545;18232;0;18232;0
