date;bugs;new_bugs;reliability_remediation_effort;new_reliability_remediation_effort;reliability_rating;new_reliability_rating;vulnerabilities;new_vulnerabilities;security_remediation_effort;new_security_remediation_effort;security_rating;new_security_rating;code_smells;new_code_smells;sqale_index;new_technical_debt;sqale_rating;new_maintainability_rating;development_cost;sqale_debt_ratio;new_sqale_debt_ratio;effort_to_reach_maintainability_rating_a;normalized_td;tests;test_execution_time;test_errors;skipped_tests;test_failures;test_success_density;test_data;coverage;new_coverage;lines_to_cover;new_lines_to_cover;uncovered_lines;new_uncovered_lines;line_coverage;new_line_coverage;coverage_line_hits_data;conditions_to_cover;new_conditions_to_cover;uncovered_conditions;new_uncovered_conditions;branch_coverage;new_branch_coverage;conditions_by_line;covered_conditions_by_line;it_coverage;new_it_coverage;it_lines_to_cover;new_it_lines_to_cover;it_uncovered_lines;new_it_uncovered_lines;it_line_coverage;new_it_line_coverage;it_coverage_line_hits_data;it_conditions_to_cover;new_it_conditions_to_cover;it_uncovered_conditions;new_it_uncovered_conditions;it_branch_coverage;new_it_branch_coverage;it_conditions_by_line;it_covered_conditions_by_line;overall_coverage;new_overall_coverage;overall_lines_to_cover;new_overall_lines_to_cover;overall_uncovered_lines;new_overall_uncovered_lines;overall_line_coverage;new_overall_line_coverage;overall_coverage_line_hits_data;overall_conditions_to_cover;new_overall_conditions_to_cover;overall_uncovered_conditions;new_overall_uncovered_conditions;overall_branch_coverage;new_overall_branch_coverage;overall_conditions_by_line;overall_covered_conditions_by_line;executable_lines_data;duplicated_lines;new_duplicated_lines;duplicated_blocks;new_duplicated_blocks;duplicated_files;duplicated_lines_density;new_duplicated_lines_density;duplications_data;lines;generated_lines;ncloc;new_lines;ncloc_language_distribution;generated_ncloc;classes;files;directories;functions;statements;projects;comment_lines;comment_lines_density;ncloc_data;comment_lines_data;team_size;complexity;file_complexity;complexity_in_classes;class_complexity;complexity_in_functions;function_complexity;class_complexity_distribution;function_complexity_distribution;file_complexity_distribution;cognitive_complexity;violations;blocker_violations;critical_violations;major_violations;minor_violations;info_violations;new_violations;new_blocker_violations;new_critical_violations;new_major_violations;new_minor_violations;new_info_violations;false_positive_issues;wont_fix_issues;open_issues;reopened_issues;confirmed_issues;commented_out_code_lines;public_api;public_documented_api_density;public_undocumented_api
21/12/2018;0;;0;;1;;0;;0;;1;;298;;3990;;1;;298110;1.3;;0;0.401529637;;;;;;;;0;;3761;;3761;;0;;;;;;;;;;;;;;;;;;;;;;;;;;;;;;;;;;;;;;;;;;;;;;948;;50;;14;6.6;;;14365;;9937;;"java=8460;xml=1477";;127;149;31;1867;2798;;344;3.3;;;;2045;16.1;;16.1;;1.1;;"1=1769;2=68;4=17;6=3;8=1;10=0;12=0";"0=22;5=49;10=39;20=8;30=4;60=2;90=3";240;298;1;9;58;229;1;;;;;;;0;0;298;0;0;;;;
3/1/2019;2;;20;;3;;0;;0;;1;;484;;4810;;1;;374760;1.3;2.212065814;0;0.38504643;;;;;;;;0;;5142;;5142;;0;;;;;;;;;;;;;;;;;;;;;;;;;;;;;;;;;;;;;;;;;;;;;;1202;;45;;13;6.6;;;18208;;12492;;"java=10988;xml=1504";;149;171;32;2142;3918;;761;5.7;;;;2571;17.3;;17.3;;1.2;;"1=1942;2=130;4=38;6=12;8=6;10=0;12=0";"0=25;5=57;10=39;20=13;30=9;60=2;90=4";603;486;1;29;178;272;6;;;;;;;0;0;486;0;0;;;;
5/1/2019;0;;0;;1;;0;;0;;1;;465;;4690;;1;;365400;1.3;2.345596433;0;0.385057471;;;;;;;;0;;4956;;4956;;0;;;;;;;;;;;;;;;;;;;;;;;;;;;;;;;;;;;;;;;;;;;;;;872;;43;;11;4.9;;;17835;;12180;;"java=10676;xml=1504";;147;169;32;2114;3746;;759;5.9;;;;2495;17;;17;;1.2;;"1=1930;2=122;4=32;6=10;8=6;10=0;12=0";"0=25;5=57;10=39;20=13;30=7;60=2;90=4";523;465;1;27;170;261;6;;;;;;;0;0;465;0;0;;;;
6/1/2019;0;;0;;1;;0;;0;;1;;466;;4698;;1;;365400;1.3;2.363433668;0;0.385714286;;;;;;;;0;;4961;;4961;;0;;;;;;;;;;;;;;;;;;;;;;;;;;;;;;;;;;;;;;;;;;;;;;872;;43;;11;4.9;;;17836;;12180;;"java=10681;xml=1499";;147;169;32;2114;3748;;759;5.9;;;;2495;17;;17;;1.2;;"1=1930;2=122;4=32;6=10;8=6;10=0;12=0";"0=25;5=57;10=39;20=13;30=7;60=2;90=4";523;466;1;28;170;261;6;;;;;;;0;0;466;0;0;;;;
8/1/2019;0;;0;;1;;5;;25;;2;;832;;13556;;1;;365400;3.7;15.97324415;0;1.112972085;;;;;;;;0;;4961;;4961;;0;;;;;;;;;;;;;;;;;;;;;;;;;;;;;;;;;;;;;;;;;;;;;;872;;43;;11;4.9;;;17836;;12180;;"java=10681;xml=1499";;147;169;32;2114;3748;;759;5.9;;;;2495;17;;17;;1.2;;"1=1930;2=122;4=32;6=10;8=6;10=0;12=0";"0=25;5=57;10=39;20=13;30=7;60=2;90=4";523;837;1;80;400;346;10;;;;;;;0;0;837;0;0;;;;
9/1/2019;0;;0;;1;;0;;0;;1;;664;;6761;;1;;365430;1.9;6.215505913;0;0.555044742;;;;;;;;0;;4961;;4961;;0;;;;;;;;;;;;;;;;;;;;;;;;;;;;;;;;;;;;;;;;;;;;;;872;;43;;11;4.9;;;17687;;12181;;"java=10682;xml=1499";;147;169;32;2114;3748;;732;5.7;;;;2495;17;;17;;1.2;;"1=1930;2=122;4=32;6=10;8=6;10=0;12=0";"0=25;5=57;10=39;20=13;30=7;60=2;90=4";523;664;1;77;235;341;10;;;;;;;0;0;664;0;0;;;;
12/1/2019;4;;50;;3;;7;;40;;2;;739;;7059;;1;;486990;1.4;3.452162195;0;0.434854925;;;;;;;;0;;6804;;6804;;0;;;;;;;;;;;;;;;;;;;;;;;;;;;;;;;;;;;;;;;;;;;;;;1126;;53;;14;5;;;22710;;16233;;"java=14674;xml=1559";;191;213;37;2224;5147;;841;4.9;;;;2880;15.2;;15.1;;1.3;;"1=1884;2=236;4=56;6=13;8=8;10=0;12=0";"0=39;5=64;10=51;20=15;30=12;60=4;90=5";910;750;1;130;345;239;35;;;;;;;0;0;750;0;0;;;;
18/1/2019;3;;40;;3;;3;;20;;2;;714;;7881;;1;;556110;1.4;2.633066796;0;0.425149701;;;;;;;;0;;8022;;8022;;0;;;;;;;;;;;;;;;;;;;;;;;;;;;;;;;;;;;;;;;;;;;;;;1183;;73;;17;4.6;;;25483;;18537;;"java=16923;xml=1614";;212;234;38;2461;6067;;652;3.4;;;;3286;15.6;;15.5;;1.3;;"1=2058;2=273;4=74;6=16;8=13;10=0;12=0";"0=43;5=73;10=56;20=11;30=18;60=1;90=9";1138;720;7;117;303;257;36;;;;;;;0;0;720;0;0;;;;
27/2/2019;16;;200;;3;;11;;100;;2;;1085;;12946;;1;;893850;1.4;2.088026805;0;0.434502433;;;;;;;;0;;13931;;13931;;0;;;;;;;;;;;;;;;;;;;;;;;;;;;;;;;;;;;;;;;;;;;;;;1248;;88;;26;3.1;;;40111;;29795;;"java=27768;xml=2027";;287;319;55;3706;10680;;944;3.1;;;;5196;18.2;;18.1;;1.4;;"1=2956;2=496;4=129;6=39;8=18;10=7;12=0";"0=67;5=80;10=75;20=25;30=20;60=6;90=13";2095;1112;0;222;465;405;20;;;;;;;0;0;1112;0;0;;;;
10/3/2019;12;;165;;3;;9;;90;;2;;1140;;13613;;1;;936840;1.5;2.04819466;0;0.43592289;;;;;;;;0;;14716;;14716;;0;;;;;;;;;;;;;;;;;;;;;;;;;;;;;;;;;;;;;;;;;;;;;;1408;;90;;28;3.3;;;42114;;31228;;"java=29192;xml=2036";;295;327;55;3874;11331;;1031;3.2;;;;5466;18.6;;18.5;;1.4;;"1=3060;2=522;4=139;6=45;8=18;10=9;12=0";"0=70;5=80;10=77;20=25;30=22;60=7;90=13";2312;1161;0;239;491;408;23;;;;;;;0;0;1161;0;0;;;;
17/3/2019;12;;165;;3;;9;;90;;2;;1150;;13753;;1;;974700;1.4;1.953456719;0;0.423299477;;;;;;;;0;;14796;;14796;;0;;;;;;;;;;;;;;;;;;;;;;;;;;;;;;;;;;;;;;;;;;;;;;1590;;96;;34;3.6;;;43892;;32490;;"java=29463;xml=3027";;304;353;71;3912;11396;;1089;3.2;;;;5488;18.1;;18.1;;1.4;;"1=3070;2=525;4=141;6=44;8=18;10=9;12=0";"0=79;5=80;10=77;20=25;30=22;60=7;90=13";2331;1171;0;239;501;408;23;;;;;;;0;0;1171;0;0;;;;
24/3/2019;12;;165;;3;;9;;90;;2;;1152;;13786;;1;;977460;1.4;1.949771689;0;0.423117058;;;;;;;;0;;14831;;14831;;0;;;;;;;;;;;;;;;;;;;;;;;;;;;;;;;;;;;;;;;;;;;;;;1590;;96;;34;3.6;;;43989;;32582;;"java=29552;xml=3030";;304;352;71;3931;11424;;1091;3.2;;;;5510;18.2;;18.1;;1.4;;"1=3088;2=526;4=141;6=44;8=18;10=9;12=0";"0=79;5=80;10=77;20=25;30=22;60=7;90=13";2335;1173;0;240;503;407;23;;;;;;;0;0;1173;0;0;;;;
31/3/2019;12;;165;;3;;11;;90;;3;;1195;;14235;;1;;989220;1.4;1.977631351;0;0.431703767;;;;;;;;0;;15029;;15029;;0;;;;;;;;;;;;;;;;;;;;;;;;;;;;;;;;;;;;;;;;;;;;;;1610;;98;;36;3.6;;;44522;;32974;;"java=29948;xml=3026";;308;356;71;3971;11601;;1123;3.3;;;;5562;18.1;;18.1;;1.4;;"1=3120;2=531;4=142;6=44;8=18;10=9;12=0";"0=79;5=83;10=77;20=26;30=22;60=7;90=13";2348;1218;0;242;526;424;26;;;;;;;0;0;1218;0;0;;;;
4/4/2019;12;;165;;3;;11;;90;;3;;1195;;14235;;1;;989220;1.4;1.977459905;0;0.431703767;;;;;;;;0;;15029;;15029;;0;;;;;;;;;;;;;;;;;;;;;;;;;;;;;;;;;;;;;;;;;;;;;;1610;;98;;36;3.6;;;44523;;32974;;"java=29948;xml=3026";;308;356;71;3971;11601;;1123;3.3;;;;5562;18.1;;18.1;;1.4;;"1=3120;2=531;4=142;6=44;8=18;10=9;12=0";"0=79;5=83;10=77;20=26;30=22;60=7;90=13";2348;1218;0;242;526;424;26;;;;;;;0;0;1218;0;0;;;;
12/5/2019;25;;297;;3;;14;;110;;3;;1538;;18136;;1;;1194330;1.5;1.947425367;0;0.455552485;;;;;;;;0;;18671;;18671;;0;;;;;;;;;;;;;;;;;;;;;;;;;;;;;;;;;;;;;;;;;;;;;;2409;;132;;48;4.5;;;53393;;39811;;"java=36860;xml=2951";;347;391;73;4847;14225;;1287;3.1;;;;6816;19.7;;19.6;;1.4;;"1=3794;2=657;4=180;6=49;8=21;10=11;12=1";"0=85;5=95;10=80;20=29;30=32;60=8;90=17";2911;1577;1;339;692;507;38;;;;;;;0;0;1577;0;0;;;;
19/5/2019;22;;252;;3;;11;;90;;3;;1527;;17930;;1;;1180650;1.5;1.909542244;0;0.455596493;;;;;;;;0;;18603;;18603;;0;;;;;;;;;;;;;;;;;;;;;;;;;;;;;;;;;;;;;;;;;;;;;;2379;;132;;48;4.5;;;52574;;39355;;"java=36457;xml=2898";;332;376;70;4750;14168;;1235;3;;;;6727;20.3;;20.3;;1.4;;"1=3712;2=646;4=182;6=52;8=21;10=9;12=1";"0=77;5=95;10=77;20=28;30=29;60=8;90=18";2895;1560;1;337;687;498;37;;;;;;;0;0;1560;0;0;;;;
26/5/2019;22;;252;;3;;11;;90;;3;;1517;;17910;;1;;1178610;1.5;1.909861376;0;0.45587599;;;;;;;;0;;18610;;18610;;0;;;;;;;;;;;;;;;;;;;;;;;;;;;;;;;;;;;;;;;;;;;;;;2379;;132;;48;4.5;;;52482;;39287;;"java=36462;xml=2825";;332;375;69;4753;14174;;1233;3;;;;6731;20.3;;20.3;;1.4;;"1=3715;2=646;4=182;6=52;8=21;10=9;12=1";"0=77;5=95;10=77;20=28;30=29;60=8;90=18";2897;1550;1;337;687;488;37;;;;;;;0;0;1550;0;0;;;;
2/6/2019;22;;252;;3;;11;;90;;3;;1516;;17908;;1;;1180110;1.5;1.906510997;0;0.455245697;;;;;;;;0;;18634;;18634;;0;;;;;;;;;;;;;;;;;;;;;;;;;;;;;;;;;;;;;;;;;;;;;;2379;;132;;48;4.5;;;52533;;39337;;"java=36512;xml=2825";;332;375;69;4759;14192;;1228;3;;;;6740;20.3;;20.3;;1.4;;"1=3720;2=647;4=181;6=53;8=21;10=9;12=1";"0=77;5=95;10=77;20=28;30=29;60=8;90=18";2905;1549;1;337;686;488;37;;;;;;;0;0;1549;0;0;;;;
9/6/2019;24;;272;;3;;12;;95;;3;;1547;;18150;;1;;1187190;1.5;1.91643901;0;0.458646047;;;;;;;;0;;18783;;18783;;0;;;;;;;;;;;;;;;;;;;;;;;;;;;;;;;;;;;;;;;;;;;;;;2342;;132;;48;4.4;;;52788;;39573;;"java=36748;xml=2825";;334;377;69;4771;14318;;1250;3.1;;;;6762;20.2;;20.2;;1.4;;"1=3726;2=654;4=181;6=53;8=20;10=9;12=1";"0=77;5=99;10=75;20=28;30=29;60=9;90=17";2896;1583;1;338;702;506;36;;;;;;;0;0;1583;0;0;;;;
16/6/2019;26;;292;;3;;12;;95;;3;;1566;;18197;;1;;1194060;1.5;1.9064369;0;0.457188081;;;;;;;;0;;18916;;18916;;0;;;;;;;;;;;;;;;;;;;;;;;;;;;;;;;;;;;;;;;;;;;;;;2340;;132;;48;4.4;;;53049;;39802;;"java=36974;xml=2828";;336;379;69;4790;14413;;1252;3;;;;6795;20.2;;20.2;;1.4;;"1=3743;2=656;4=181;6=53;8=20;10=9;12=1";"0=77;5=101;10=75;20=28;30=29;60=9;90=17";2913;1604;1;339;703;526;35;;;;;;;0;0;1604;0;0;;;;
23/6/2019;29;;322;;3;;19;;135;;3;;1587;;18343;;1;;1199550;1.5;1.910734717;0;0.45874703;;;;;;;;0;;19011;;19011;;0;;;;;;;;;;;;;;;;;;;;;;;;;;;;;;;;;;;;;;;;;;;;;;2340;;132;;48;4.4;;;53297;;39985;;"java=37157;xml=2828";;338;381;70;4809;14489;;1276;3.1;;;;6830;20.2;;20.2;;1.4;;"1=3758;2=657;4=182;6=55;8=20;10=9;12=1";"0=77;5=103;10=74;20=28;30=30;60=8;90=18";2934;1635;1;344;715;541;34;;;;;;;0;0;1635;0;0;;;;
30/6/2019;35;;382;;3;;19;;135;;3;;1583;;18346;;1;;1199970;1.5;1.910197625;0;0.458661467;;;;;;;;0;;18999;;18999;;0;;;;;;;;;;;;;;;;;;;;;;;;;;;;;;;;;;;;;;;;;;;;;;2320;;132;;48;4.4;;;53312;;39999;;"java=37171;xml=2828";;338;381;70;4818;14474;;1294;3.1;;;;6856;20.3;;20.3;;1.4;;"1=3764;2=659;4=185;6=54;8=19;10=9;12=1";"0=77;5=103;10=73;20=29;30=29;60=9;90=18";2943;1637;1;340;719;543;34;;;;;;;0;0;1637;0;0;;;;
7/7/2019;37;;402;;3;;19;;135;;3;;1607;;18435;;1;;1207800;1.5;1.903535546;0;0.457898659;;;;;;;;0;;19179;;19179;;0;;;;;;;;;;;;;;;;;;;;;;;;;;;;;;;;;;;;;;;;;;;;;;2320;;132;;48;4.3;;;53593;;40260;;"java=37400;xml=2860";;338;381;70;4841;14640;;1297;3.1;;;;6941;20.5;;20.5;;1.4;;"1=3781;2=659;4=184;6=57;8=20;10=9;12=4";"0=77;5=103;10=71;20=29;30=31;60=8;90=19";3000;1663;1;347;728;554;33;;;;;;;0;0;1663;0;0;;;;
14/7/2019;41;;442;;3;;23;;170;;3;;1639;;18730;;1;;1219920;1.5;1.910202886;0;0.460603974;;;;;;;;0;;19464;;19464;;0;;;;;;;;;;;;;;;;;;;;;;;;;;;;;;;;;;;;;;;;;;;;;;2284;;130;;47;4.2;;;54061;;40664;;"java=37799;xml=2865";;339;382;71;4869;14879;;1293;3.1;;;;7006;20.7;;20.7;;1.4;;"1=3801;2=663;4=185;6=59;8=21;10=9;12=4";"0=77;5=101;10=73;20=30;30=31;60=8;90=19";3046;1703;2;356;747;563;35;;;;;;;0;0;1703;0;0;;;;
21/7/2019;41;;442;;3;;23;;170;;3;;1639;;18730;;1;;1219920;1.5;1.910202886;0;0.460603974;;;;;;;;0;;19464;;19464;;0;;;;;;;;;;;;;;;;;;;;;;;;;;;;;;;;;;;;;;;;;;;;;;2284;;130;;47;4.2;;;54061;;40664;;"java=37799;xml=2865";;339;382;71;4869;14879;;1293;3.1;;;;7006;20.7;;20.7;;1.4;;"1=3801;2=663;4=185;6=59;8=21;10=9;12=4";"0=77;5=101;10=73;20=30;30=31;60=8;90=19";3046;1703;2;356;747;563;35;;;;;;;0;0;1703;0;0;;;;
28/7/2019;41;;442;;3;;23;;170;;3;;1639;;18730;;1;;1219920;1.5;1.910202886;0;0.460603974;;;;;;;;0;;19464;;19464;;0;;;;;;;;;;;;;;;;;;;;;;;;;;;;;;;;;;;;;;;;;;;;;;2284;;130;;47;4.2;;;54061;;40664;;"java=37799;xml=2865";;339;382;71;4869;14879;;1293;3.1;;;;7006;20.7;;20.7;;1.4;;"1=3801;2=663;4=185;6=59;8=21;10=9;12=4";"0=77;5=101;10=73;20=30;30=31;60=8;90=19";3046;1703;2;356;747;563;35;;;;;;;0;0;1703;0;0;;;;
4/8/2019;41;;442;;3;;23;;170;;3;;1639;;18730;;1;;1219920;1.5;1.910202886;0;0.460603974;;;;;;;;0;;19464;;19464;;0;;;;;;;;;;;;;;;;;;;;;;;;;;;;;;;;;;;;;;;;;;;;;;2284;;130;;47;4.2;;;54061;;40664;;"java=37799;xml=2865";;339;382;71;4869;14879;;1293;3.1;;;;7006;20.7;;20.7;;1.4;;"1=3801;2=663;4=185;6=59;8=21;10=9;12=4";"0=77;5=101;10=73;20=30;30=31;60=8;90=19";3046;1703;2;356;747;563;35;;;;;;;0;0;1703;0;0;;;;
11/8/2019;40;;427;;3;;23;;170;;3;;1677;;18933;;1;;1215750;1.6;1.939969102;0;0.467193091;;;;;;;;0;;19380;;19380;;0;;;;;;;;;;;;;;;;;;;;;;;;;;;;;;;;;;;;;;;;;;;;;;2147;;125;;47;4;;;53942;;40525;;"java=37660;xml=2865";;338;381;71;4854;14808;;1336;3.2;;;;6975;20.6;;20.6;;1.4;;"1=3790;2=664;4=180;6=59;8=21;10=9;12=4";"0=79;5=97;10=74;20=30;30=31;60=8;90=19";3027;1740;2;355;781;568;34;;;;;;;0;0;1740;0;0;;;;
18/8/2019;40;;427;;3;;23;;170;;3;;1675;;18977;;1;;1217550;1.6;1.940921631;0;0.467586547;;;;;;;;0;;19414;;19414;;0;;;;;;;;;;;;;;;;;;;;;;;;;;;;;;;;;;;;;;;;;;;;;;2147;;125;;47;4;;;54010;;40585;;"java=37720;xml=2865";;338;381;71;4858;14828;;1336;3.2;;;;6984;20.7;;20.7;;1.4;;"1=3794;2=662;4=182;6=59;8=21;10=9;12=4";"0=79;5=97;10=74;20=30;30=31;60=8;90=19";3035;1738;2;357;783;562;34;;;;;;;0;0;1738;0;0;;;;
25/8/2019;41;;437;;3;;24;;180;;3;;1704;;19302;;1;;1238700;1.6;1.93190913;0;0.467473965;;;;;;;;0;;19779;;19779;;0;;;;;;;;;;;;;;;;;;;;;;;;;;;;;;;;;;;;;;;;;;;;;;2229;;127;;49;4.1;;;54842;;41290;;"java=38419;xml=2871";;342;385;71;4960;15107;;1338;3.1;;;;7141;20.9;;20.9;;1.4;;"1=3883;2=666;4=185;6=65;8=21;10=9;12=4";"0=79;5=96;10=79;20=30;30=31;60=8;90=19";3109;1769;2;365;795;573;34;;;;;;;0;0;1769;0;0;;;;
29/8/2019;41;;437;;3;;24;;180;;3;;1659;;19193;;1;;1241490;1.5;1.920357695;0;0.463789479;;;;;;;;0;;19835;;19835;;0;;;;;;;;;;;;;;;;;;;;;;;;;;;;;;;;;;;;;;;;;;;;;;2229;;127;;49;4.1;;;54953;;41383;;"java=38512;xml=2871";;342;385;71;4973;15154;;1336;3.1;;;;7164;20.9;;20.9;;1.4;;"1=3892;2=669;4=186;6=65;8=21;10=9;12=4";"0=79;5=96;10=79;20=30;30=31;60=8;90=19";3123;1724;2;365;790;533;34;;;;;;;0;0;1724;0;0;;;;
8/9/2019;41;;437;;3;;24;;180;;3;;1662;;19208;;1;;1244220;1.5;1.916539129;0;0.463133529;;;;;;;;0;;19914;;19914;;0;;;;;;;;;;;;;;;;;;;;;;;;;;;;;;;;;;;;;;;;;;;;;;2229;;127;;49;4;;;55065;;41474;;"java=38603;xml=2871";;342;385;71;4982;15215;;1345;3.1;;;;7184;21;;21;;1.4;;"1=3895;2=674;4=186;6=66;8=21;10=9;12=4";"0=79;5=96;10=79;20=30;30=31;60=8;90=19";3135;1727;2;365;793;533;34;;;;;;;0;0;1727;0;0;;;;
15/9/2019;40;;427;;3;;24;;180;;3;;1645;;19096;;1;;1244400;1.5;1.904761905;0;0.460366442;;;;;;;;0;;19919;;19919;;0;;;;;;;;;;;;;;;;;;;;;;;;;;;;;;;;;;;;;;;;;;;;;;2229;;127;;49;4;;;55071;;41480;;"java=38609;xml=2871";;342;385;71;4982;15220;;1345;3.1;;;;7184;21;;21;;1.4;;"1=3895;2=674;4=186;6=66;8=21;10=9;12=4";"0=79;5=96;10=79;20=30;30=31;60=8;90=19";3141;1709;2;359;787;527;34;;;;;;;0;0;1709;0;0;;;;
22/9/2019;40;;427;;3;;24;;180;;3;;1645;;19099;;1;;1245900;1.5;1.902157306;0;0.459884421;;;;;;;;0;;19945;;19945;;0;;;;;;;;;;;;;;;;;;;;;;;;;;;;;;;;;;;;;;;;;;;;;;2229;;127;;49;4;;;55131;;41530;;"java=38659;xml=2871";;342;385;71;4985;15244;;1346;3.1;;;;7191;21;;21;;1.4;;"1=3897;2=675;4=185;6=67;8=21;10=9;12=4";"0=79;5=96;10=78;20=31;30=31;60=8;90=19";3146;1709;2;361;787;525;34;;;;;;;0;0;1709;0;0;;;;
24/9/2019;40;;427;;3;;24;;180;;3;;1664;;19253;;1;;1247220;1.5;1.91526803;0;0.463101939;;;;;;;;0;;19982;;19982;;0;;;;;;;;;;;;;;;;;;;;;;;;;;;;;;;;;;;;;;;;;;;;;;2229;;127;;49;4;;;55179;;41574;;"java=38703;xml=2871";;342;385;71;4987;15257;;1346;3.1;;;;7194;21;;21;;1.4;;"1=3899;2=674;4=186;6=67;8=21;10=9;12=4";"0=79;5=96;10=78;20=31;30=31;60=8;90=19";3148;1728;2;379;788;525;34;;;;;;;0;0;1728;0;0;;;;
6/10/2019;40;;427;;3;;24;;180;;3;;1653;;19121;;1;;1241670;1.5;1.912521353;0;0.461982652;;;;;;;;0;;19853;;19853;;0;;;;;;;;;;;;;;;;;;;;;;;;;;;;;;;;;;;;;;;;;;;;;;2119;;121;;49;3.9;;;54911;;41389;;"java=38518;xml=2871";;343;386;71;4987;15102;;1319;3.1;;;;7149;20.8;;20.8;;1.4;;"1=3909;2=675;4=181;6=62;8=21;10=8;12=4";"0=79;5=97;10=78;20=30;30=31;60=9;90=19";3029;1717;2;376;776;531;32;;;;;;;0;0;1717;0;0;;;;
13/10/2019;43;;452;;3;;24;;180;;3;;1639;;18986;;1;;1231050;1.5;1.909520872;0;0.462678202;;;;;;;;0;;19884;;19884;;0;;;;;;;;;;;;;;;;;;;;;;;;;;;;;;;;;;;;;;;;;;;;;;2001;;116;;46;3.7;;;54481;;41035;;"java=38503;xml=2532";;343;386;71;4972;15094;;1297;3.1;;;;7147;20.8;;20.8;;1.4;;"1=3899;2=670;4=177;6=65;8=22;10=8;12=4";"0=79;5=97;10=79;20=30;30=30;60=9;90=19";3046;1706;2;377;770;525;32;;;;;;;0;0;1706;0;0;;;;
19/10/2019;45;;472;;3;;24;;180;;3;;1651;;19088;;1;;1233150;1.5;1.91587155;0;0.464371731;;;;;;;;0;;19935;;19935;;0;;;;;;;;;;;;;;;;;;;;;;;;;;;;;;;;;;;;;;;;;;;;;;2061;;118;;47;3.8;;;54570;;41105;;"java=38573;xml=2532";;343;386;71;4976;15126;;1301;3.1;;;;7173;20.9;;20.9;;1.4;;"1=3901;2=672;4=176;6=64;8=22;10=8;12=6";"0=79;5=96;10=80;20=29;30=31;60=9;90=19";3070;1720;2;382;777;527;32;;;;;;;0;0;1720;0;0;;;;
27/10/2019;45;;472;;3;;24;;180;;3;;1638;;19093;;1;;1241190;1.5;1.900474127;0;0.461484543;;;;;;;;0;;20065;;20065;;0;;;;;;;;;;;;;;;;;;;;;;;;;;;;;;;;;;;;;;;;;;;;;;2061;;118;;47;3.8;;;54852;;41373;;"java=38841;xml=2532";;347;390;71;5019;15231;;1254;2.9;;;;7225;20.8;;20.8;;1.4;;"1=3937;2=674;4=179;6=64;8=22;10=8;12=6";"0=82;5=97;10=80;20=29;30=31;60=9;90=19";3083;1707;2;382;762;529;32;;;;;;;0;0;1707;0;0;;;;
3/11/2019;46;;482;;3;;29;;205;;3;;1723;;19889;;1;;1283910;1.5;1.901545719;0;0.464728836;;;;;;;;0;;21002;;21002;;0;;;;;;;;;;;;;;;;;;;;;;;;;;;;;;;;;;;;;;;;;;;;;;2078;;119;;46;3.7;;;56446;;42797;;"java=40265;xml=2532";;351;394;71;5113;15749;;1232;2.8;;;;7388;21;;21;;1.4;;"1=4007;2=690;4=184;6=63;8=25;10=9;12=6";"0=79;5=102;10=81;20=29;30=32;60=9;90=19";3173;1798;2;447;765;553;31;;;;;;;0;0;1798;0;0;;;;
10/11/2019;51;;532;;3;;30;;210;;3;;1777;;20605;;1;;1295610;1.6;1.949045568;0;0.477111168;;;;;;;;0;;21383;;21383;;0;;;;;;;;;;;;;;;;;;;;;;;;;;;;;;;;;;;;;;;;;;;;;;2194;;125;;50;3.9;;;56939;;43187;;"java=40655;xml=2532";;351;394;71;5155;16003;;1251;2.8;;;;7498;21.4;;21.4;;1.4;;"1=4048;2=697;4=187;6=62;8=24;10=9;12=8";"0=77;5=104;10=81;20=28;30=31;60=11;90=19";3247;1858;2;474;785;563;34;;;;;;;0;0;1858;0;0;;;;
14/11/2019;51;;532;;3;;30;;210;;3;;1778;;20675;;1;;1298580;1.6;1.950209462;0;0.477637111;;;;;;;;0;;21459;;21459;;0;;;;;;;;;;;;;;;;;;;;;;;;;;;;;;;;;;;;;;;;;;;;;;2194;;125;;50;3.9;;;56986;;43286;;"java=40754;xml=2532";;351;394;71;5160;16069;;1195;2.7;;;;7528;21.4;;21.4;;1.4;;"1=4052;2=696;4=188;6=62;8=24;10=9;12=9";"0=77;5=104;10=81;20=28;30=30;60=12;90=19";3275;1859;2;478;782;564;33;;;;;;;0;0;1859;0;0;;;;
21/11/2019;51;;532;;3;;30;;210;;3;;1776;;20671;;1;;1303140;1.6;1.94087379;0;0.475873659;;;;;;;;0;;21521;;21521;;0;;;;;;;;;;;;;;;;;;;;;;;;;;;;;;;;;;;;;;;;;;;;;;2194;;125;;50;3.8;;;57183;;43438;;"java=40906;xml=2532";;354;397;71;5175;16111;;1204;2.7;;;;7551;21.3;;21.3;;1.4;;"1=4064;2=697;4=189;6=63;8=25;10=8;12=9";"0=79;5=105;10=80;20=29;30=30;60=12;90=19";3285;1857;2;479;785;559;32;;;;;;;0;0;1857;0;0;;;;
14/2/2020;56;;577;;3;;57;;705;;3;;1882;;21852;;1;;1345110;1.6;1.964346148;0;0.487365346;;;;;;;;0;;22329;;22329;;0;;;;;;;;;;;;;;;;;;;;;;;;;;;;;;;;;;;;;;;;;;;;;;2437;;139;;57;4.2;;;58662;;44837;;"java=42323;xml=2514";;359;402;71;5281;16598;;1231;2.7;;;;7756;21.6;;21.6;;1.4;;"1=4156;2=710;4=184;6=68;8=25;10=9;12=10";"0=78;5=105;10=86;20=28;30=29;60=12;90=21";3442;1995;2;504;847;613;29;;;;;;;0;0;1995;0;0;;;;
15/2/2020;56;;577;;3;;57;;705;;3;;1882;;21852;;1;;1345110;1.6;1.964346148;0;0.487365346;;;;;;;;0;;22329;;22329;;0;;;;;;;;;;;;;;;;;;;;;;;;;;;;;;;;;;;;;;;;;;;;;;2437;;139;;57;4.2;;;58662;;44837;;"java=42323;xml=2514";;359;402;71;5281;16598;;1231;2.7;;;;7756;21.6;;21.6;;1.4;;"1=4156;2=710;4=184;6=68;8=25;10=9;12=10";"0=78;5=105;10=86;20=28;30=29;60=12;90=21";3442;1995;2;504;847;613;29;;;;;;;0;0;1995;0;0;;;;
16/2/2020;55;;567;;3;;57;;705;;3;;1896;;21977;;1;;1345500;1.6;1.975074976;0;0.490011148;;;;;;;;0;;22341;;22341;;0;;;;;;;;;;;;;;;;;;;;;;;;;;;;;;;;;;;;;;;;;;;;;;2437;;139;;57;4.2;;;58676;;44850;;"java=42336;xml=2514";;359;402;71;5281;16610;;1231;2.7;;;;7757;21.6;;21.6;;1.4;;"1=4155;2=711;4=184;6=68;8=25;10=9;12=10";"0=78;5=105;10=86;20=28;30=29;60=12;90=21";3443;2008;2;504;860;613;29;;;;;;;0;0;2008;0;0;;;;
17/2/2020;55;;567;;3;;57;;705;;3;;1896;;21977;;1;;1345500;1.6;1.975074976;0;0.490011148;;;;;;;;0;;22341;;22341;;0;;;;;;;;;;;;;;;;;;;;;;;;;;;;;;;;;;;;;;;;;;;;;;2437;;139;;57;4.2;;;58676;;44850;;"java=42336;xml=2514";;359;402;71;5281;16610;;1231;2.7;;;;7757;21.6;;21.6;;1.4;;"1=4155;2=711;4=184;6=68;8=25;10=9;12=10";"0=78;5=105;10=86;20=28;30=29;60=12;90=21";3443;2008;2;504;860;613;29;;;;;;;0;0;2008;0;0;;;;
18/2/2020;55;;567;;3;;57;;705;;3;;1896;;21977;;1;;1345500;1.6;1.975074976;0;0.490011148;;;;;;;;0;;22341;;22341;;0;;;;;;;;;;;;;;;;;;;;;;;;;;;;;;;;;;;;;;;;;;;;;;2437;;139;;57;4.2;;;58676;;44850;;"java=42336;xml=2514";;359;402;71;5281;16610;;1231;2.7;;;;7757;21.6;;21.6;;1.4;;"1=4155;2=711;4=184;6=68;8=25;10=9;12=10";"0=78;5=105;10=86;20=28;30=29;60=12;90=21";3443;2008;2;504;860;613;29;;;;;;;0;0;2008;0;0;;;;
19/2/2020;55;;567;;3;;58;;710;;3;;1900;;21990;;1;;1345680;1.6;1.974801049;0;0.49023542;;;;;;;;0;;22351;;22351;;0;;;;;;;;;;;;;;;;;;;;;;;;;;;;;;;;;;;;;;;;;;;;;;2437;;139;;57;4.2;;;58657;;44856;;"java=42332;xml=2524";;358;401;70;5280;16611;;1227;2.7;;;;7754;21.7;;21.7;;1.4;;"1=4157;2=710;4=183;6=68;8=24;10=10;12=10";"0=78;5=104;10=86;20=28;30=29;60=12;90=21";3441;2013;2;504;860;618;29;;;;;;;0;0;2013;0;0;;;;
20/2/2020;55;;567;;3;;58;;710;;3;;1900;;21990;;1;;1345680;1.6;1.974801049;0;0.49023542;;;;;;;;0;;22351;;22351;;0;;;;;;;;;;;;;;;;;;;;;;;;;;;;;;;;;;;;;;;;;;;;;;2437;;139;;57;4.2;;;58657;;44856;;"java=42332;xml=2524";;358;401;70;5280;16611;;1227;2.7;;;;7754;21.7;;21.7;;1.4;;"1=4157;2=710;4=183;6=68;8=24;10=10;12=10";"0=78;5=104;10=86;20=28;30=29;60=12;90=21";3441;2013;2;504;860;618;29;;;;;;;0;0;2013;0;0;;;;
21/2/2020;55;;567;;3;;58;;710;;3;;1900;;21990;;1;;1345680;1.6;1.974801049;0;0.49023542;;;;;;;;0;;22351;;22351;;0;;;;;;;;;;;;;;;;;;;;;;;;;;;;;;;;;;;;;;;;;;;;;;2437;;139;;57;4.2;;;58657;;44856;;"java=42332;xml=2524";;358;401;70;5280;16611;;1227;2.7;;;;7754;21.7;;21.7;;1.4;;"1=4157;2=710;4=183;6=68;8=24;10=10;12=10";"0=78;5=104;10=86;20=28;30=29;60=12;90=21";3441;2013;2;504;860;618;29;;;;;;;0;0;2013;0;0;;;;
22/2/2020;55;;567;;3;;58;;710;;3;;1900;;21990;;1;;1345680;1.6;1.974801049;0;0.49023542;;;;;;;;0;;22351;;22351;;0;;;;;;;;;;;;;;;;;;;;;;;;;;;;;;;;;;;;;;;;;;;;;;2437;;139;;57;4.2;;;58657;;44856;;"java=42332;xml=2524";;358;401;70;5280;16611;;1227;2.7;;;;7754;21.7;;21.7;;1.4;;"1=4157;2=710;4=183;6=68;8=24;10=10;12=10";"0=78;5=104;10=86;20=28;30=29;60=12;90=21";3441;2013;2;504;860;618;29;;;;;;;0;0;2013;0;0;;;;
23/2/2020;55;;567;;3;;58;;710;;3;;1900;;21990;;1;;1345680;1.6;1.974801049;0;0.49023542;;;;;;;;0;;22351;;22351;;0;;;;;;;;;;;;;;;;;;;;;;;;;;;;;;;;;;;;;;;;;;;;;;2437;;139;;57;4.2;;;58657;;44856;;"java=42332;xml=2524";;358;401;70;5280;16611;;1227;2.7;;;;7754;21.7;;21.7;;1.4;;"1=4157;2=710;4=183;6=68;8=24;10=10;12=10";"0=78;5=104;10=86;20=28;30=29;60=12;90=21";3441;2013;2;504;860;618;29;;;;;;;0;0;2013;0;0;;;;
24/2/2020;55;;567;;3;;58;;710;;3;;1900;;21990;;1;;1345680;1.6;1.974801049;0;0.49023542;;;;;;;;0;;22351;;22351;;0;;;;;;;;;;;;;;;;;;;;;;;;;;;;;;;;;;;;;;;;;;;;;;2437;;139;;57;4.2;;;58657;;44856;;"java=42332;xml=2524";;358;401;70;5280;16611;;1227;2.7;;;;7754;21.7;;21.7;;1.4;;"1=4157;2=710;4=183;6=68;8=24;10=10;12=10";"0=78;5=104;10=86;20=28;30=29;60=12;90=21";3441;2013;2;504;860;618;29;;;;;;;0;0;2013;0;0;;;;
25/2/2020;55;;567;;3;;58;;710;;3;;1900;;21990;;1;;1345680;1.6;1.974801049;0;0.49023542;;;;;;;;0;;22351;;22351;;0;;;;;;;;;;;;;;;;;;;;;;;;;;;;;;;;;;;;;;;;;;;;;;2437;;139;;57;4.2;;;58657;;44856;;"java=42332;xml=2524";;358;401;70;5280;16611;;1227;2.7;;;;7754;21.7;;21.7;;1.4;;"1=4157;2=710;4=183;6=68;8=24;10=10;12=10";"0=78;5=104;10=86;20=28;30=29;60=12;90=21";3441;2013;2;504;860;618;29;;;;;;;0;0;2013;0;0;;;;
26/2/2020;55;;567;;3;;58;;710;;3;;1900;;21990;;1;;1345710;1.6;1.974746921;0;0.490224491;;;;;;;;0;;22351;;22351;;0;;;;;;;;;;;;;;;;;;;;;;;;;;;;;;;;;;;;;;;;;;;;;;2437;;139;;57;4.2;;;58658;;44857;;"java=42333;xml=2524";;358;401;70;5280;16611;;1227;2.7;;;;7754;21.7;;21.7;;1.4;;"1=4157;2=710;4=183;6=68;8=24;10=10;12=10";"0=78;5=104;10=86;20=28;30=29;60=12;90=21";3441;2013;2;504;860;618;29;;;;;;;0;0;2013;0;0;;;;
28/2/2020;55;;567;;3;;58;;710;;3;;1876;;21945;;1;;1342560;1.6;1.978185878;0;0.490369146;;;;;;;;0;;22351;;22351;;0;;;;;;;;;;;;;;;;;;;;;;;;;;;;;;;;;;;;;;;;;;;;;;2437;;139;;57;4.2;;;58536;;44752;;"java=42333;xml=2419";;358;400;69;5280;16611;;1226;2.7;;;;7754;21.7;;21.7;;1.4;;"1=4157;2=710;4=183;6=68;8=24;10=10;12=10";"0=78;5=104;10=86;20=28;30=29;60=12;90=21";3441;1989;2;504;860;594;29;;;;;;;0;0;1989;0;0;;;;
29/2/2020;55;;567;;3;;58;;710;;3;;1876;;21945;;1;;1342560;1.6;1.978185878;0;0.490369146;;;;;;;;0;;22351;;22351;;0;;;;;;;;;;;;;;;;;;;;;;;;;;;;;;;;;;;;;;;;;;;;;;2437;;139;;57;4.2;;;58536;;44752;;"java=42333;xml=2419";;358;400;69;5280;16611;;1226;2.7;;;;7754;21.7;;21.7;;1.4;;"1=4157;2=710;4=183;6=68;8=24;10=10;12=10";"0=78;5=104;10=86;20=28;30=29;60=12;90=21";3441;1989;2;504;860;594;29;;;;;;;0;0;1989;0;0;;;;
1/3/2020;55;;567;;3;;58;;710;;3;;1876;;21945;;1;;1342560;1.6;1.978185878;0;0.490369146;;;;;;;;0;;22351;;22351;;0;;;;;;;;;;;;;;;;;;;;;;;;;;;;;;;;;;;;;;;;;;;;;;2437;;139;;57;4.2;;;58536;;44752;;"java=42333;xml=2419";;358;400;69;5280;16611;;1226;2.7;;;;7754;21.7;;21.7;;1.4;;"1=4157;2=710;4=183;6=68;8=24;10=10;12=10";"0=78;5=104;10=86;20=28;30=29;60=12;90=21";3441;1989;2;504;860;594;29;;;;;;;0;0;1989;0;0;;;;
2/3/2020;55;;567;;3;;58;;710;;3;;1876;;21945;;1;;1342560;1.6;1.978185878;0;0.490369146;;;;;;;;0;;22351;;22351;;0;;;;;;;;;;;;;;;;;;;;;;;;;;;;;;;;;;;;;;;;;;;;;;2437;;139;;57;4.2;;;58536;;44752;;"java=42333;xml=2419";;358;400;69;5280;16611;;1226;2.7;;;;7754;21.7;;21.7;;1.4;;"1=4157;2=710;4=183;6=68;8=24;10=10;12=10";"0=78;5=104;10=86;20=28;30=29;60=12;90=21";3441;1989;2;504;860;594;29;;;;;;;0;0;1989;0;0;;;;
3/3/2020;55;;567;;3;;58;;710;;3;;1876;;21945;;1;;1342560;1.6;1.978185878;0;0.490369146;;;;;;;;0;;22351;;22351;;0;;;;;;;;;;;;;;;;;;;;;;;;;;;;;;;;;;;;;;;;;;;;;;2437;;139;;57;4.2;;;58536;;44752;;"java=42333;xml=2419";;358;400;69;5280;16611;;1226;2.7;;;;7754;21.7;;21.7;;1.4;;"1=4157;2=710;4=183;6=68;8=24;10=10;12=10";"0=78;5=104;10=86;20=28;30=29;60=12;90=21";3441;1989;2;504;860;594;29;;;;;;;0;0;1989;0;0;;;;
4/3/2020;55;55;567;567;3;3;58;58;710;710;3;3;1876;1856;21945;21629;1;1;1342560;1.6;1.978185878;0;0.490369146;;;;;;;;0;0;22351;19084;22351;19084;0;0;;;0;;0;;;;;;;;;;;;;;;;;;;;;;;;;;;;;;;;;;;;;;;;2437;2025;139;128;57;4.2;4.248043802;;58536;;44752;47669;"java=42333;xml=2419";;358;400;69;5280;16611;;1226;2.7;;;;7754;21.7;7754;21.7;7619;1.4;;"1=4157;2=710;4=183;6=68;8=24;10=10;12=10";"0=78;5=104;10=86;20=28;30=29;60=12;90=21";3441;1989;2;504;860;594;29;1969;2;503;850;585;29;0;0;1989;0;0;;;;
