date;bugs;reliability_rating;reliability_remediation_effort;security_rating;security_remediation_effort;vulnerabilities;code_smells;development_cost;effort_to_reach_maintainability_rating_a;sqale_debt_ratio;sqale_index;sqale_rating;normalized_td;coverage;line_coverage;lines_to_cover;uncovered_lines;duplicated_blocks;duplicated_files;duplicated_lines;duplicated_lines_density;classes;comment_lines;comment_lines_density;directories;files;functions;lines;ncloc;ncloc_language_distribution;projects;statements;class_complexity;cognitive_complexity;complexity;file_complexity;file_complexity_distribution;function_complexity;blocker_violations;confirmed_issues;critical_violations;false_positive_issues;info_violations;major_violations;minor_violations;open_issues;reopened_issues;violations;wont_fix_issues
25/3/2016;420;5;5678;5;5067;361;5662;4273890;0;1.3;55555;1;0.389960902;0;0;72739;72739;124;47;36876;13.8;1648;49167;25.7;96;1035;14998;267538;142463;"java=85757;js=53879;xml=2827";;69802;11;39374;36468;36.3;"0=364;5=212;10=190;20=78;30=65;60=35;90=60";2.3;100;0;669;0;772;1806;3096;6443;0;6443;0
1/4/2016;419;5;5673;5;5067;361;5615;4269300;0;1.3;55041;1;0.386768323;0;0;72602;72602;124;47;36876;13.8;1648;49149;25.7;96;1035;14998;267377;142310;"java=85615;js=53868;xml=2827";;69702;11;39268;36448;36.3;"0=365;5=211;10=190;20=78;30=65;60=35;90=60";2.3;100;0;656;0;772;1791;3076;6395;0;6395;0
8/4/2016;419;5;5673;5;5067;361;5607;4270380;0;1.3;55037;1;0.386642407;0;0;72619;72619;124;47;36876;13.8;1648;49159;25.7;96;1035;14998;267434;142346;"java=85645;js=53874;xml=2827";;69717;11;39281;36459;36.3;"0=364;5=212;10=190;20=78;30=65;60=35;90=60";2.3;100;0;656;0;773;1782;3076;6387;0;6387;0
15/4/2016;421;5;5718;5;5067;361;5617;4277850;0;1.3;55146;1;0.386731653;0;0;72746;72746;124;47;36876;13.8;1651;49194;25.7;96;1035;15022;267765;142595;"java=85776;js=53973;xml=2846";;69836;11;39378;36542;36.4;"0=364;5=212;10=190;20=78;30=65;60=35;90=60";2.3;101;0;658;0;775;1788;3077;6399;0;6399;0
22/4/2016;424;5;5743;5;5217;370;5667;4289760;0;1.3;55525;1;0.388308437;0;0;72877;72877;124;47;36876;13.7;1658;49325;25.6;96;1037;15055;268439;142992;"java=86153;js=53984;xml=2855";;69948;11;39443;36596;36.4;"0=366;5=211;10=190;20=79;30=65;60=35;90=60";2.3;101;0;661;0;787;1801;3111;6461;0;6461;0
29/4/2016;424;5;5793;5;5217;370;5714;4071780;0;1.4;55579;1;0.409494128;0;0;68202;68202;77;43;28753;11.1;1666;48287;26.2;95;1038;13310;258708;135726;"java=87009;js=45863;xml=2854";;63109;11;31960;31263;31.1;"0=368;5=211;10=191;20=80;30=66;60=35;90=55";2.3;101;0;667;0;799;1778;3163;6508;0;6508;0
6/5/2016;422;5;5758;5;5217;370;5748;4082880;0;1.4;56042;1;0.411782859;0;0;68413;68413;84;47;28861;11.1;1670;48348;26.2;95;1040;13330;259248;136096;"java=87383;js=45863;xml=2850";;63288;11;32083;31338;31.1;"0=367;5=211;10=193;20=80;30=67;60=35;90=55";2.3;101;0;674;0;801;1797;3167;6540;0;6540;0
13/5/2016;422;5;5758;5;5217;370;5750;4083510;0;1.4;56056;1;0.411822182;0;0;68421;68421;84;47;28861;11.1;1670;48349;26.2;95;1040;13331;259271;136117;"java=87400;js=45863;xml=2854";;63294;11;32088;31343;31.1;"0=367;5=211;10=193;20=80;30=67;60=35;90=55";2.3;101;0;675;0;802;1797;3167;6542;0;6542;0
20/5/2016;423;5;5773;5;5217;370;5757;4086630;0;1.4;56140;1;0.412124415;0;0;68484;68484;84;47;28861;11.1;1671;48371;26.2;95;1041;13341;259461;136221;"java=87504;js=45863;xml=2854";;63342;11;32106;31362;31.1;"0=367;5=211;10=193;20=81;30=65;60=37;90=55";2.3;101;0;676;0;804;1801;3168;6550;0;6550;0
27/5/2016;424;5;5778;5;5207;369;5766;4086990;0;1.4;56235;1;0.412785448;0;0;68481;68481;84;47;28861;11.1;1671;48388;26.2;95;1041;13346;259506;136233;"java=87516;js=45863;xml=2854";;63333;11;32102;31361;31.1;"0=367;5=211;10=193;20=81;30=65;60=37;90=55";2.3;101;0;677;0;808;1801;3172;6559;0;6559;0
3/6/2016;424;5;5778;5;5207;369;5768;4087500;0;1.4;56244;1;0.4128;0;0;68487;68487;84;47;28861;11.1;1671;48391;26.2;95;1041;13346;259526;136250;"java=87525;js=45863;xml=2862";;63338;11;32108;31364;31.1;"0=367;5=211;10=193;20=81;30=65;60=37;90=55";2.3;101;0;678;0;809;1801;3172;6561;0;6561;0
10/6/2016;425;5;5788;5;5207;369;5765;4089510;0;1.4;56243;1;0.412589772;0;0;68523;68523;84;47;28861;11.1;1672;48409;26.2;95;1042;13350;259653;136317;"java=87592;js=45863;xml=2862";;63371;11;32121;31377;31.1;"0=367;5=212;10=193;20=81;30=65;60=37;90=55";2.3;101;0;678;0;809;1802;3169;6559;0;6559;0
17/6/2016;430;5;5808;5;5207;369;5788;4094700;0;1.4;56581;1;0.41454319;0;0;68611;68611;84;47;28861;11.1;1673;48453;26.2;95;1042;13361;259896;136490;"java=87765;js=45863;xml=2862";;63439;11;32186;31415;31.1;"0=367;5=210;10=194;20=82;30=65;60=37;90=55";2.3;107;0;683;0;814;1811;3172;6587;0;6587;0
24/6/2016;430;5;5808;5;5207;369;5787;4095000;0;1.4;56591;1;0.414586081;0;0;68616;68616;84;47;28861;11.1;1673;48461;26.2;95;1042;13363;259913;136500;"java=87775;js=45863;xml=2862";;63443;11;32187;31413;31.1;"0=367;5=210;10=194;20=82;30=65;60=37;90=55";2.3;107;0;683;0;816;1811;3169;6586;0;6586;0
1/7/2016;430;5;5808;5;5197;368;5802;4098480;0;1.4;56187;1;0.411276864;0;0;68664;68664;84;47;28848;11.1;1676;48532;26.2;95;1045;13375;260234;136616;"java=87891;js=45863;xml=2862";;63470;11;32171;31427;31;"0=370;5=213;10=191;20=82;30=65;60=38;90=54";2.3;116;0;648;0;822;1819;3195;6600;0;6600;0
8/7/2016;430;5;5808;5;5197;368;5813;4104180;0;1.4;56282;1;0.411400085;0;0;68753;68753;82;46;28815;11.1;1679;48576;26.2;95;1047;13386;260578;136806;"java=88081;js=45863;xml=2862";;63546;11;32217;31461;31;"0=370;5=213;10=193;20=82;30=65;60=38;90=54";2.3;116;0;648;0;822;1821;3204;6611;0;6611;0
15/7/2016;433;5;5833;5;5197;368;5850;4121670;0;1.4;56843;1;0.413737635;0;0;69027;69027;85;47;28879;11;1686;48741;26.2;96;1051;13440;261629;137389;"java=88652;js=45863;xml=2874";;63768;11;32362;31579;31;"0=372;5=211;10=195;20=84;30=65;60=37;90=55";2.3;115;0;656;0;827;1840;3213;6651;0;6651;0
22/7/2016;430;5;5788;5;5187;367;5859;4125420;0;1.4;56815;1;0.413157933;0;0;69081;69081;85;47;28879;11;1686;48772;26.2;96;1051;13445;261841;137514;"java=88760;js=45863;xml=2891";;63819;11.1;32370;31590;31;"0=372;5=211;10=195;20=83;30=66;60=37;90=55";2.3;116;0;657;0;835;1833;3215;6656;0;6656;0
29/7/2016;431;5;5808;5;5232;370;5867;4128120;0;1.4;56922;1;0.4136653;0;0;69122;69122;89;51;28985;11.1;1688;48786;26.2;96;1053;13459;262026;137604;"java=88850;js=45863;xml=2891";;63846;11.1;32381;31612;31;"0=372;5=212;10=196;20=83;30=66;60=37;90=55";2.3;116;0;657;0;837;1840;3218;6668;0;6668;0
5/8/2016;431;5;5808;5;5232;370;5869;4129590;0;1.4;56936;1;0.413619754;0;0;69156;69156;89;51;28985;11.1;1688;48825;26.2;96;1053;13460;262125;137653;"java=88899;js=45863;xml=2891";;63873;11.1;32403;31626;31;"0=371;5=214;10=195;20=83;30=66;60=37;90=55";2.3;116;0;657;0;838;1843;3216;6670;0;6670;0
12/8/2016;429;5;5798;5;5232;370;5879;4132110;0;1.4;57085;1;0.414449277;0;0;69199;69199;89;51;28985;11.1;1688;48871;26.2;96;1053;13466;262281;137737;"java=88983;js=45863;xml=2891";;63915;11.1;32421;31641;31;"0=371;5=214;10=195;20=83;30=66;60=37;90=55";2.3;114;0;659;0;839;1844;3222;6678;0;6678;0
19/8/2016;429;5;5798;5;5232;370;5880;4133130;0;1.4;57086;1;0.414354255;0;0;69217;69217;89;51;28985;11;1689;48878;26.2;96;1054;13467;262355;137771;"java=89017;js=45863;xml=2891";;63921;11.1;32423;31644;31;"0=372;5=214;10=195;20=83;30=66;60=37;90=55";2.3;114;0;659;0;840;1844;3222;6679;0;6679;0
26/8/2016;431;5;5818;5;5232;370;5884;4134000;0;1.4;57111;1;0.414448476;0;0;69230;69230;89;51;28985;11;1689;48894;26.2;96;1054;13470;262410;137800;"java=89046;js=45863;xml=2891";;63931;11.1;32432;31652;31;"0=372;5=214;10=195;20=83;30=66;60=35;90=57";2.3;114;0;659;0;841;1848;3223;6685;0;6685;0
2/9/2016;431;5;5818;5;5232;370;5882;4134060;0;1.4;57111;1;0.414442461;0;0;69230;69230;89;51;28985;11;1689;48898;26.2;96;1054;13471;262418;137802;"java=89050;js=45861;xml=2891";;63929;11.1;32429;31652;31;"0=372;5=214;10=195;20=83;30=66;60=35;90=57";2.3;114;0;659;0;839;1848;3223;6683;0;6683;0
9/9/2016;431;5;5818;5;5232;370;5886;4137960;0;1.4;57115;1;0.414080851;0;0;69270;69270;89;51;28985;11;1691;48902;26.2;96;1055;13494;262616;137932;"java=89180;js=45861;xml=2891";;63964;11.1;32435;31679;31;"0=371;5=216;10=195;20=83;30=66;60=35;90=57";2.3;114;0;659;0;841;1848;3225;6687;0;6687;0
16/9/2016;431;5;5818;5;5232;370;5898;4141860;0;1.4;57184;1;0.414190726;0;0;69321;69321;89;51;28985;11;1693;48922;26.2;96;1057;13503;262855;138062;"java=89310;js=45861;xml=2891";;64011;11.1;32455;31704;30.9;"0=371;5=217;10=196;20=83;30=66;60=35;90=57";2.3;114;0;660;0;842;1849;3234;6699;0;6699;0
23/9/2016;433;5;5828;5;5232;370;5871;4130160;0;1.4;56946;1;0.413635307;0;0;69167;69167;89;51;28985;11.1;1688;48837;26.2;96;1053;13461;262162;137672;"java=88918;js=45863;xml=2891";;63883;11.1;32408;31629;31;"0=371;5=214;10=195;20=83;30=66;60=37;90=55";2.3;116;0;657;0;838;1846;3217;6674;0;6674;0
30/9/2016;426;5;5793;5;5232;370;5819;4138590;0;1.4;56663;1;0.410741339;0;0;69287;69287;91;52;29025;11;1693;48945;26.2;96;1057;13512;262807;137953;"java=89200;js=45861;xml=2892";;63914;11.1;32461;31727;31;"0=371;5=216;10=197;20=82;30=67;60=35;90=57";2.3;110;0;647;0;802;1853;3203;6615;0;6615;0
7/10/2016;428;5;5828;5;5294;373;5839;4143990;0;1.4;56820;1;0.411342691;0;0;69353;69353;91;52;29025;11;1693;48952;26.2;96;1058;13524;263064;138133;"java=89380;js=45861;xml=2892";;63956;11.1;32482;31748;30.9;"0=370;5=220;10=194;20=83;30=67;60=35;90=57";2.3;112;0;648;0;800;1862;3218;6640;0;6640;0
14/10/2016;428;5;5828;5;5314;374;5854;4146450;0;1.4;56868;1;0.411445936;0;0;69403;69403;91;52;29025;11;1693;48991;26.2;96;1058;13525;263198;138215;"java=89462;js=45861;xml=2892";;63990;11.1;32498;31756;31;"0=370;5=220;10=193;20=84;30=67;60=35;90=57";2.3;112;0;649;0;802;1869;3224;6656;0;6656;0
21/10/2016;433;5;5903;5;5314;374;5860;4150050;0;1.4;56895;1;0.411284201;0;0;69470;69470;91;52;29025;11;1693;49057;26.2;96;1058;13530;263411;138335;"java=89582;js=45861;xml=2892";;64053;11.1;32541;31788;31;"0=370;5=220;10=193;20=83;30=68;60=35;90=57";2.3;112;0;651;0;799;1873;3232;6667;0;6667;0
28/10/2016;434;5;5918;5;5314;374;5878;4151040;0;1.4;57086;1;0.412566489;0;0;69486;69486;91;52;29025;11;1693;49065;26.2;96;1058;13532;263462;138368;"java=89614;js=45861;xml=2893";;64069;11.1;32547;31797;31;"0=370;5=220;10=193;20=83;30=68;60=35;90=57";2.3;112;0;651;0;803;1874;3246;6686;0;6686;0
4/11/2016;434;5;5918;5;5344;376;5882;4151880;0;1.4;57122;1;0.412743143;0;0;69504;69504;91;52;29025;11;1694;49076;26.2;96;1059;13532;263505;138396;"java=89649;js=45861;xml=2886";;64086;11.1;32562;31809;31;"0=371;5=220;10=193;20=83;30=68;60=35;90=57";2.3;112;0;651;0;803;1875;3251;6692;0;6692;0
11/11/2016;434;5;5918;5;5344;376;5885;4154640;0;1.4;57173;1;0.412837213;0;0;69548;69548;91;52;29025;11;1695;49087;26.2;96;1059;13537;263609;138488;"java=89741;js=45861;xml=2886";;64125;11.1;32574;31830;31;"0=370;5=220;10=194;20=83;30=68;60=35;90=57";2.3;112;0;652;0;803;1875;3253;6695;0;6695;0
18/11/2016;434;5;5918;5;5344;376;5887;4156170;0;1.4;57173;1;0.412685237;0;0;69572;69572;89;51;28997;11;1696;49132;26.2;96;1059;13540;263720;138539;"java=89792;js=45861;xml=2886";;64147;11.1;32585;31840;31;"0=370;5=220;10=194;20=83;30=68;60=35;90=57";2.3;112;0;652;0;804;1875;3254;6697;0;6697;0
25/11/2016;435;5;5938;5;5344;376;5890;4158960;0;1.4;57238;1;0.412877258;0;0;69613;69613;89;51;28997;11;1698;49141;26.2;96;1060;13547;263869;138632;"java=89878;js=45861;xml=2893";;64181;11.1;32602;31858;31;"0=370;5=221;10=194;20=83;30=68;60=35;90=57";2.3;112;0;653;0;803;1879;3254;6701;0;6701;0
2/12/2016;435;5;5943;5;5344;376;5937;4174590;0;1.4;57682;1;0.414522145;0;0;69872;69872;89;51;29007;11;1701;49315;26.2;96;1061;13586;264731;139153;"java=90388;js=45861;xml=2904";;64382;11.2;32712;31962;31.1;"0=370;5=221;10=191;20=88;30=66;60=36;90=57";2.3;113;0;657;0;812;1902;3264;6748;0;6748;0
9/12/2016;435;5;5943;5;5344;376;5937;4174800;0;1.4;57685;1;0.414522851;0;0;69876;69876;89;51;29007;11;1701;49315;26.2;96;1061;13586;264739;139160;"java=90395;js=45861;xml=2904";;64385;11.2;32715;31964;31.1;"0=370;5=221;10=191;20=88;30=66;60=36;90=57";2.3;113;0;657;0;812;1902;3264;6748;0;6748;0
16/12/2016;435;5;5943;5;5344;376;5937;4174800;0;1.4;57685;1;0.414522851;0;0;69876;69876;89;51;29007;11;1701;49317;26.2;96;1061;13586;264743;139160;"java=90395;js=45861;xml=2904";;64385;11.2;32715;31964;31.1;"0=370;5=221;10=191;20=88;30=66;60=36;90=57";2.3;113;0;657;0;812;1902;3264;6748;0;6748;0
23/12/2016;437;5;5968;5;5344;376;5955;4185480;0;1.4;57764;1;0.414031366;0;0;70037;70037;89;51;29007;10.9;1706;49405;26.2;96;1063;13613;265386;139516;"java=90751;js=45861;xml=2904";;64539;11.2;32777;32033;31.1;"0=370;5=221;10=193;20=88;30=65;60=37;90=57";2.3;113;0;659;0;821;1904;3271;6768;0;6768;0
30/12/2016;437;5;5968;5;5344;376;5955;4185690;0;1.4;57725;1;0.413731069;0;0;70043;70043;87;49;28965;10.9;1706;49406;26.2;96;1063;13613;265394;139523;"java=90758;js=45861;xml=2904";;64547;11.2;32778;32034;31.1;"0=370;5=221;10=193;20=88;30=65;60=37;90=57";2.3;113;0;659;0;822;1902;3272;6768;0;6768;0
6/1/2017;438;5;5978;5;5344;376;5955;4185810;0;1.4;57725;1;0.413719208;0;0;70043;70043;87;49;28965;10.9;1706;49416;26.2;96;1063;13613;265405;139527;"java=90762;js=45861;xml=2904";;64547;11.2;32778;32034;31.1;"0=370;5=221;10=193;20=88;30=65;60=37;90=57";2.3;113;0;659;0;822;1903;3272;6769;0;6769;0
13/1/2017;435;5;5948;5;5344;376;5960;4187940;0;1.4;57735;1;0.413580424;0;0;70074;70074;87;49;28965;10.9;1706;49426;26.1;96;1063;13616;265492;139598;"java=90833;js=45861;xml=2904";;64577;11.2;32794;32049;31.1;"0=370;5=221;10=193;20=88;30=65;60=37;90=57";2.3;113;0;660;0;822;1902;3274;6771;0;6771;0
20/1/2017;436;5;5963;5;5364;377;6061;4211190;0;1.4;58425;1;0.41621252;0;0;70689;70689;87;49;28965;10.9;1708;49611;26.1;96;1065;13644;266589;140373;"java=91612;js=45862;xml=2899";;64870;11.2;32882;32135;31.1;"0=370;5=221;10=193;20=88;30=66;60=37;90=58";2.3;113;0;665;0;831;1909;3356;6874;0;6874;0
27/1/2017;436;5;5963;5;5364;377;6061;4211190;0;1.4;58425;1;0.41621252;0;0;70689;70689;87;49;28965;10.9;1708;49611;26.1;96;1065;13644;266589;140373;"java=91612;js=45862;xml=2899";;64870;11.2;32882;32135;31.1;"0=370;5=221;10=193;20=88;30=66;60=37;90=58";2.3;113;0;665;0;831;1909;3356;6874;0;6874;0
3/2/2017;436;5;5963;5;5364;377;6063;4212960;0;1.4;58436;1;0.416115985;0;0;70725;70725;87;49;28965;10.9;1708;49618;26.1;96;1065;13645;266654;140432;"java=91686;js=45862;xml=2884";;64896;11.2;32899;32145;31.1;"0=370;5=220;10=194;20=88;30=66;60=37;90=58";2.3;113;0;665;0;831;1907;3360;6876;0;6876;0
10/2/2017;436;5;5963;5;5364;377;6065;4213860;0;1.4;58429;1;0.415977275;0;0;70736;70736;87;49;28965;10.9;1709;49641;26.1;96;1066;13647;266738;140462;"java=91713;js=45869;xml=2880";;64905;11.2;32905;32153;31.1;"0=371;5=220;10=194;20=88;30=66;60=37;90=58";2.3;113;0;664;0;834;1907;3360;6878;0;6878;0
17/2/2017;436;5;5963;5;5364;377;6064;4213980;0;1.4;58428;1;0.41595831;0;0;70737;70737;87;49;28965;10.9;1709;49642;26.1;96;1066;13647;266743;140466;"java=91717;js=45869;xml=2880";;64905;11.2;32905;32153;31.1;"0=371;5=220;10=194;20=88;30=66;60=37;90=58";2.3;113;0;664;0;834;1907;3359;6877;0;6877;0
24/2/2017;436;5;5963;5;5364;377;6029;4219080;0;1.4;58361;1;0.414979095;0;0;70809;70809;87;49;28965;10.8;1710;49674;26.1;96;1067;13672;267028;140636;"java=91887;js=45869;xml=2880";;64965;11.3;32933;32199;31.1;"0=371;5=220;10=194;20=89;30=65;60=38;90=58";2.3;113;0;664;0;819;1894;3352;6842;0;6842;0
3/3/2017;434;5;5918;5;5364;377;6038;4224000;0;1.4;58424;1;0.414943182;0;0;70880;70880;89;51;29011;10.9;1713;49696;26.1;96;1070;13688;267336;140800;"java=92051;js=45869;xml=2880";;65020;11.3;32943;32224;31;"0=371;5=223;10=194;20=88;30=66;60=38;90=58";2.3;113;0;665;0;823;1893;3355;6849;0;6849;0
10/3/2017;435;5;5933;5;5364;377;6044;4224300;0;1.4;58439;1;0.41502024;0;0;70884;70884;89;51;29011;10.9;1713;49700;26.1;96;1070;13689;267354;140810;"java=92061;js=45869;xml=2880";;65023;11.3;32944;32226;31;"0=371;5=223;10=194;20=88;30=66;60=38;90=58";2.3;113;0;665;0;827;1895;3356;6856;0;6856;0
17/3/2017;434;5;5928;5;5364;377;6071;4225080;0;1.4;58390;1;0.4145957;0;0;70877;70877;89;51;29011;10.9;1713;49699;26.1;96;1070;13689;267376;140836;"java=92087;js=45869;xml=2880";;64997;11.3;32947;32228;31;"0=371;5=223;10=194;20=88;30=66;60=38;90=58";2.3;112;0;659;0;827;1895;3389;6882;0;6882;0
24/3/2017;435;5;5938;5;5344;375;6325;4251870;0;1.4;61211;1;0.431887617;0;0;71365;71365;89;51;29011;10.8;1729;49816;26;97;1075;13783;268644;141729;"java=92977;js=45869;xml=2883";;65345;11.3;33108;32405;31.1;"0=369;5=226;10=194;20=90;30=68;60=37;90=59";2.3;112;0;654;0;874;2048;3447;7135;0;7135;0
31/3/2017;434;5;5928;5;5344;375;6337;4262640;0;1.4;61426;1;0.432309555;0;0;71514;71514;89;51;29011;10.8;1730;49859;26;97;1076;13791;269120;142088;"java=93330;js=45869;xml=2889";;65481;11.3;33204;32454;31.1;"0=369;5=225;10=196;20=90;30=68;60=36;90=60";2.3;111;0;656;0;881;2048;3450;7146;0;7146;0
7/4/2017;440;5;5978;5;5344;375;6350;4263810;0;1.4;61558;1;0.433119675;0;0;71572;71572;89;51;29011;10.8;1730;49867;26;97;1076;13791;269158;142127;"java=93369;js=45869;xml=2889";;65499;11.3;33260;32442;31.1;"0=369;5=226;10=195;20=90;30=68;60=36;90=60";2.3;113;0;656;0;882;2060;3454;7165;0;7165;0
14/4/2017;441;5;5988;5;5344;375;6356;4269090;0;1.4;61674;1;0.433399155;0;0;71641;71641;89;51;29011;10.8;1732;49877;26;97;1076;13802;269357;142303;"java=93545;js=45869;xml=2889";;65559;11.3;33283;32467;31.1;"0=369;5=226;10=195;20=90;30=68;60=36;90=60";2.3;114;0;657;0;886;2059;3456;7172;0;7172;0
21/4/2017;442;5;5998;5;5344;375;6356;4269750;0;1.4;61674;1;0.433332162;0;0;71662;71662;89;51;29011;10.8;1732;49882;26;97;1076;13802;269387;142325;"java=93573;js=45869;xml=2883";;65574;11.3;33292;32471;31.1;"0=369;5=226;10=195;20=90;30=68;60=36;90=60";2.3;114;0;657;0;886;2060;3456;7173;0;7173;0
28/4/2017;443;5;6008;5;5344;375;6384;4278120;0;1.5;62034;1;0.435008836;0;0;71769;71769;89;51;29011;10.8;1734;49923;25.9;97;1078;13825;269835;142604;"java=93840;js=45869;xml=2895";;65677;11.3;33358;32524;31.1;"0=370;5=226;10=195;20=91;30=67;60=37;90=60";2.3;114;0;661;0;894;2066;3467;7202;0;7202;0
5/5/2017;443;5;6008;5;5344;375;6416;4276080;0;1.5;62273;1;0.436893136;0;0;71725;71725;89;51;29011;10.8;1736;49887;25.9;97;1079;13806;269708;142536;"java=93769;js=45869;xml=2898";;65642;11.3;33359;32524;31.1;"0=372;5=225;10=195;20=91;30=67;60=37;90=60";2.3;113;0;660;0;902;2094;3465;7234;0;7234;0
12/5/2017;443;5;6008;5;5344;375;6419;4273470;0;1.5;62275;1;0.437174006;0;0;71726;71726;89;51;29011;10.8;1736;49894;25.9;97;1079;13807;269634;142449;"java=93774;js=45869;xml=2806";;65643;11.3;33359;32525;31.1;"0=372;5=225;10=195;20=91;30=67;60=37;90=60";2.3;113;0;660;0;904;2094;3466;7237;0;7237;0
19/5/2017;443;5;6008;5;5344;375;6421;4273290;0;1.5;62275;1;0.437192421;0;0;71727;71727;89;51;29011;10.8;1736;49901;25.9;97;1079;13808;269639;142443;"java=93784;js=45869;xml=2790";;65645;11.3;33364;32532;31.1;"0=372;5=225;10=195;20=91;30=67;60=37;90=60";2.3;113;0;660;0;906;2094;3466;7239;0;7239;0
26/5/2017;443;5;6008;5;5344;375;6421;4273350;0;1.5;62275;1;0.437186282;0;0;71728;71728;89;51;29011;10.8;1736;49901;25.9;97;1079;13808;269641;142445;"java=93786;js=45869;xml=2790";;65646;11.3;33365;32533;31.1;"0=372;5=225;10=195;20=91;30=67;60=37;90=60";2.3;113;0;660;0;906;2094;3466;7239;0;7239;0
2/6/2017;443;5;6008;5;5344;375;6421;4274190;0;1.5;62256;1;0.436967004;0;0;71742;71742;89;51;29011;10.8;1737;49908;25.9;97;1079;13811;269681;142473;"java=93814;js=45869;xml=2790";;65655;11.3;33365;32536;31.1;"0=372;5=225;10=195;20=91;30=67;60=37;90=60";2.3;113;0;660;0;906;2094;3466;7239;0;7239;0
9/6/2017;446;5;6043;5;5324;373;6418;4276410;0;1.5;62221;1;0.43649463;0;0;71744;71744;89;51;29011;10.8;1737;49932;25.9;97;1080;13813;269813;142547;"java=93888;js=45869;xml=2790";;65656;11.3;33366;32539;31;"0=372;5=226;10=195;20=91;30=67;60=37;90=60";2.3;110;0;659;0;907;2095;3466;7237;0;7237;0
16/6/2017;446;5;6043;5;5324;373;6417;4280100;0;1.5;62199;1;0.435964113;0;0;71815;71815;89;51;29011;10.7;1738;49955;25.9;97;1080;13818;269996;142670;"java=93998;js=45869;xml=2803";;65711;11.3;33396;32557;31.1;"0=371;5=227;10=195;20=91;30=67;60=36;90=61";2.3;110;0;660;0;908;2094;3464;7236;0;7236;0
23/6/2017;445;5;6033;5;5324;373;6418;4280250;0;1.5;62204;1;0.435983879;0;0;71819;71819;89;51;29011;10.7;1738;49962;25.9;97;1080;13818;270011;142675;"java=94003;js=45869;xml=2803";;65715;11.3;33397;32558;31.1;"0=371;5=227;10=195;20=91;30=67;60=36;90=61";2.3;110;0;660;0;908;2093;3465;7236;0;7236;0
30/6/2017;446;5;6043;5;5324;373;6417;4280100;0;1.5;62199;1;0.435964113;0;0;71815;71815;89;51;29011;10.7;1738;49955;25.9;97;1080;13818;269996;142670;"java=93998;js=45869;xml=2803";;65711;11.3;33396;32557;31.1;"0=371;5=227;10=195;20=91;30=67;60=36;90=61";2.3;110;0;660;0;908;2094;3464;7236;0;7236;0
7/7/2017;444;5;6023;5;5324;373;6403;4280670;0;1.5;62215;1;0.436018193;0;0;71824;71824;89;51;29011;10.7;1739;49961;25.9;97;1080;13820;270016;142689;"java=94024;js=45869;xml=2796";;65719;11.3;33397;32562;31.1;"0=371;5=227;10=195;20=91;30=67;60=36;90=61";2.3;110;0;661;0;896;2088;3465;7220;0;7220;0
14/7/2017;444;5;6023;5;5324;373;6411;4286220;0;1.5;62247;1;0.43567759;0;0;71905;71905;89;51;29011;10.7;1741;50008;25.9;97;1081;13838;270344;142874;"java=94209;js=45869;xml=2796";;65793;11.3;33423;32601;31.1;"0=371;5=227;10=195;20=92;30=67;60=36;90=61";2.3;110;0;661;0;902;2090;3465;7228;0;7228;0
21/7/2017;443;5;6018;5;5324;373;6334;4270290;0;1.4;61822;1;0.434317107;0;0;71409;71409;89;51;29011;10.8;1740;49887;26;97;1080;13826;269612;142343;"java=93673;js=45869;xml=2801";;65595;11.3;33375;32546;31.1;"0=371;5=227;10=195;20=92;30=67;60=35;90=61";2.3;110;0;660;0;903;2085;3392;7150;0;7150;0
28/7/2017;443;5;6018;5;5324;373;6344;4274190;0;1.5;61985;1;0.435064889;0;0;71440;71440;89;51;29011;10.8;1743;49899;25.9;97;1080;13837;269774;142473;"java=93745;js=45869;xml=2859";;65622;11.3;33380;32564;31.1;"0=371;5=227;10=195;20=92;30=67;60=35;90=61";2.3;110;0;660;0;903;2085;3402;7160;0;7160;0
4/8/2017;443;5;6018;5;5324;373;6347;4277370;0;1.4;61987;1;0.434755469;0;0;71480;71480;89;51;29011;10.7;1744;49915;25.9;97;1081;13849;269945;142579;"java=93851;js=45869;xml=2859";;65654;11.3;33391;32585;31.1;"0=371;5=226;10=197;20=92;30=67;60=35;90=61";2.3;110;0;660;0;905;2085;3403;7163;0;7163;0
11/8/2017;452;5;6108;5;5324;373;6348;4276920;0;1.4;61978;1;0.434738083;0;0;71486;71486;89;51;29011;10.7;1744;49922;25.9;97;1081;13850;269886;142564;"java=93865;js=45869;xml=2830";;65655;11.3;33390;32590;31.1;"0=370;5=227;10=197;20=92;30=67;60=35;90=61";2.3;110;0;660;0;906;2092;3405;7173;0;7173;0
18/8/2017;453;5;6118;5;5324;373;6352;4277100;0;1.4;62015;1;0.434979308;0;0;71497;71497;89;51;29011;10.8;1744;49914;25.9;97;1081;13836;269867;142570;"java=93871;js=45869;xml=2830";;65667;11.3;33401;32581;31.1;"0=370;5=227;10=197;20=92;30=68;60=34;90=61";2.3;110;0;660;0;906;2096;3406;7178;0;7178;0
25/8/2017;453;5;6118;5;5324;373;6352;4276920;0;1.4;62014;1;0.434990601;0;0;71496;71496;89;51;29011;10.8;1744;49914;25.9;97;1081;13833;269857;142564;"java=93866;js=45869;xml=2829";;65666;11.3;33400;32579;31.1;"0=370;5=227;10=198;20=91;30=68;60=34;90=61";2.3;110;0;659;0;906;2097;3406;7178;0;7178;0
1/9/2017;454;5;6133;5;5324;373;6352;4277100;0;1.4;62014;1;0.434972294;0;0;71506;71506;89;51;29011;10.8;1744;49920;25.9;97;1081;13835;269835;142570;"java=93890;js=45869;xml=2811";;65675;11.3;33408;32585;31.1;"0=370;5=227;10=198;20=90;30=69;60=34;90=61";2.3;110;0;659;0;906;2097;3407;7179;0;7179;0
8/9/2017;455;5;6148;5;5324;373;6353;4278150;0;1.4;62017;1;0.434886575;0;0;71519;71519;89;51;29011;10.7;1744;49946;25.9;97;1081;13834;269903;142605;"java=93917;js=45869;xml=2819";;65680;11.3;33433;32590;31.1;"0=370;5=227;10=199;20=89;30=69;60=34;90=61";2.3;110;0;660;0;906;2099;3406;7181;0;7181;0
15/9/2017;455;5;6148;5;5324;373;6356;4278780;0;1.4;62033;1;0.434934724;0;0;71529;71529;89;51;29011;10.7;1744;49959;25.9;97;1081;13835;269956;142626;"java=93937;js=45869;xml=2820";;65688;11.3;33437;32593;31.1;"0=370;5=227;10=199;20=89;30=69;60=34;90=61";2.3;110;0;660;0;908;2100;3406;7184;0;7184;0
22/9/2017;455;5;6148;5;5324;373;6354;4279380;0;1.4;61993;1;0.434593329;0;0;71538;71538;89;51;29011;10.7;1744;49965;25.9;97;1081;13837;269987;142646;"java=93957;js=45869;xml=2820";;65697;11.3;33444;32600;31.1;"0=370;5=227;10=199;20=89;30=69;60=34;90=61";2.3;110;0;660;0;908;2098;3406;7182;0;7182;0
29/9/2017;455;5;6148;5;5324;373;6405;4286520;0;1.5;62674;1;0.438635537;0;0;71662;71662;89;51;29011;10.7;1747;49993;25.9;98;1082;13863;270316;142884;"java=94195;js=45869;xml=2820";;65805;11.3;33487;32650;31.1;"0=370;5=228;10=199;20=89;30=69;60=34;90=61";2.3;110;0;661;0;909;2105;3448;7233;0;7233;0
6/10/2017;451;5;6093;5;5324;373;6402;4283370;0;1.5;62748;1;0.439476394;0;0;71626;71626;89;51;29011;10.7;1743;49995;25.9;98;1080;13848;270124;142779;"java=94084;js=45869;xml=2826";;65784;11.3;33508;32652;31.2;"0=370;5=227;10=199;20=87;30=70;60=34;90=61";2.3;110;0;660;0;912;2103;3441;7226;0;7226;0
13/10/2017;451;5;6088;5;5324;373;6394;4284210;0;1.5;62724;1;0.439222167;0;0;71617;71617;89;51;29011;10.7;1744;50023;25.9;98;1080;13859;270244;142807;"java=94102;js=45869;xml=2836";;65789;11.3;33497;32659;31.2;"0=370;5=226;10=200;20=87;30=69;60=35;90=61";2.3;111;0;659;0;913;2101;3434;7218;0;7218;0
20/10/2017;451;5;6088;5;5324;373;6395;4285950;0;1.5;62744;1;0.439183845;0;0;71630;71630;89;51;29011;10.7;1745;50023;25.9;98;1081;13860;270336;142865;"java=94149;js=45869;xml=2847";;65802;11.3;33503;32666;31.1;"0=370;5=227;10=200;20=87;30=69;60=35;90=61";2.3;111;0;659;0;913;2102;3434;7219;0;7219;0
27/10/2017;452;5;6098;5;5324;373;6406;4295430;0;1.5;62972;1;0.439806958;0;0;71861;71861;93;51;29229;10.8;1745;50046;25.9;98;1081;13869;270705;143181;"java=94464;js=45870;xml=2847";;65976;11.4;33618;32790;31.3;"0=370;5=227;10=198;20=89;30=68;60=35;90=62";2.3;111;0;662;0;915;2109;3434;7231;0;7231;0
3/11/2017;454;5;6118;5;5309;372;6408;4293810;0;1.5;62923;1;0.439630538;0;0;71817;71817;93;51;29229;10.8;1745;50068;25.9;98;1081;13858;270681;143127;"java=94410;js=45870;xml=2847";;65945;11.4;33593;32785;31.3;"0=368;5=230;10=197;20=89;30=68;60=34;90=63";2.3;111;0;661;0;921;2110;3431;7234;0;7234;0
10/11/2017;454;5;6118;5;5309;372;6414;4293660;0;1.5;62963;1;0.439925378;0;0;71805;71805;93;51;29229;10.8;1745;50088;25.9;98;1081;13859;270714;143122;"java=94405;js=45870;xml=2847";;65932;11.4;33590;32784;31.3;"0=368;5=230;10=197;20=89;30=68;60=34;90=63";2.3;111;0;661;0;923;2112;3433;7240;0;7240;0
17/11/2017;455;5;6133;5;5269;369;6416;4298520;0;1.5;62846;1;0.438611429;0;0;71876;71876;93;51;29229;10.8;1746;50154;25.9;98;1082;13867;270985;143284;"java=94555;js=45870;xml=2859";;65992;11.4;33599;32804;31.2;"0=366;5=233;10=196;20=90;30=68;60=34;90=63";2.3;110;0;660;0;924;2110;3436;7240;0;7240;0
24/11/2017;455;5;6133;5;5269;369;6420;4297680;0;1.5;62845;1;0.438690177;0;0;71862;71862;93;51;29229;10.8;1746;50159;25.9;98;1081;13866;270957;143256;"java=94527;js=45870;xml=2859";;65982;11.4;33596;32801;31.3;"0=366;5=232;10=196;20=90;30=68;60=34;90=63";2.3;110;0;661;0;929;2110;3434;7244;0;7244;0
1/12/2017;454;5;6118;5;5319;374;6434;4298310;0;1.5;62886;1;0.438912038;0;0;71927;71927;93;51;29229;10.8;1750;50170;25.9;98;1083;13885;270950;143277;"java=94704;js=45870;xml=2703";;66042;11.4;33611;32830;31.2;"0=368;5=232;10=194;20=92;30=68;60=34;90=63";2.3;110;0;659;0;934;2114;3445;7262;0;7262;0
8/12/2017;450;5;6053;5;5299;372;7056;4299390;0;1.7;72218;1;0.503917998;0;0;71945;71945;93;51;29229;10.8;1750;50175;25.9;98;1083;13887;271000;143313;"java=94740;js=45870;xml=2703";;66059;11.4;33619;32835;31.2;"0=368;5=232;10=194;20=92;30=68;60=34;90=63";2.3;110;0;659;0;934;2109;4066;7878;0;7878;0
15/12/2017;450;5;6053;5;5299;372;7057;4301640;0;1.7;72236;1;0.503779954;0;0;71984;71984;93;51;29229;10.8;1750;50196;25.9;98;1083;13890;271103;143388;"java=94815;js=45870;xml=2703";;66101;11.4;33649;32851;31.3;"0=368;5=232;10=194;20=91;30=69;60=34;90=63";2.3;110;0;660;0;935;2111;4063;7879;0;7879;0
22/12/2017;451;5;6083;5;5299;372;7069;4305270;0;1.7;72304;1;0.503829028;0;0;72028;72028;93;51;29229;10.8;1751;50207;25.9;98;1084;13897;271285;143509;"java=94910;js=45870;xml=2729";;66143;11.4;33665;32867;31.2;"0=367;5=233;10=195;20=91;30=69;60=34;90=63";2.3;110;0;662;0;940;2111;4069;7892;0;7892;0
29/12/2017;452;5;6088;5;5299;372;7052;4317360;0;1.7;72396;1;0.503057424;0;0;72224;72224;93;51;29229;10.7;1757;50296;25.9;98;1088;13922;271948;143912;"java=95313;js=45870;xml=2729";;66310;11.4;33782;32955;31.2;"0=368;5=234;10=196;20=91;30=70;60=34;90=63";2.3;110;0;664;0;925;2101;4076;7876;0;7876;0
5/1/2018;452;5;6088;5;5299;372;7052;4317990;0;1.7;72395;1;0.50297708;0;0;72225;72225;93;51;29229;10.7;1757;50298;25.9;98;1089;13922;271971;143933;"java=95314;js=45870;xml=2749";;66311;11.4;33781;32955;31.2;"0=368;5=234;10=196;20=91;30=70;60=34;90=63";2.3;110;0;664;0;925;2101;4076;7876;0;7876;0
12/1/2018;452;5;6088;5;5299;372;7055;4320120;0;1.7;72399;1;0.502756868;0;0;72266;72266;93;51;29229;10.7;1757;50332;25.9;98;1089;13925;272096;144004;"java=95383;js=45870;xml=2751";;66336;11.4;33789;32961;31.2;"0=368;5=234;10=196;20=91;30=69;60=35;90=63";2.3;110;0;665;0;927;2101;4076;7879;0;7879;0
19/1/2018;452;5;6088;5;5299;372;7068;4322010;0;1.7;72469;1;0.503022899;0;0;72289;72289;93;51;29229;10.7;1758;50356;25.9;98;1090;13935;272207;144067;"java=95438;js=45873;xml=2756";;66364;11.4;33792;32975;31.2;"0=368;5=235;10=196;20=91;30=69;60=35;90=63";2.3;110;0;666;0;927;2111;4078;7892;0;7892;0
26/1/2018;452;5;6088;5;5299;372;7068;4322220;0;1.7;72469;1;0.502998459;0;0;72290;72290;93;51;29229;10.7;1759;50356;25.9;98;1090;13937;272215;144074;"java=95445;js=45873;xml=2756";;66364;11.4;33791;32976;31.2;"0=368;5=235;10=196;20=91;30=69;60=35;90=63";2.3;110;0;667;0;927;2110;4078;7892;0;7892;0
2/2/2018;452;5;6088;5;5299;372;7069;4322130;0;1.7;72486;1;0.50312693;0;0;72281;72281;93;51;29229;10.7;1759;50360;25.9;98;1090;13938;272217;144071;"java=95438;js=45877;xml=2756";;66357;11.4;33790;32980;31.2;"0=368;5=235;10=195;20=92;30=70;60=34;90=63";2.3;110;0;667;0;927;2110;4079;7893;0;7893;0
9/2/2018;452;5;6088;5;5299;372;7078;4323810;0;1.7;72524;1;0.503195099;0;0;72309;72309;93;51;29229;10.7;1760;50378;25.9;98;1090;13943;272306;144127;"java=95488;js=45883;xml=2756";;66373;11.4;33796;32996;31.2;"0=368;5=235;10=195;20=92;30=70;60=34;90=63";2.3;117;0;668;0;926;2112;4079;7902;0;7902;0
16/2/2018;452;5;6093;5;5299;372;7061;4356210;0;1.7;72310;1;0.497978748;0;0;72834;72834;91;51;29197;10.7;1762;50467;25.8;98;1091;14044;273931;145207;"java=95537;js=46914;xml=2756";;66922;11.4;34274;33448;31.6;"0=368;5=236;10=195;20=92;30=70;60=34;90=63";2.3;115;0;668;0;928;2102;4072;7885;0;7885;0
23/2/2018;449;5;6063;5;5329;374;7102;4328370;0;1.7;72787;1;0.504487833;0;0;72356;72356;93;51;29229;10.7;1770;50514;25.9;98;1093;13975;272686;144279;"java=95655;js=45883;xml=2741";;66406;11.3;33802;33031;31.2;"0=369;5=237;10=195;20=92;30=69;60=35;90=63";2.3;115;0;674;0;935;2114;4087;7925;0;7925;0
2/3/2018;440;5;5973;5;5179;360;7054;4314420;0;1.7;72237;1;0.502294631;0;0;72038;72038;93;51;29229;10.7;1772;50413;26;98;1092;13962;271959;143814;"java=95178;js=45883;xml=2753";;66095;11.3;33625;32907;31.1;"0=369;5=237;10=194;20=93;30=69;60=35;90=62";2.3;114;0;667;0;937;2100;4036;7854;0;7854;0
9/3/2018;440;5;5973;5;5179;360;7054;4314900;0;1.7;72265;1;0.502433428;0;0;72048;72048;93;51;29229;10.7;1773;50411;26;98;1092;13963;271975;143830;"java=95193;js=45884;xml=2753";;66104;11.3;33627;32911;31.1;"0=369;5=237;10=194;20=93;30=69;60=35;90=62";2.3;114;0;667;0;937;2100;4036;7854;0;7854;0
16/3/2018;440;5;5973;5;5179;360;7054;4315530;0;1.7;72255;1;0.502290565;0;0;72057;72057;93;51;29229;10.7;1773;50419;26;98;1092;13964;272015;143851;"java=95213;js=45885;xml=2753";;66110;11.3;33629;32913;31.1;"0=369;5=237;10=194;20=93;30=69;60=35;90=62";2.3;114;0;667;0;938;2101;4034;7854;0;7854;0
23/3/2018;440;5;5973;5;5179;360;7052;4316940;0;1.7;72187;1;0.501653949;0;0;72078;72078;93;51;29229;10.7;1774;50432;26;98;1092;13968;272087;143898;"java=95260;js=45885;xml=2753";;66132;11.3;33639;32925;31.1;"0=369;5=237;10=194;20=93;30=69;60=35;90=62";2.3;114;0;667;0;940;2102;4029;7852;0;7852;0
30/3/2018;440;5;5973;5;5179;360;7058;4317540;0;1.7;72241;1;0.501959449;0;0;72091;72091;93;51;29229;10.7;1774;50434;25.9;98;1092;13968;272109;143918;"java=95280;js=45885;xml=2753";;66146;11.3;33644;32932;31.1;"0=369;5=237;10=194;20=93;30=69;60=35;90=62";2.3;114;0;667;0;940;2103;4034;7858;0;7858;0
6/4/2018;443;5;5998;5;5179;360;7047;4323360;0;1.7;72132;1;0.500527368;0;0;72184;72184;93;51;29229;10.7;1779;50499;25.9;98;1092;13988;272387;144112;"java=95474;js=45885;xml=2753";;66232;11.3;33667;32973;31.1;"0=369;5=237;10=194;20=93;30=68;60=36;90=62";2.3;116;0;664;0;944;2088;4038;7850;0;7850;0
13/4/2018;448;5;6098;5;5179;360;7011;4397010;0;1.6;71767;1;0.489653196;0;0;74241;74241;93;51;29229;10.6;1791;52554;26.4;99;1099;14060;275856;146567;"java=97934;js=45885;xml=2748";;66655;11.3;33888;33213;31.2;"0=371;5=238;10=194;20=93;30=71;60=37;90=62";2.3;116;0;668;0;939;2093;4003;7819;0;7819;0
20/4/2018;448;5;6098;5;5179;360;7010;4397550;0;1.6;71776;1;0.489654467;0;0;74251;74251;93;51;29229;10.6;1792;52581;26.4;99;1099;14066;275890;146585;"java=97961;js=45885;xml=2739";;66660;11.3;33892;33225;31.2;"0=371;5=238;10=194;20=93;30=71;60=37;90=62";2.3;116;0;669;0;939;2091;4003;7818;0;7818;0
27/4/2018;451;5;6078;5;5299;372;7077;4325580;0;1.7;72629;1;0.503717421;0;0;72335;72335;93;51;29229;10.7;1761;50393;25.9;98;1090;13949;272395;144186;"java=95553;js=45877;xml=2756";;66404;11.4;33810;33011;31.2;"0=368;5=235;10=195;20=92;30=69;60=35;90=63";2.3;110;0;668;0;928;2109;4085;7900;0;7900;0
4/5/2018;448;5;6098;5;5179;360;7012;4396680;0;1.6;71797;1;0.489894648;0;0;74267;74267;93;51;29229;10.6;1793;52569;26.4;99;1099;14072;275710;146556;"java=98008;js=45885;xml=2663";;66678;11.3;33901;33236;31.2;"0=371;5=238;10=194;20=93;30=71;60=37;90=62";2.3;116;0;669;0;939;2091;4005;7820;0;7820;0
11/5/2018;450;5;6108;5;5179;360;7084;4689330;0;1.6;72932;1;0.466582646;0;0;80408;80408;164;57;39403;13.6;1793;54106;25.7;100;1105;16097;289089;156311;"java=98040;js=55608;xml=2663";;74936;11.3;42163;39301;36.7;"0=371;5=238;10=194;20=93;30=71;60=37;90=68";2.4;114;0;672;0;941;2161;4006;7894;0;7894;0
18/5/2018;446;5;6088;5;5179;360;7049;4405500;0;1.6;72065;1;0.490738849;0;0;74371;74371;93;51;29229;10.6;1836;52626;26.4;99;1099;14145;276074;146850;"java=98302;js=45885;xml=2663";;66744;11.1;33854;33274;31.2;"0=371;5=238;10=193;20=94;30=71;60=37;90=62";2.3;114;0;676;0;942;2112;4011;7855;0;7855;0
25/5/2018;449;5;6103;5;5209;363;7034;4425300;0;1.6;71978;1;0.487953359;0;0;74682;74682;93;51;29229;10.5;1804;52686;26.3;100;1105;14164;277373;147510;"java=98881;js=45885;xml=2744";;67046;11.3;33999;33409;31.2;"0=373;5=238;10=195;20=92;30=74;60=38;90=62";2.3;116;0;668;0;946;2101;4015;7846;0;7846;0
1/6/2018;447;5;6108;5;5169;360;7060;4410240;0;1.6;72136;1;0.490694384;0;0;74452;74452;93;51;29229;10.6;1838;52671;26.4;99;1102;14168;276404;147008;"java=98424;js=45921;xml=2663";;66812;11.1;33870;33313;31.2;"0=372;5=239;10=194;20=94;30=71;60=36;90=63";2.3;114;0;679;0;945;2114;4015;7867;0;7867;0
8/6/2018;448;5;6113;5;5199;363;7086;4440840;0;1.6;72384;1;0.48898857;0;0;74943;74943;93;51;29200;10.5;1853;52808;26.3;100;1108;14278;278017;148028;"java=99444;js=45921;xml=2663";;67238;11.1;34001;33527;31.2;"0=374;5=237;10=197;20=93;30=74;60=37;90=63";2.3;114;0;682;0;952;2122;4027;7897;0;7897;0
15/6/2018;449;5;6123;5;5199;363;7097;4445910;0;1.6;72473;1;0.489031492;0;0;75036;75036;93;51;29200;10.5;1855;52854;26.3;100;1108;14291;278284;148197;"java=99613;js=45921;xml=2663";;67314;11.1;34031;33571;31.2;"0=374;5=237;10=197;20=92;30=75;60=37;90=63";2.3;118;0;683;0;956;2128;4024;7909;0;7909;0
22/6/2018;451;5;6133;5;5199;363;7073;4445490;0;1.6;72328;1;0.488099175;0;0;75031;75031;93;51;29200;10.5;1854;52858;26.3;100;1108;14288;278272;148183;"java=99599;js=45921;xml=2663";;67311;11.1;34031;33568;31.2;"0=374;5=237;10=197;20=92;30=75;60=37;90=63";2.3;120;0;680;0;956;2108;4023;7887;0;7887;0
29/6/2018;451;5;6133;5;5199;363;7073;4446060;0;1.6;72328;1;0.488036599;0;0;75044;75044;93;51;29200;10.5;1854;52856;26.3;100;1108;14288;278291;148202;"java=99618;js=45921;xml=2663";;67319;11.1;34037;33570;31.2;"0=374;5=237;10=197;20=92;30=75;60=37;90=63";2.3;120;0;680;0;956;2108;4023;7887;0;7887;0
6/7/2018;449;5;6123;5;5199;363;7105;4447230;0;1.6;72495;1;0.489034747;0;0;75069;75069;93;51;29200;10.5;1854;52861;26.3;100;1108;14289;278337;148241;"java=99657;js=45921;xml=2663";;67334;11.1;34045;33576;31.2;"0=374;5=237;10=197;20=92;30=75;60=37;90=63";2.3;118;0;683;0;957;2134;4025;7917;0;7917;0
13/7/2018;449;5;6123;5;5199;363;7106;4447500;0;1.6;72529;1;0.489234401;0;0;75074;75074;93;51;29200;10.5;1856;52862;26.3;100;1108;14293;278351;148250;"java=99666;js=45921;xml=2663";;67338;11.1;34048;33578;31.2;"0=374;5=237;10=197;20=92;30=75;60=37;90=63";2.3;118;0;683;0;957;2134;4026;7918;0;7918;0
20/7/2018;449;5;6123;5;5199;363;7113;4450200;0;1.6;72542;1;0.489025212;0;0;75118;75118;93;51;29200;10.5;1857;52874;26.3;100;1109;14299;278496;148340;"java=99756;js=45921;xml=2663";;67380;11.1;34062;33594;31.2;"0=374;5=237;10=198;20=92;30=75;60=37;90=63";2.3;118;0;684;0;959;2134;4030;7925;0;7925;0
27/7/2018;451;5;6133;5;5199;363;7086;4450410;0;1.6;72391;1;0.487984253;0;0;75123;75123;93;51;29200;10.5;1857;52878;26.3;100;1109;14301;278513;148347;"java=99763;js=45921;xml=2663";;67384;11.1;34066;33599;31.2;"0=374;5=237;10=198;20=92;30=75;60=37;90=63";2.3;120;0;681;0;959;2114;4026;7900;0;7900;0
3/8/2018;451;5;6133;5;5309;368;7084;4455600;0;1.6;72440;1;0.487745758;0;0;75173;75173;93;51;29200;10.5;1860;52915;26.3;100;1112;14305;278819;148520;"java=99936;js=45921;xml=2663";;67429;11.1;34090;33621;31.2;"0=377;5=238;10=197;20=92;30=75;60=37;90=63";2.3;120;0;680;0;945;2116;4042;7903;0;7903;0
10/8/2018;451;5;6133;5;5309;368;7085;4455720;0;1.6;72441;1;0.487739355;0;0;75174;75174;93;51;29200;10.5;1860;52915;26.3;100;1112;14305;278824;148524;"java=99940;js=45921;xml=2663";;67429;11.1;34086;33621;31.2;"0=377;5=238;10=197;20=92;30=75;60=37;90=63";2.3;120;0;680;0;945;2116;4043;7904;0;7904;0
17/8/2018;451;5;6133;5;5309;368;7085;4457130;0;1.6;72441;1;0.48758506;0;0;75204;75204;93;51;29200;10.5;1860;52927;26.3;100;1112;14308;278885;148571;"java=99987;js=45921;xml=2663";;67457;11.1;34099;33631;31.2;"0=377;5=238;10=197;20=92;30=75;60=37;90=63";2.3;120;0;680;0;945;2116;4043;7904;0;7904;0
24/8/2018;451;5;6133;5;5309;368;7085;4457130;0;1.6;72441;1;0.48758506;0;0;75204;75204;93;51;29200;10.5;1860;52927;26.3;100;1112;14308;278885;148571;"java=99987;js=45921;xml=2663";;67457;11.1;34101;33633;31.2;"0=377;5=238;10=197;20=92;30=75;60=37;90=63";2.3;120;0;680;0;945;2116;4043;7904;0;7904;0
31/8/2018;451;5;6133;5;5309;368;7086;4457010;0;1.6;72446;1;0.487631843;0;0;75198;75198;93;51;29200;10.5;1860;52924;26.3;100;1112;14308;278882;148567;"java=99984;js=45920;xml=2663";;67453;11.1;34100;33633;31.2;"0=377;5=238;10=197;20=92;30=75;60=37;90=63";2.3;120;0;681;0;945;2116;4043;7905;0;7905;0
7/9/2018;452;5;6143;5;5309;368;7087;4463550;0;1.6;72457;1;0.486991296;0;0;75282;75282;93;51;29200;10.5;1864;52950;26.2;102;1115;14328;279266;148785;"java=100202;js=45920;xml=2663";;67531;11.1;34118;33657;31.1;"0=378;5=239;10=198;20=92;30=75;60=37;90=63";2.3;120;0;682;0;946;2118;4041;7907;0;7907;0
14/9/2018;452;5;6143;5;5309;368;7053;4464600;0;1.6;72349;1;0.486151055;0;0;75288;75288;93;51;29200;10.5;1864;52968;26.2;102;1115;14332;279330;148820;"java=100237;js=45920;xml=2663";;67537;11.1;34116;33659;31.1;"0=378;5=239;10=198;20=92;30=75;60=37;90=63";2.3;97;0;682;0;952;2120;4022;7873;0;7873;0
21/9/2018;452;5;6143;5;5349;370;7051;4473630;0;1.6;72412;1;0.485592237;0;0;75432;75432;93;51;29200;10.4;1867;53053;26.2;102;1117;14350;279859;149121;"java=100512;js=45925;xml=2684";;67675;11.1;34186;33719;31.1;"0=378;5=240;10=199;20=92;30=75;60=37;90=63";2.3;97;0;682;0;954;2123;4017;7873;0;7873;0
28/9/2018;452;5;6143;5;5349;370;7053;4473390;0;1.6;72406;1;0.485578052;0;0;75426;75426;93;51;29200;10.4;1867;53047;26.2;102;1117;14350;279849;149113;"java=100504;js=45925;xml=2684";;67671;11.1;34177;33719;31.1;"0=378;5=240;10=199;20=92;30=75;60=37;90=63";2.3;97;0;682;0;954;2124;4018;7875;0;7875;0
5/10/2018;454;5;6183;5;5349;370;7067;4479120;0;1.6;72549;1;0.485914644;0;0;75487;75487;100;54;29262;10.4;1871;53055;26.2;102;1119;14370;280131;149304;"java=100687;js=45933;xml=2684";;67724;11.1;34200;33754;31.1;"0=378;5=240;10=201;20=92;30=75;60=37;90=63";2.3;97;0;685;0;956;2127;4026;7891;0;7891;0
12/10/2018;452;5;6143;5;5349;370;7062;4479510;0;1.6;72474;1;0.485370052;0;0;75496;75496;95;53;29232;10.4;1871;53055;26.2;102;1119;14371;280147;149317;"java=100700;js=45933;xml=2684";;67733;11.1;34204;33758;31.1;"0=377;5=241;10=201;20=92;30=75;60=37;90=63";2.3;97;0;685;0;956;2127;4019;7884;0;7884;0
19/10/2018;450;5;6133;5;5349;370;7085;4479630;0;1.6;72621;1;0.486341506;0;0;75499;75499;95;53;29232;10.4;1871;53054;26.2;102;1119;14371;280151;149321;"java=100704;js=45933;xml=2684";;67736;11.1;34204;33758;31.1;"0=377;5=241;10=201;20=92;30=75;60=37;90=63";2.3;95;0;688;0;954;2147;4021;7905;0;7905;0
26/10/2018;452;5;6143;5;5349;370;7077;4488720;0;1.6;72649;1;0.485543763;0;0;75659;75659;95;53;29232;10.4;1875;53137;26.2;102;1120;14400;280667;149624;"java=101007;js=45933;xml=2684";;67886;11.1;34275;33827;31.1;"0=377;5=241;10=201;20=92;30=76;60=37;90=63";2.3;97;0;688;0;955;2128;4031;7899;0;7899;0
2/11/2018;454;5;6158;5;5349;370;7102;4499790;0;1.6;72868;1;0.485809338;0;0;75861;75861;101;54;29400;10.4;1879;53353;26.2;104;1123;14420;281432;149993;"java=101337;js=45925;xml=2731";;68069;11.1;34348;33894;31.2;"0=377;5=241;10=202;20=92;30=76;60=37;90=63";2.3;98;0;691;0;954;2143;4040;7926;0;7926;0
9/11/2018;454;5;6158;5;5349;370;7103;4501680;0;1.6;72866;1;0.485592046;0;0;75895;75895;101;54;29400;10.4;1879;53366;26.2;104;1123;14424;281517;150056;"java=101395;js=45925;xml=2736";;68106;11.1;34372;33913;31.2;"0=377;5=241;10=202;20=92;30=76;60=37;90=63";2.3;98;0;692;0;954;2144;4039;7927;0;7927;0
16/11/2018;451;5;6133;5;5349;370;7077;4488780;0;1.6;72647;1;0.485523906;0;0;75659;75659;95;53;29232;10.4;1875;53139;26.2;102;1120;14402;280677;149626;"java=101009;js=45933;xml=2684";;67886;11.1;34274;33829;31.1;"0=377;5=241;10=201;20=92;30=76;60=37;90=63";2.3;97;0;688;0;956;2127;4030;7898;0;7898;0
23/11/2018;458;5;6213;5;5439;375;7105;4524720;0;1.6;72747;1;0.482330398;0;0;76201;76201;95;53;29159;10.3;1889;53439;26.2;106;1132;14502;282784;150824;"java=102152;js=45925;xml=2747";;68370;11.1;34441;33993;31;"0=381;5=241;10=203;20=94;30=78;60=37;90=63";2.3;98;0;693;0;959;2149;4039;7938;0;7938;0
30/11/2018;457;5;6203;5;5439;375;7103;4525350;0;1.6;72731;1;0.482157181;0;0;76214;76214;95;53;29159;10.3;1889;53444;26.2;106;1132;14505;282822;150845;"java=102173;js=45925;xml=2747";;68379;11.1;34451;34000;31;"0=381;5=241;10=203;20=94;30=78;60=37;90=63";2.3;98;0;694;0;961;2148;4034;7935;0;7935;0
7/12/2018;457;5;6203;5;5439;375;7103;4525350;0;1.6;72731;1;0.482157181;0;0;76214;76214;95;53;29159;10.3;1889;53444;26.2;106;1132;14505;282822;150845;"java=102173;js=45925;xml=2747";;68379;11.1;34451;34000;31;"0=381;5=241;10=203;20=94;30=78;60=37;90=63";2.3;98;0;694;0;961;2148;4034;7935;0;7935;0
14/12/2018;455;5;6193;5;5439;375;7104;4528560;0;1.6;72721;1;0.481749165;0;0;76254;76254;95;53;29159;10.3;1893;53399;26.1;106;1134;14526;282950;150952;"java=102280;js=45925;xml=2747";;68410;11.1;34442;34024;31;"0=381;5=242;10=203;20=94;30=79;60=37;90=63";2.3;98;0;694;0;961;2149;4032;7934;0;7934;0
21/12/2018;453;5;6183;5;5439;375;7128;4528530;0;1.6;72866;1;0.482712933;0;0;76254;76254;95;53;29159;10.3;1893;53399;26.1;106;1134;14526;282949;150951;"java=102280;js=45925;xml=2746";;68410;11.1;34442;34024;31;"0=381;5=242;10=203;20=94;30=79;60=37;90=63";2.3;96;0;697;0;961;2169;4033;7956;0;7956;0
28/12/2018;455;5;6193;5;5439;375;7105;4530630;0;1.6;72762;1;0.481800544;0;0;76294;76294;97;54;29179;10.3;1893;53418;26.1;106;1134;14533;283062;151021;"java=102350;js=45925;xml=2746";;68446;11.1;34467;34045;31;"0=380;5=243;10=203;20=94;30=79;60=37;90=63";2.3;98;0;694;0;961;2150;4032;7935;0;7935;0
4/1/2019;453;5;6183;5;5519;379;7146;4545570;0;1.6;72974;1;0.481616167;0;0;76546;76546;97;54;29179;10.3;1900;53519;26.1;107;1137;14570;283891;151519;"java=102848;js=45925;xml=2746";;68676;11.1;34535;34136;31;"0=381;5=243;10=202;20=95;30=81;60=37;90=63";2.3;97;0;698;0;966;2172;4045;7978;0;7978;0
11/1/2019;451;5;6168;5;5519;379;7107;4545000;0;1.6;72828;1;0.480712871;0;0;76530;76530;97;54;29179;10.3;1901;53528;26.1;107;1137;14572;283890;151500;"java=102821;js=45925;xml=2754";;68669;11.1;34526;34140;31;"0=381;5=243;10=202;20=95;30=81;60=37;90=63";2.3;96;0;697;0;966;2172;4006;7937;0;7937;0
18/1/2019;451;5;6173;5;5519;379;7047;4546650;0;1.6;72293;1;0.477008347;0;0;76544;76544;97;54;29179;10.3;1902;53551;26.1;108;1138;14577;283994;151555;"java=102866;js=45929;xml=2760";;68676;11.1;34528;34151;31;"0=381;5=243;10=202;20=96;30=81;60=37;90=63";2.3;96;0;696;0;969;2173;3943;7877;0;7877;0
25/1/2019;456;5;6228;5;5519;379;7050;4551420;0;1.6;72602;1;0.478545157;0;0;76642;76642;97;54;29179;10.3;1903;53575;26.1;108;1138;14591;284211;151714;"java=103036;js=45929;xml=2749";;68764;11.1;34569;34188;31;"0=381;5=243;10=201;20=97;30=81;60=37;90=63";2.3;98;0;693;0;967;2155;3972;7885;0;7885;0
1/2/2019;456;5;6228;5;5519;379;7050;4551420;0;1.6;72602;1;0.478545157;0;0;76642;76642;97;54;29179;10.3;1903;53575;26.1;108;1138;14591;284211;151714;"java=103036;js=45929;xml=2749";;68764;11.1;34569;34188;31;"0=381;5=243;10=201;20=97;30=81;60=37;90=63";2.3;98;0;693;0;967;2155;3972;7885;0;7885;0
