date;bugs;reliability_rating;reliability_remediation_effort;security_rating;security_remediation_effort;vulnerabilities;code_smells;development_cost;effort_to_reach_maintainability_rating_a;sqale_debt_ratio;sqale_index;sqale_rating;normalized_td;coverage;line_coverage;lines_to_cover;uncovered_lines;duplicated_blocks;duplicated_files;duplicated_lines;duplicated_lines_density;classes;comment_lines;comment_lines_density;directories;files;functions;lines;ncloc;ncloc_language_distribution;statements;class_complexity;cognitive_complexity;complexity;file_complexity;file_complexity_distribution;function_complexity;function_complexity_distribution;blocker_violations;confirmed_issues;critical_violations;false_positive_issues;info_violations;major_violations;minor_violations;open_issues;reopened_issues;violations;wont_fix_issues
4/11/2016;669;5;7163;5;7600;616;18863;7445490;0;2.9;214557;1;0.864511268;0;0;165696;165696;1440;290;22621;6.6;1827;27357;9.9;240;1124;15103;341239;248183;"java=248178;js=5";148887;26.1;68752;47607;42.4;"0=226;5=213;10=193;20=116;30=176;60=66;90=134";3.1;"1=8114;2=3031;4=1333;6=596;8=335;10=201;12=688";86;0;8276;0;443;4904;6439;20148;0;20148;0
11/11/2016;669;5;7163;5;7600;616;18860;7445070;0;2.9;214519;1;0.864406916;0;0;165682;165682;1440;290;22621;6.6;1827;27357;9.9;240;1124;15103;341225;248169;"java=248164;js=5";148880;26.1;68745;47607;42.4;"0=226;5=213;10=193;20=116;30=176;60=66;90=134";3.1;"1=8114;2=3031;4=1333;6=596;8=335;10=201;12=688";86;0;8273;0;443;4904;6439;20145;0;20145;0
18/11/2016;669;5;7163;5;7600;616;18859;7445160;0;2.9;214518;1;0.864392438;0;0;165684;165684;1440;290;22621;6.6;1827;27355;9.9;240;1124;15103;341224;248172;"java=248167;js=5";148882;26.1;68746;47608;42.4;"0=226;5=213;10=193;20=116;30=176;60=66;90=134";3.1;"1=8114;2=3031;4=1333;6=596;8=335;10=201;12=688";86;0;8273;0;443;4903;6439;20144;0;20144;0
25/11/2016;683;5;7298;5;7735;625;19090;7550250;0;2.9;217068;1;0.862493295;0;0;167858;167858;1467;301;23062;6.6;1845;28174;10.1;246;1142;15357;347109;251675;"java=251670;js=5";150818;26.2;69646;48311;42.3;"0=231;5=214;10=198;20=117;30=177;60=68;90=137";3.1;"1=8204;2=3084;4=1358;6=606;8=346;10=204;12=697";88;0;8353;0;443;4993;6521;20398;0;20398;0
2/12/2016;683;5;7298;5;7735;625;19078;7547790;0;2.9;216926;1;0.862209998;0;0;167806;167806;1467;301;23062;6.6;1845;28195;10.1;246;1141;15358;347057;251593;"java=251588;js=5";150777;26.2;69579;48306;42.3;"0=230;5=215;10=197;20=117;30=177;60=68;90=137";3.1;"1=8201;2=3088;4=1360;6=605;8=346;10=205;12=695";88;0;8349;0;442;4991;6516;20386;0;20386;0
9/12/2016;681;5;7281;5;7735;625;19074;7546470;0;2.9;216890;1;0.862217699;0;0;167787;167787;1467;301;23062;6.6;1844;28192;10.1;246;1139;15353;346983;251549;"java=251544;js=5";150759;26.2;69554;48294;42.4;"0=229;5=215;10=196;20=118;30=175;60=69;90=137";3.1;"1=8199;2=3083;4=1362;6=605;8=348;10=203;12=695";87;0;8346;0;443;4990;6514;20380;0;20380;0
16/12/2016;681;5;7281;5;7735;625;19076;7546410;0;2.9;216894;1;0.862240456;0;0;167787;167787;1467;301;23062;6.6;1844;28241;10.1;246;1139;15353;347043;251547;"java=251542;js=5";150759;26.2;69554;48294;42.4;"0=229;5=215;10=196;20=118;30=175;60=69;90=137";3.1;"1=8199;2=3083;4=1362;6=605;8=348;10=203;12=695";87;0;8346;0;443;4990;6516;20382;0;20382;0
23/12/2016;681;5;7281;5;7735;625;19071;7544880;0;2.9;216862;1;0.862288068;0;0;167748;167748;1467;301;23062;6.6;1845;28251;10.1;246;1140;15350;347029;251496;"java=251491;js=5";150717;26.2;69528;48274;42.3;"0=229;5=215;10=197;20=119;30=174;60=69;90=137";3.1;"1=8204;2=3078;4=1360;6=604;8=348;10=203;12=695";87;0;8346;0;443;4988;6513;20377;0;20377;0
30/12/2016;681;5;7281;5;7735;625;19071;7545090;0;2.9;216867;1;0.862283949;0;0;167752;167752;1467;301;23062;6.6;1845;28256;10.1;246;1140;15351;347042;251503;"java=251498;js=5";150720;26.2;69529;48275;42.3;"0=229;5=215;10=197;20=119;30=174;60=69;90=137";3.1;"1=8205;2=3078;4=1360;6=605;8=347;10=203;12=695";87;0;8346;0;443;4988;6513;20377;0;20377;0
6/1/2017;681;5;7281;5;7735;625;19122;7547670;0;2.9;217317;1;0.863777828;0;0;167809;167809;1467;301;23062;6.6;1845;28283;10.1;246;1140;15356;347163;251589;"java=251584;js=5";150759;26.2;69544;48286;42.4;"0=229;5=215;10=197;20=119;30=174;60=69;90=137";3.1;"1=8210;2=3077;4=1361;6=605;8=346;10=204;12=695";87;0;8353;0;453;5006;6529;20428;0;20428;0
13/1/2017;681;5;7281;5;7735;625;19107;7547460;0;2.9;217151;1;0.863142037;0;0;167806;167806;1465;301;23044;6.6;1845;28283;10.1;246;1140;15356;347155;251582;"java=251577;js=5";150755;26.2;69544;48286;42.4;"0=229;5=215;10=197;20=119;30=174;60=69;90=137";3.1;"1=8210;2=3077;4=1361;6=605;8=346;10=204;12=695";87;0;8352;0;453;4999;6522;20413;0;20413;0
20/1/2017;681;5;7281;5;7735;625;19107;7547490;0;2.9;217151;1;0.863138606;0;0;167807;167807;1465;301;23044;6.6;1845;28283;10.1;246;1140;15356;347156;251583;"java=251578;js=5";150756;26.2;69544;48286;42.4;"0=229;5=215;10=197;20=119;30=174;60=69;90=137";3.1;"1=8210;2=3077;4=1361;6=605;8=346;10=204;12=695";87;0;8352;0;453;4999;6522;20413;0;20413;0
27/1/2017;684;5;7295;5;8035;655;19280;7590540;0;2.9;218537;1;0.863721158;0;0;168851;168851;1463;300;23030;6.6;1849;28434;10.1;247;1144;15387;348979;253018;"java=253013;js=5";151657;26.2;69741;48419;42.3;"0=229;5=214;10=200;20=121;30=173;60=70;90=137";3.1;"1=8217;2=3088;4=1366;6=606;8=348;10=209;12=695";87;0;8421;0;459;5035;6617;20619;0;20619;0
3/2/2017;684;5;7295;5;8035;655;19282;7590630;0;2.9;218545;1;0.863742535;0;0;168854;168854;1463;300;23030;6.6;1849;28434;10.1;247;1144;15387;348980;253021;"java=253016;js=5";151660;26.2;69742;48420;42.3;"0=229;5=214;10=200;20=121;30=173;60=70;90=137";3.1;"1=8217;2=3088;4=1366;6=606;8=348;10=209;12=695";87;0;8422;0;459;5035;6618;20621;0;20621;0
10/2/2017;643;5;6866;5;7300;596;17859;7132290;0;2.9;204243;1;0.85909154;0;0;158803;158803;1357;268;21160;6.5;1766;26506;10;207;1062;14664;327168;237743;"java=237738;js=5";142695;26.1;65951;46017;43.3;"0=214;5=202;10=176;20=114;30=163;60=62;90=131";3.1;"1=7887;2=2948;4=1293;6=572;8=316;10=187;12=665";84;0;7842;0;433;4619;6120;19098;0;19098;0
17/2/2017;643;5;6866;5;7300;596;17853;7127340;0;2.9;204213;1;0.859561912;0;0;158718;158718;1357;268;21160;6.5;1762;26498;10;207;1061;14650;326952;237578;"java=237573;js=5";142621;26.1;65924;45990;43.3;"0=214;5=202;10=176;20=113;30=163;60=62;90=131";3.1;"1=7880;2=2943;4=1291;6=572;8=316;10=187;12=665";84;0;7839;0;433;4618;6118;19092;0;19092;0
24/2/2017;643;5;6866;5;7300;596;17853;7127460;0;2.9;204213;1;0.85954744;0;0;158721;158721;1357;268;21160;6.5;1762;26498;10;207;1061;14650;326956;237582;"java=237577;js=5";142624;26.1;65925;45991;43.3;"0=214;5=202;10=176;20=113;30=163;60=62;90=131";3.1;"1=7880;2=2943;4=1290;6=573;8=316;10=187;12=665";84;0;7839;0;433;4618;6118;19092;0;19092;0
3/3/2017;643;5;6866;5;7300;596;17852;7126410;0;2.9;204208;1;0.859653037;0;0;158695;158695;1357;268;21160;6.5;1762;26495;10;207;1061;14649;326905;237547;"java=237542;js=5";142598;26.1;65920;45985;43.3;"0=214;5=202;10=176;20=113;30=163;60=62;90=131";3.1;"1=7880;2=2943;4=1290;6=573;8=315;10=187;12=665";84;0;7839;0;432;4618;6118;19091;0;19091;0
10/3/2017;643;5;6866;5;7300;596;17854;7126230;0;2.9;204238;1;0.859801045;0;0;158687;158687;1357;268;21160;6.5;1762;26499;10;207;1061;14650;326902;237541;"java=237536;js=5";142598;26.1;65921;45980;43.3;"0=214;5=202;10=176;20=113;30=163;60=62;90=131";3.1;"1=7880;2=2946;4=1291;6=570;8=315;10=187;12=665";84;0;7841;0;432;4618;6118;19093;0;19093;0
17/3/2017;643;5;6866;5;7300;596;17855;7126590;0;2.9;204243;1;0.85977866;0;0;158699;158699;1357;268;21160;6.5;1762;26500;10;207;1061;14650;326915;237553;"java=237548;js=5";142610;26.1;65927;45982;43.3;"0=214;5=202;10=176;20=113;30=163;60=62;90=131";3.1;"1=7880;2=2946;4=1291;6=570;8=315;10=187;12=665";84;0;7843;0;432;4618;6117;19094;0;19094;0
24/3/2017;643;5;6866;5;7300;596;17830;7124130;0;2.9;204115;1;0.859536533;0;0;158660;158660;1357;268;21131;6.5;1762;26499;10;207;1061;14650;326816;237471;"java=237466;js=5";142566;26.1;65863;45974;43.3;"0=214;5=202;10=176;20=113;30=163;60=62;90=131";3.1;"1=7881;2=2949;4=1288;6=569;8=315;10=188;12=664";84;0;7840;0;432;4600;6113;19069;0;19069;0
31/3/2017;643;5;6866;5;7300;596;17819;7123170;0;2.9;203862;1;0.858586837;0;0;158633;158633;1352;268;21074;6.4;1763;26504;10;207;1062;14652;326813;237439;"java=237434;js=5";142538;26.1;65829;45973;43.3;"0=215;5=202;10=176;20=113;30=163;60=62;90=131";3.1;"1=7881;2=2951;4=1288;6=569;8=316;10=189;12=662";84;0;7840;0;432;4589;6113;19058;0;19058;0
7/4/2017;642;5;6851;5;7300;596;17817;7123020;0;2.9;203850;1;0.858554377;0;0;158629;158629;1352;268;21074;6.4;1763;26504;10;207;1062;14652;326808;237434;"java=237429;js=5";142534;26.1;65825;45972;43.3;"0=215;5=202;10=176;20=113;30=163;60=62;90=131";3.1;"1=7881;2=2951;4=1288;6=569;8=316;10=189;12=662";84;0;7840;0;432;4588;6111;19055;0;19055;0
14/4/2017;642;5;6851;5;7300;596;17817;7122990;0;2.9;203848;1;0.85854957;0;0;158628;158628;1352;268;21074;6.4;1763;26505;10;207;1062;14652;326808;237433;"java=237428;js=5";142533;26.1;65825;45972;43.3;"0=215;5=202;10=176;20=113;30=163;60=62;90=131";3.1;"1=7881;2=2951;4=1288;6=569;8=316;10=189;12=662";84;0;7840;0;432;4588;6111;19055;0;19055;0
21/4/2017;642;5;6851;5;7300;596;17817;7122990;0;2.9;203848;1;0.85854957;0;0;158628;158628;1352;268;21074;6.4;1763;26505;10;207;1062;14652;326808;237433;"java=237428;js=5";142533;26.1;65825;45972;43.3;"0=215;5=202;10=176;20=113;30=163;60=62;90=131";3.1;"1=7881;2=2951;4=1288;6=569;8=316;10=189;12=662";84;0;7840;0;432;4588;6111;19055;0;19055;0
28/4/2017;642;5;6851;5;7300;596;17812;7122510;0;2.9;203807;1;0.858434737;0;0;158615;158615;1352;268;21074;6.4;1763;26501;10;207;1062;14652;326792;237417;"java=237412;js=5";142530;26.1;65822;45970;43.3;"0=215;5=202;10=176;20=113;30=163;60=62;90=131";3.1;"1=7881;2=2951;4=1288;6=569;8=317;10=188;12=662";84;0;7837;0;432;4586;6111;19050;0;19050;0
5/5/2017;642;5;6851;5;7300;596;17819;7124610;0;2.9;203869;1;0.858442778;0;0;158652;158652;1352;268;21074;6.4;1764;26521;10;207;1063;14653;326903;237487;"java=237482;js=5";142563;26.1;65840;45978;43.3;"0=215;5=203;10=176;20=113;30=163;60=62;90=131";3.1;"1=7881;2=2951;4=1288;6=569;8=318;10=188;12=662";84;0;7841;0;433;4588;6111;19057;0;19057;0
12/5/2017;642;5;6851;5;7300;596;17818;7124790;0;2.9;203883;1;0.858480039;0;0;158653;158653;1352;268;21064;6.4;1764;26523;10;207;1063;14653;326909;237493;"java=237488;js=5";142568;26.1;65848;45984;43.3;"0=215;5=203;10=176;20=113;30=163;60=62;90=131";3.1;"1=7881;2=2951;4=1288;6=569;8=318;10=188;12=662";84;0;7842;0;433;4588;6109;19056;0;19056;0
19/5/2017;642;5;6851;5;7300;596;17814;7124880;0;2.9;203811;1;0.858166032;0;0;158653;158653;1352;268;21064;6.4;1764;26523;10;207;1063;14653;326911;237496;"java=237491;js=5";142568;26.1;65848;45984;43.3;"0=215;5=203;10=176;20=113;30=163;60=62;90=131";3.1;"1=7881;2=2951;4=1288;6=569;8=318;10=188;12=662";84;0;7838;0;433;4588;6109;19052;0;19052;0
26/5/2017;641;5;6846;5;7300;596;17814;7124880;0;2.9;203811;1;0.858166032;0;0;158653;158653;1352;268;21064;6.4;1764;26523;10;207;1063;14653;326911;237496;"java=237491;js=5";142568;26.1;65848;45984;43.3;"0=215;5=203;10=176;20=113;30=163;60=62;90=131";3.1;"1=7881;2=2951;4=1288;6=569;8=318;10=188;12=662";84;0;7838;0;433;4588;6108;19051;0;19051;0
2/6/2017;640;5;6836;5;7260;592;17814;7122090;0;2.9;203829;1;0.85857803;0;0;158617;158617;1349;268;21043;6.4;1764;26521;10;207;1063;14651;326799;237403;"java=237398;js=5";142498;26.1;65818;45973;43.2;"0=215;5=203;10=176;20=113;30=163;60=62;90=131";3.1;"1=7882;2=2948;4=1288;6=569;8=319;10=187;12=662";84;0;7836;0;433;4588;6105;19046;0;19046;0
9/6/2017;639;5;6831;5;7260;592;17811;7120530;0;2.9;203711;1;0.858268977;0;0;158591;158591;1342;267;21006;6.4;1764;26521;10.1;207;1063;14651;326739;237351;"java=237346;js=5";142453;26.1;65802;45970;43.2;"0=215;5=203;10=176;20=113;30=163;60=62;90=131";3.1;"1=7881;2=2949;4=1288;6=570;8=318;10=187;12=662";83;0;7836;0;433;4585;6105;19042;0;19042;0
16/6/2017;638;5;6801;5;7260;592;17817;7119930;0;2.9;203865;1;0.858990187;0;0;158590;158590;1344;267;20998;6.4;1764;26531;10.1;207;1063;14651;326737;237331;"java=237326;js=5";142437;26.1;65797;45966;43.2;"0=215;5=203;10=176;20=113;30=163;60=62;90=131";3.1;"1=7882;2=2948;4=1288;6=570;8=318;10=187;12=662";83;0;7835;0;433;4591;6105;19047;0;19047;0
23/6/2017;638;5;6801;5;7260;592;17806;7118970;0;2.9;203792;1;0.858798394;0;0;158544;158544;1344;267;20998;6.4;1764;26450;10;207;1063;14664;326628;237299;"java=237294;js=5";142410;26.1;65768;45974;43.2;"0=215;5=203;10=176;20=113;30=163;60=62;90=131";3.1;"1=7886;2=2959;4=1290;6=569;8=317;10=186;12=661";83;0;7832;0;433;4583;6105;19036;0;19036;0
30/6/2017;638;5;6801;5;7260;592;17788;7115400;0;2.9;203705;1;0.858862467;0;0;158455;158455;1344;267;20998;6.4;1764;26418;10;207;1063;14646;326423;237180;"java=237175;js=5";142328;26;65769;45952;43.2;"0=215;5=203;10=176;20=113;30=163;60=62;90=131";3.1;"1=7867;2=2961;4=1290;6=568;8=317;10=186;12=661";83;0;7832;0;433;4576;6094;19018;0;19018;0
7/7/2017;638;5;6796;5;7140;584;17788;7115250;0;2.9;203695;1;0.85883841;0;0;158448;158448;1347;267;20970;6.4;1764;26422;10;207;1063;14646;326429;237175;"java=237170;js=5";142321;26;65758;45946;43.2;"0=215;5=203;10=176;20=113;30=163;60=62;90=131";3.1;"1=7867;2=2961;4=1290;6=569;8=317;10=186;12=660";83;0;7834;0;433;4576;6084;19010;0;19010;0
14/7/2017;633;5;6746;5;7140;584;17718;7114350;0;2.9;203441;1;0.857875983;0;0;158449;158449;1347;267;20970;6.4;1764;26422;10;207;1063;14646;326399;237145;"java=237140;js=5";142322;26;65761;45949;43.2;"0=215;5=203;10=176;20=113;30=163;60=62;90=131";3.1;"1=7867;2=2961;4=1290;6=569;8=316;10=187;12=660";83;0;7799;0;433;4536;6084;18935;0;18935;0
21/7/2017;632;5;6736;5;7140;584;17705;7116630;0;2.9;203452;1;0.85764751;0;0;158498;158498;1349;268;20989;6.4;1764;26428;10;207;1063;14648;326486;237221;"java=237216;js=5";142370;26.1;65804;45967;43.2;"0=215;5=203;10=176;20=113;30=163;60=62;90=131";3.1;"1=7868;2=2961;4=1291;6=568;8=317;10=187;12=660";83;0;7801;0;437;4525;6075;18921;0;18921;0
28/7/2017;632;5;6736;5;7140;584;17705;7116690;0;2.9;203455;1;0.857652926;0;0;158500;158500;1349;268;20989;6.4;1764;26429;10;207;1063;14648;326489;237223;"java=237218;js=5";142372;26.1;65807;45970;43.2;"0=215;5=203;10=176;20=113;30=163;60=62;90=131";3.1;"1=7868;2=2961;4=1291;6=568;8=317;10=187;12=660";83;0;7801;0;437;4525;6075;18921;0;18921;0
4/8/2017;632;5;6736;5;7140;584;17705;7116690;0;2.9;203448;1;0.857623418;0;0;158500;158500;1349;268;20989;6.4;1764;26429;10;207;1063;14648;326489;237223;"java=237218;js=5";142372;26.1;65800;45962;43.2;"0=215;5=203;10=176;20=113;30=163;60=62;90=131";3.1;"1=7868;2=2961;4=1291;6=568;8=317;10=187;12=660";83;0;7801;0;437;4525;6075;18921;0;18921;0
11/8/2017;627;5;6681;5;7170;587;17666;7116930;0;2.9;203242;1;0.856726145;0;0;158491;158491;1343;269;20978;6.4;1765;26520;10.1;207;1064;14666;326694;237231;"java=237226;js=5";142359;26;65737;45973;43.2;"0=215;5=203;10=177;20=113;30=163;60=62;90=131";3.1;"1=7884;2=2964;4=1292;6=566;8=317;10=187;12=660";83;0;7800;0;434;4512;6051;18880;0;18880;0
18/8/2017;622;5;6606;5;7140;585;17634;7118640;0;2.9;203046;1;0.855694346;0;0;158504;158504;1332;269;20921;6.4;1765;26535;10.1;207;1064;14670;326802;237288;"java=237283;js=5";142385;26.1;65716;45983;43.2;"0=215;5=203;10=177;20=113;30=163;60=62;90=131";3.1;"1=7890;2=2959;4=1294;6=568;8=318;10=185;12=660";83;0;7798;0;434;4503;6023;18841;0;18841;0
25/8/2017;625;5;6646;5;7130;584;17664;7136730;0;2.8;203091;1;0.853714516;0;0;158781;158781;1336;269;20929;6.4;1768;26589;10.1;207;1066;14761;327641;237891;"java=237886;js=5";142654;26.1;65597;46086;43.2;"0=215;5=203;10=178;20=113;30=163;60=61;90=133";3.1;"1=7933;2=2989;4=1308;6=575;8=317;10=184;12=658";84;0;7810;0;431;4510;6038;18873;0;18873;0
1/9/2017;625;5;6646;5;7130;584;17663;7137210;0;2.8;203092;1;0.853661305;0;0;158793;158793;1336;269;20929;6.4;1768;26589;10.1;207;1066;14762;327657;237907;"java=237902;js=5";142667;26.1;65601;46088;43.2;"0=215;5=203;10=178;20=113;30=163;60=61;90=133";3.1;"1=7934;2=2989;4=1308;6=575;8=317;10=184;12=658";84;0;7810;0;431;4508;6039;18872;0;18872;0
8/9/2017;625;5;6646;5;7130;584;17662;7137300;0;2.8;203087;1;0.853629524;0;0;158796;158796;1336;269;20929;6.4;1768;26589;10.1;207;1066;14762;327660;237910;"java=237905;js=5";142669;26.1;65601;46088;43.2;"0=215;5=203;10=178;20=113;30=163;60=61;90=133";3.1;"1=7934;2=2989;4=1308;6=575;8=317;10=184;12=658";84;0;7810;0;431;4507;6039;18871;0;18871;0
15/9/2017;625;5;6646;5;7130;584;17664;7137270;0;2.8;203091;1;0.853649925;0;0;158795;158795;1336;269;20929;6.4;1768;26589;10.1;207;1066;14762;327659;237909;"java=237904;js=5";142668;26.1;65601;46088;43.2;"0=215;5=203;10=178;20=113;30=163;60=61;90=133";3.1;"1=7934;2=2989;4=1308;6=575;8=317;10=184;12=658";84;0;7810;0;431;4507;6041;18873;0;18873;0
22/9/2017;625;5;6646;5;7130;584;17668;7138740;0;2.8;203115;1;0.853575001;0;0;158838;158838;1336;269;20929;6.4;1768;26602;10.1;207;1066;14764;327728;237958;"java=237953;js=5";142671;26.1;65602;46091;43.2;"0=215;5=203;10=178;20=112;30=164;60=61;90=133";3.1;"1=7935;2=2990;4=1308;6=575;8=317;10=184;12=658";84;0;7813;0;431;4507;6042;18877;0;18877;0
29/9/2017;624;5;6626;5;7090;576;17667;7138950;0;2.8;203065;1;0.853339777;0;0;158845;158845;1336;269;20929;6.4;1768;26604;10.1;207;1066;14764;327739;237965;"java=237960;js=5";142678;26.1;65587;46086;43.2;"0=215;5=203;10=178;20=112;30=164;60=61;90=133";3.1;"1=7935;2=2990;4=1308;6=575;8=317;10=184;12=658";84;0;7811;0;431;4506;6035;18867;0;18867;0
6/10/2017;611;5;6496;5;6895;563;17460;7138170;0;2.8;202477;1;0.850961801;0;0;158814;158814;1339;270;20971;6.4;1769;26560;10;207;1067;14772;327701;237939;"java=237934;js=5";142646;26;65481;46057;43.2;"0=216;5=204;10=178;20=111;30=164;60=61;90=133";3.1;"1=7940;2=2998;4=1305;6=577;8=313;10=184;12=658";84;0;7811;0;432;4439;5868;18634;0;18634;0
13/10/2017;576;5;6116;5;6805;557;17383;7136670;0;2.8;201765;1;0.848147666;0;0;158795;158795;1309;270;20776;6.3;1769;26554;10;207;1067;14787;327641;237889;"java=237884;js=5";142576;26;65411;46070;43.2;"0=216;5=204;10=176;20=114;30=164;60=60;90=133";3.1;"1=7952;2=2999;4=1311;6=575;8=311;10=185;12=657";80;0;7809;0;431;4395;5801;18516;0;18516;0
20/10/2017;557;5;5901;5;6365;528;17247;7138350;0;2.8;201369;1;0.846283805;0;0;158854;158854;1303;270;20656;6.3;1769;26563;10;207;1067;14797;327756;237945;"java=237940;js=5";142645;26.1;65333;46126;43.2;"0=216;5=204;10=176;20=113;30=163;60=62;90=133";3.1;"1=7952;2=3001;4=1312;6=582;8=308;10=187;12=658";78;0;7799;0;431;4379;5645;18332;0;18332;0
27/10/2017;550;5;5811;5;6245;520;17186;7142910;0;2.8;201147;1;0.844811148;0;0;158938;158938;1303;270;20654;6.3;1769;26575;10;207;1067;14809;327941;238097;"java=238092;js=5";142728;26.1;65344;46157;43.3;"0=216;5=204;10=175;20=113;30=164;60=62;90=133";3.1;"1=7958;2=3003;4=1315;6=582;8=309;10=187;12=658";76;0;7804;0;431;4340;5605;18256;0;18256;0
3/11/2017;551;5;5826;5;6245;520;17187;7146930;0;2.8;201149;1;0.844344355;0;0;159036;159036;1303;270;20654;6.3;1769;26584;10;207;1067;14816;328094;238231;"java=238226;js=5";142865;26.1;65442;46236;43.3;"0=216;5=204;10=174;20=112;30=166;60=62;90=133";3.1;"1=7958;2=3001;4=1315;6=585;8=313;10=189;12=659";76;0;7807;0;429;4340;5606;18258;0;18258;0
10/11/2017;551;5;5826;5;6245;520;17189;7147380;0;2.8;201168;1;0.844370944;0;0;159046;159046;1303;270;20654;6.3;1769;26583;10;207;1067;14816;328111;238246;"java=238241;js=5";142873;26.1;65444;46238;43.3;"0=216;5=204;10=174;20=111;30=167;60=62;90=133";3.1;"1=7958;2=3001;4=1315;6=585;8=313;10=189;12=659";76;0;7808;0;429;4341;5606;18260;0;18260;0
17/11/2017;551;5;5826;5;6245;520;17189;7147230;0;2.8;201168;1;0.844388665;0;0;159044;159044;1303;270;20654;6.3;1769;26586;10;207;1067;14816;328110;238241;"java=238236;js=5";142872;26.1;65447;46240;43.3;"0=216;5=204;10=174;20=111;30=167;60=62;90=133";3.1;"1=7958;2=3001;4=1315;6=585;8=313;10=189;12=659";76;0;7809;0;429;4340;5606;18260;0;18260;0
24/11/2017;551;5;5826;5;6265;522;17187;7149240;0;2.8;201105;1;0.843886903;0;0;159093;159093;1303;270;20656;6.3;1770;26585;10;207;1068;14820;328200;238308;"java=238303;js=5";142902;26.1;65451;46246;43.3;"0=217;5=204;10=174;20=111;30=167;60=62;90=133";3.1;"1=7962;2=3001;4=1314;6=586;8=313;10=188;12=660";76;0;7821;0;429;4325;5609;18260;0;18260;0
1/12/2017;551;5;5826;5;6265;522;17189;7149480;0;2.8;201112;1;0.843887947;0;0;159102;159102;1303;270;20680;6.3;1770;26584;10;207;1068;14820;328206;238316;"java=238311;js=5";142910;26.1;65451;46246;43.3;"0=217;5=204;10=174;20=111;30=167;60=62;90=133";3.1;"1=7962;2=3001;4=1314;6=586;8=313;10=188;12=660";76;0;7822;0;429;4325;5610;18262;0;18262;0
8/12/2017;458;5;4934;5;5440;467;16843;7163160;0;2.8;199131;1;0.833979696;0;0;159412;159412;1297;268;20664;6.3;1770;26584;10;207;1068;14853;328718;238772;"java=238767;js=5";143142;26.2;65368;46390;43.4;"0=216;5=204;10=175;20=112;30=165;60=63;90=133";3.1;"1=7957;2=3032;4=1313;6=583;8=309;10=199;12=664";76;0;7808;0;435;4119;5330;17768;0;17768;0
15/12/2017;445;5;4799;5;5320;459;15730;7197000;0;2.7;196427;1;0.818786995;0;0;159686;159686;1278;261;20388;6.2;1770;26458;9.9;207;1068;14855;329693;239900;"java=239895;js=5";143067;26.3;65151;46491;43.5;"0=216;5=204;10=173;20=115;30=163;60=64;90=133";3.1;"1=7953;2=3032;4=1308;6=591;8=308;10=203;12=665";76;0;7786;0;432;4002;4338;16634;0;16634;0
22/12/2017;438;5;4719;5;5030;430;15049;7224630;0;2.7;194093;1;0.805963766;0;0;159904;159904;1243;256;20189;6.1;1773;26393;9.9;207;1071;14858;330593;240821;"java=240816;js=5";142786;26.2;64846;46452;43.4;"0=219;5=204;10=174;20=114;30=163;60=64;90=133";3.1;"1=7961;2=3040;4=1304;6=584;8=308;10=204;12=665";76;0;7773;0;433;3906;3729;15917;0;15917;0
29/12/2017;438;5;4719;5;5030;430;15087;7261230;0;2.7;195270;1;0.806764143;0;0;160765;160765;1276;257;20540;6.2;1773;26389;9.8;207;1071;14858;331751;242041;"java=242036;js=5";143639;26.4;65742;46776;43.7;"0=215;5=206;10=176;20=111;30=165;60=65;90=133";3.1;"1=7949;2=3037;4=1307;6=582;8=315;10=195;12=681";76;0;7788;0;433;3896;3762;15955;0;15955;0
5/1/2018;438;5;4719;5;5030;430;15083;7260930;0;2.7;195247;1;0.806702447;0;0;160756;160756;1276;257;20524;6.2;1773;26393;9.8;207;1071;14858;331749;242031;"java=242026;js=5";143632;26.4;65741;46778;43.7;"0=215;5=206;10=176;20=111;30=165;60=65;90=133";3.1;"1=7949;2=3037;4=1307;6=581;8=316;10=195;12=681";76;0;7788;0;433;3897;3757;15951;0;15951;0
12/1/2018;436;5;4699;5;5030;430;15092;7266180;0;2.7;195891;1;0.808778478;0;0;160922;160922;1276;257;20524;6.2;1774;26390;9.8;207;1071;14859;331925;242206;"java=242201;js=5";143793;26.4;65750;46783;43.7;"0=215;5=205;10=177;20=111;30=165;60=65;90=133";3.1;"1=7949;2=3037;4=1307;6=581;8=316;10=195;12=681";76;0;7789;0;433;3897;3763;15958;0;15958;0
19/1/2018;436;5;4699;5;5030;430;15093;7266600;0;2.7;195906;1;0.808793659;0;0;160932;160932;1276;257;20524;6.2;1774;26390;9.8;207;1071;14859;331939;242220;"java=242215;js=5";143804;26.4;65752;46785;43.7;"0=215;5=205;10=177;20=111;30=165;60=65;90=133";3.1;"1=7949;2=3037;4=1307;6=581;8=316;10=195;12=681";76;0;7790;0;433;3897;3763;15959;0;15959;0
26/1/2018;437;5;4704;5;5030;430;15088;7266510;0;2.7;195853;1;0.808584864;0;0;160930;160930;1276;257;20524;6.2;1774;26384;9.8;207;1071;14859;331929;242217;"java=242212;js=5";143803;26.4;65738;46786;43.7;"0=215;5=205;10=177;20=111;30=165;60=65;90=133";3.1;"1=7949;2=3036;4=1308;6=581;8=316;10=195;12=681";77;0;7790;0;432;3895;3761;15955;0;15955;0
2/2/2018;437;5;4704;5;5040;431;15088;7266840;0;2.7;195858;1;0.808568786;0;0;160936;160936;1276;257;20524;6.2;1774;26385;9.8;207;1071;14861;331940;242228;"java=242223;js=5";143809;26.4;65739;46789;43.7;"0=214;5=206;10=177;20=111;30=165;60=65;90=133";3.1;"1=7951;2=3036;4=1308;6=581;8=316;10=195;12=681";77;0;7790;0;432;3895;3762;15956;0;15956;0
9/2/2018;440;5;4719;5;5055;432;15108;7269780;0;2.7;195806;1;0.808027203;0;0;161004;161004;1276;257;20524;6.2;1774;26413;9.8;207;1071;14868;332088;242326;"java=242321;js=5";143872;26.4;65762;46814;43.7;"0=214;5=206;10=177;20=111;30=165;60=65;90=133";3.1;"1=7954;2=3036;4=1310;6=582;8=318;10=194;12=681";80;0;7801;0;437;3898;3764;15980;0;15980;0
16/2/2018;442;5;4729;5;5055;432;15083;7269480;0;2.7;195784;1;0.807969758;0;0;160983;160983;1276;257;20525;6.2;1774;26428;9.8;207;1071;14871;332099;242316;"java=242311;js=5";143858;26.4;65736;46814;43.7;"0=214;5=206;10=178;20=109;30=166;60=65;90=133";3.1;"1=7956;2=3037;4=1310;6=582;8=318;10=194;12=681";80;0;7790;0;437;3902;3748;15957;0;15957;0
23/2/2018;442;5;4729;5;5065;433;15087;7274370;0;2.7;195898;1;0.807896766;0;0;161099;161099;1276;257;20525;6.2;1774;26446;9.8;207;1071;14877;332290;242479;"java=242474;js=5";143968;26.4;65803;46846;43.7;"0=214;5=206;10=178;20=109;30=166;60=65;90=133";3.1;"1=7960;2=3037;4=1310;6=583;8=318;10=194;12=682";81;0;7797;0;436;3899;3749;15962;0;15962;0
2/3/2018;442;5;4729;5;5065;433;15090;7276350;0;2.7;195917;1;0.807755262;0;0;161152;161152;1274;257;20495;6.2;1774;26451;9.8;207;1071;14880;332368;242545;"java=242540;js=5";144021;26.4;65817;46856;43.7;"0=214;5=206;10=178;20=109;30=166;60=65;90=133";3.1;"1=7963;2=3037;4=1310;6=583;8=318;10=194;12=682";81;0;7798;0;436;3900;3750;15965;0;15965;0
9/3/2018;442;5;4729;5;5065;433;15090;7276350;0;2.7;195917;1;0.807755262;0;0;161152;161152;1274;257;20495;6.2;1774;26451;9.8;207;1071;14880;332368;242545;"java=242540;js=5";144021;26.4;65817;46856;43.7;"0=214;5=206;10=178;20=109;30=166;60=65;90=133";3.1;"1=7963;2=3037;4=1310;6=583;8=318;10=194;12=682";81;0;7798;0;436;3900;3750;15965;0;15965;0
16/3/2018;442;5;4729;5;5065;433;15088;7276320;0;2.7;195898;1;0.807680256;0;0;161149;161149;1274;257;20495;6.2;1774;26452;9.8;207;1071;14883;332373;242544;"java=242539;js=5";144015;26.4;65813;46855;43.7;"0=214;5=206;10=178;20=109;30=166;60=65;90=133";3.1;"1=7965;2=3038;4=1310;6=584;8=317;10=194;12=682";81;0;7796;0;436;3900;3750;15963;0;15963;0
23/3/2018;442;5;4729;5;5065;433;15088;7275960;0;2.7;195896;1;0.807711972;0;0;161142;161142;1274;257;20495;6.2;1774;26445;9.8;207;1071;14883;332355;242532;"java=242527;js=5";144006;26.4;65811;46852;43.7;"0=214;5=206;10=178;20=109;30=166;60=65;90=133";3.1;"1=7965;2=3038;4=1310;6=584;8=317;10=194;12=682";81;0;7796;0;436;3900;3750;15963;0;15963;0
30/3/2018;442;5;4729;5;5065;433;15088;7275960;0;2.7;195897;1;0.807716095;0;0;161141;161141;1274;257;20495;6.2;1774;26444;9.8;207;1071;14883;332353;242532;"java=242527;js=5";144005;26.4;65812;46852;43.7;"0=214;5=206;10=178;20=109;30=166;60=65;90=133";3.1;"1=7965;2=3038;4=1310;6=584;8=317;10=194;12=682";81;0;7796;0;436;3900;3750;15963;0;15963;0
6/4/2018;442;5;4729;5;5065;433;15088;7275840;0;2.7;195889;1;0.807696431;0;0;161137;161137;1274;257;20495;6.2;1774;26443;9.8;207;1071;14883;332348;242528;"java=242523;js=5";144001;26.4;65812;46853;43.7;"0=214;5=206;10=178;20=109;30=166;60=65;90=133";3.1;"1=7965;2=3038;4=1309;6=585;8=317;10=194;12=682";81;0;7796;0;436;3900;3750;15963;0;15963;0
13/4/2018;442;5;4729;5;5065;433;15086;7275840;0;2.7;195873;1;0.807630459;0;0;161137;161137;1274;257;20495;6.2;1774;26443;9.8;207;1071;14883;332348;242528;"java=242523;js=5";144001;26.4;65812;46853;43.7;"0=214;5=206;10=178;20=109;30=166;60=65;90=133";3.1;"1=7965;2=3038;4=1309;6=585;8=317;10=194;12=682";81;0;7794;0;436;3900;3750;15961;0;15961;0
20/4/2018;442;5;4729;5;5065;433;15086;7275840;0;2.7;195873;1;0.807630459;0;0;161137;161137;1274;257;20495;6.2;1774;26443;9.8;207;1071;14883;332348;242528;"java=242523;js=5";144001;26.4;65812;46853;43.7;"0=214;5=206;10=178;20=109;30=166;60=65;90=133";3.1;"1=7965;2=3038;4=1309;6=585;8=317;10=194;12=682";81;0;7794;0;436;3900;3750;15961;0;15961;0
27/4/2018;442;5;4729;5;5065;433;15086;7275870;0;2.7;195873;1;0.807627129;0;0;161137;161137;1274;257;20495;6.2;1774;26443;9.8;207;1071;14883;332349;242529;"java=242524;js=5";144001;26.4;65812;46853;43.7;"0=214;5=206;10=178;20=109;30=166;60=65;90=133";3.1;"1=7965;2=3038;4=1309;6=585;8=317;10=194;12=682";81;0;7794;0;436;3900;3750;15961;0;15961;0
4/5/2018;442;5;4729;5;5065;433;15085;7275870;0;2.7;195868;1;0.807606513;0;0;161137;161137;1274;257;20495;6.2;1774;26443;9.8;207;1071;14883;332349;242529;"java=242524;js=5";144001;26.4;65812;46853;43.7;"0=214;5=206;10=178;20=109;30=166;60=65;90=133";3.1;"1=7965;2=3038;4=1309;6=585;8=317;10=194;12=682";81;0;7794;0;436;3899;3750;15960;0;15960;0
11/5/2018;442;5;4729;5;5065;433;15052;7265580;0;2.7;195353;1;0.806623835;0;0;160853;160853;1272;256;20447;6.2;1774;26421;9.8;207;1071;14874;331906;242186;"java=242181;js=5";143729;26.4;65746;46812;43.7;"0=214;5=206;10=178;20=109;30=166;60=66;90=132";3.1;"1=7960;2=3038;4=1308;6=584;8=316;10=194;12=681";81;0;7772;0;436;3896;3742;15927;0;15927;0
18/5/2018;443;5;4739;5;5065;433;15074;7263300;0;2.7;195180;1;0.806162488;0;0;160710;160710;1274;256;20395;6.1;1779;26390;9.8;208;1076;14905;331886;242110;"java=242105;js=5";143592;26.3;65464;46721;43.4;"0=215;5=207;10=180;20=110;30=166;60=66;90=132";3.1;"1=7972;2=3045;4=1311;6=585;8=317;10=194;12=682";81;0;7786;0;438;3903;3742;15950;0;15950;0
25/5/2018;443;5;4739;5;5065;433;15071;7262730;0;2.7;195161;1;0.806147275;0;0;160697;160697;1274;256;20395;6.1;1779;26390;9.8;208;1076;14903;331860;242091;"java=242086;js=5";143575;26.3;65454;46715;43.4;"0=215;5=207;10=180;20=110;30=166;60=66;90=132";3.1;"1=7973;2=3043;4=1310;6=585;8=317;10=193;12=683";81;0;7786;0;438;3901;3741;15947;0;15947;0
1/6/2018;444;5;4749;5;5065;433;15070;7264170;0;2.7;195175;1;0.806045288;0;0;160727;160727;1277;256;20407;6.1;1779;26394;9.8;208;1076;14909;331914;242139;"java=242134;js=5";143605;26.3;65461;46730;43.4;"0=215;5=207;10=180;20=110;30=166;60=66;90=132";3.1;"1=7977;2=3043;4=1310;6=586;8=317;10=193;12=683";81;0;7783;0;439;3905;3739;15947;0;15947;0
8/6/2018;446;5;4769;5;5065;433;15070;7264800;0;2.7;195173;1;0.805967129;0;0;160742;160742;1277;256;20415;6.2;1779;26394;9.8;208;1076;14910;331933;242160;"java=242155;js=5";143618;26.3;65467;46733;43.4;"0=215;5=207;10=180;20=110;30=166;60=66;90=132";3.1;"1=7978;2=3043;4=1310;6=586;8=317;10=193;12=683";81;0;7783;0;439;3907;3739;15949;0;15949;0
15/6/2018;445;5;4764;5;5065;433;15053;7261050;0;2.7;195043;1;0.805846262;0;0;160664;160664;1277;256;20415;6.2;1779;26354;9.8;208;1076;14902;331737;242035;"java=242030;js=5";143550;26.3;65448;46711;43.4;"0=215;5=207;10=181;20=110;30=165;60=66;90=132";3.1;"1=7976;2=3040;4=1309;6=585;8=317;10=193;12=683";81;0;7779;0;439;3902;3730;15931;0;15931;0
22/6/2018;445;5;4764;5;5075;434;15054;7261620;0;2.7;195071;1;0.805898684;0;0;160680;160680;1277;256;20415;6.2;1779;26354;9.8;208;1076;14902;331760;242054;"java=242049;js=5";143565;26.3;65458;46714;43.4;"0=215;5=207;10=181;20=110;30=165;60=66;90=132";3.1;"1=7976;2=3040;4=1309;6=585;8=317;10=193;12=683";81;0;7780;0;439;3902;3731;15933;0;15933;0
29/6/2018;446;5;4774;5;5105;436;15053;7267560;0;2.7;194974;1;0.804839589;0;0;160720;160720;1277;256;20415;6.1;1782;26380;9.8;208;1078;14947;332161;242252;"java=242247;js=5";143591;26.3;65430;46785;43.4;"0=216;5=207;10=181;20=110;30=166;60=66;90=132";3.1;"1=8025;2=3038;4=1307;6=585;8=317;10=193;12=683";81;0;7783;0;439;3894;3738;15935;0;15935;0
6/7/2018;444;5;4754;5;5075;434;15046;7258020;0;2.7;194998;1;0.805996677;0;0;160575;160575;1274;256;20403;6.2;1779;26357;9.8;208;1076;14899;331719;241934;"java=241929;js=5";143473;26.2;65425;46698;43.4;"0=215;5=207;10=181;20=110;30=165;60=66;90=132";3.1;"1=7986;2=3034;4=1304;6=584;8=317;10=193;12=683";81;0;7781;0;439;3892;3731;15924;0;15924;0
13/7/2018;445;5;4764;5;5075;434;15050;7263210;0;2.7;195039;1;0.80559009;0;0;160666;160666;1277;256;20393;6.1;1779;26389;9.8;208;1076;14922;331951;242107;"java=242102;js=5";143560;26.3;65458;46739;43.4;"0=215;5=207;10=181;20=110;30=165;60=66;90=132";3.1;"1=8004;2=3034;4=1305;6=585;8=318;10=193;12=683";81;0;7782;0;441;3894;3731;15929;0;15929;0
20/7/2018;445;5;4764;5;5075;434;15052;7264710;0;2.7;195074;1;0.805568288;0;0;160702;160702;1277;256;20393;6.1;1779;26389;9.8;208;1076;14923;332007;242157;"java=242152;js=5";143589;26.3;65468;46744;43.4;"0=215;5=207;10=181;20=110;30=165;60=66;90=132";3.1;"1=8004;2=3034;4=1306;6=585;8=318;10=193;12=683";81;0;7783;0;441;3895;3731;15931;0;15931;0
27/7/2018;445;5;4764;5;5075;434;15050;7261470;0;2.7;194988;1;0.805572425;0;0;160611;160611;1275;256;20363;6.1;1779;26372;9.8;208;1076;14915;331857;242049;"java=242044;js=5";143512;26.3;65455;46730;43.4;"0=215;5=207;10=181;20=110;30=166;60=65;90=132";3.1;"1=7999;2=3032;4=1305;6=585;8=318;10=193;12=683";81;0;7782;0;441;3895;3730;15929;0;15929;0
3/8/2018;445;5;4764;5;5075;434;15040;7258590;0;2.7;194829;1;0.805234901;0;0;160534;160534;1275;256;20363;6.1;1778;26358;9.8;208;1076;14909;331734;241953;"java=241948;js=5";143435;26.3;65358;46699;43.4;"0=215;5=207;10=181;20=110;30=166;60=65;90=132";3.1;"1=8003;2=3027;4=1302;6=584;8=318;10=193;12=682";81;0;7781;0;441;3886;3730;15919;0;15919;0
10/8/2018;422;5;4634;5;5105;435;15011;7259970;0;2.7;194677;1;0.804453737;0;0;160555;160555;1275;256;20363;6.1;1778;26358;9.8;208;1076;14912;331783;241999;"java=241994;js=5";143457;26.3;65359;46708;43.4;"0=215;5=207;10=181;20=110;30=166;60=65;90=132";3.1;"1=8006;2=3027;4=1302;6=584;8=318;10=193;12=682";82;0;7782;0;441;3856;3707;15868;0;15868;0
17/8/2018;422;5;4634;5;5135;437;15009;7263750;0;2.7;194470;1;0.803180176;0;0;160583;160583;1275;256;20363;6.1;1782;26390;9.8;208;1079;14949;332037;242125;"java=242120;js=5";143471;26.2;65251;46734;43.3;"0=216;5=208;10=182;20=110;30=166;60=65;90=132";3.1;"1=8034;2=3034;4=1308;6=582;8=318;10=194;12=679";82;0;7783;0;441;3853;3709;15868;0;15868;0
24/8/2018;421;5;4624;5;5135;437;15005;7261860;0;2.7;194423;1;0.803195049;0;0;160541;160541;1272;256;20351;6.1;1782;26388;9.8;208;1079;14943;331974;242062;"java=242057;js=5";143433;26.2;65234;46719;43.3;"0=216;5=208;10=182;20=110;30=166;60=65;90=132";3.1;"1=8030;2=3034;4=1308;6=581;8=318;10=194;12=679";82;0;7783;0;440;3850;3708;15863;0;15863;0
31/8/2018;422;5;4634;5;5135;437;15002;7264380;0;2.7;194353;1;0.802627341;0;0;160589;160589;1272;256;20351;6.1;1783;26375;9.8;208;1080;14954;332072;242146;"java=242141;js=5";143462;26.2;65220;46738;43.3;"0=216;5=209;10=182;20=110;30=166;60=65;90=132";3.1;"1=8038;2=3039;4=1305;6=581;8=318;10=194;12=679";82;0;7789;0;441;3846;3703;15861;0;15861;0
7/9/2018;424;5;4654;5;5135;437;15012;7270050;0;2.7;194515;1;0.802669858;0;0;160708;160708;1272;256;20351;6.1;1784;26402;9.8;208;1080;14965;332313;242335;"java=242330;js=5";143570;26.2;65299;46787;43.3;"0=216;5=209;10=182;20=110;30=166;60=65;90=132";3.1;"1=8043;2=3041;4=1307;6=582;8=319;10=194;12=679";82;0;7792;0;442;3853;3704;15873;0;15873;0
14/9/2018;427;5;4684;5;5135;437;15019;7275990;0;2.7;194612;1;0.802414517;0;0;160842;160842;1272;256;20351;6.1;1784;26420;9.8;208;1080;14975;332541;242533;"java=242528;js=5";143697;26.3;65362;46835;43.4;"0=216;5=209;10=181;20=111;30=165;60=66;90=132";3.1;"1=8046;2=3045;4=1308;6=582;8=320;10=194;12=680";82;0;7797;0;442;3857;3705;15883;0;15883;0
21/9/2018;427;5;4684;5;5135;437;15020;7276020;0;2.7;194619;1;0.80244007;0;0;160841;160841;1272;256;20339;6.1;1784;26420;9.8;208;1080;14975;332541;242534;"java=242529;js=5";143696;26.3;65364;46836;43.4;"0=216;5=209;10=181;20=111;30=165;60=66;90=132";3.1;"1=8046;2=3045;4=1308;6=582;8=320;10=194;12=680";82;0;7798;0;443;3855;3706;15884;0;15884;0
28/9/2018;429;5;4704;5;5135;437;15052;7285680;0;2.7;194989;1;0.802899661;0;0;161084;161084;1272;256;20339;6.1;1785;26483;9.8;208;1081;14983;333015;242856;"java=242851;js=5";143894;26.3;65417;46885;43.4;"0=216;5=209;10=182;20=111;30=165;60=66;90=132";3.1;"1=8046;2=3047;4=1310;6=585;8=320;10=194;12=681";82;0;7824;0;443;3860;3709;15918;0;15918;0
