date;bugs;reliability_remediation_effort;reliability_rating;vulnerabilities;security_remediation_effort;security_rating;code_smells;sqale_index;sqale_rating;development_cost;sqale_debt_ratio;new_sqale_debt_ratio;effort_to_reach_maintainability_rating_a;normalized_td;coverage;lines_to_cover;uncovered_lines;line_coverage;duplicated_lines;duplicated_blocks;duplicated_files;duplicated_lines_density;lines;ncloc;new_lines;ncloc_language_distribution;classes;files;directories;functions;statements;comment_lines;comment_lines_density;complexity;file_complexity;class_complexity;function_complexity;function_complexity_distribution;file_complexity_distribution;cognitive_complexity;violations;blocker_violations;critical_violations;major_violations;minor_violations;info_violations;false_positive_issues;wont_fix_issues;open_issues;reopened_issues;confirmed_issues
4/12/2006;22;140;5;8;120;2;209;2031;1;128910;1.6;0;0;0.472655341;0;2344;2344;0;346;10;7;2.8;12317;4297;;java=4297;57;54;4;536;1867;4496;51.1;1071;19.8;18.8;2;"1=329;2=139;4=34;6=15;8=4;10=3;12=4";"0=14;5=9;10=20;20=3;30=5;60=0;90=3";760;239;4;20;122;87;6;0;0;239;0;0
5/12/2006;22;140;5;7;105;2;209;2031;1;129000;1.6;0;0;0.472325581;0;2346;2346;0;346;10;7;2.8;12320;4300;;java=4300;57;54;4;536;1869;4496;51.1;1072;19.9;18.8;2;"1=329;2=139;4=34;6=15;8=4;10=3;12=4";"0=14;5=9;10=20;20=3;30=5;60=0;90=3";761;238;4;20;122;86;6;0;0;238;0;0
6/12/2006;22;140;5;7;105;2;211;2053;1;129660;1.6;0;0;0.475011569;0;2361;2361;0;346;10;7;2.8;12384;4322;;java=4322;58;54;4;540;1880;4532;51.2;1080;20;18.6;2;"1=330;2=141;4=35;6=15;8=4;10=3;12=4";"0=14;5=9;10=19;20=4;30=5;60=0;90=3";770;240;4;20;122;88;6;0;0;240;0;0
7/12/2006;19;115;5;7;105;2;211;2053;1;129720;1.6;0;0;0.474791859;0;2363;2363;0;346;10;7;2.8;12386;4324;;java=4324;58;54;4;540;1881;4532;51.2;1081;20;18.6;2;"1=329;2=142;4=35;6=15;8=4;10=3;12=4";"0=14;5=9;10=19;20=4;30=5;60=0;90=3";771;237;4;20;122;85;6;0;0;237;0;0
9/12/2006;19;115;5;7;105;2;211;2053;1;129720;1.6;0;0;0.474791859;0;2363;2363;0;346;10;7;2.8;12386;4324;;java=4324;58;54;4;540;1881;4532;51.2;1081;20;18.6;2;"1=329;2=142;4=35;6=15;8=4;10=3;12=4";"0=14;5=9;10=19;20=4;30=5;60=0;90=3";771;237;4;20;122;85;6;0;0;237;0;0
10/12/2006;21;125;5;7;105;2;212;2058;1;129810;1.6;555.555.555.555.556;0;0.475618211;0;2365;2365;0;346;10;7;2.8;12408;4327;;java=4327;58;54;4;541;1882;4546;51.2;1082;20;18.7;2;"1=330;2=142;4=35;6=15;8=4;10=3;12=4";"0=14;5=9;10=19;20=4;30=5;60=0;90=3";771;240;4;20;122;88;6;0;0;240;0;0
20/12/2006;21;125;5;7;105;2;212;2058;1;129810;1.6;0;0;0.475618211;0;2365;2365;0;346;10;7;2.8;12409;4327;;java=4327;58;54;4;541;1882;4547;51.2;1082;20;18.7;2;"1=330;2=142;4=35;6=15;8=4;10=3;12=4";"0=14;5=9;10=19;20=4;30=5;60=0;90=3";771;240;4;20;122;88;6;0;0;240;0;0
28/12/2006;21;125;5;7;105;2;212;2058;1;129810;1.6;0;0;0.475618211;0;2365;2365;0;346;10;7;2.8;12409;4327;;java=4327;58;54;4;541;1882;4547;51.2;1082;20;18.7;2;"1=330;2=142;4=35;6=15;8=4;10=3;12=4";"0=14;5=9;10=19;20=4;30=5;60=0;90=3";771;240;4;20;122;88;6;0;0;240;0;0
29/12/2006;21;125;5;7;105;2;218;2094;1;129990;1.6;151.515.151.515.152;0;0.483267944;0;2368;2368;0;346;10;7;2.8;12442;4333;;java=4333;58;54;4;542;1887;4573;51.3;1084;20.1;18.7;2;"1=331;2=142;4=34;6=16;8=4;10=3;12=4";"0=14;5=9;10=19;20=4;30=5;60=0;90=3";778;246;4;22;123;91;6;0;0;246;0;0
30/12/2006;21;125;5;7;105;2;219;2085;1;131340;1.6;0;0;0.476244861;0;2396;2396;0;346;10;7;2.8;12551;4378;;java=4378;58;54;4;549;1911;4607;51.3;1096;20.3;18.9;2;"1=336;2=142;4=36;6=16;8=4;10=3;12=4";"0=14;5=9;10=19;20=3;30=6;60=0;90=3";786;247;4;23;122;92;6;0;0;247;0;0
1/1/2007;21;125;5;7;105;2;218;2080;1;131340;1.6;0;0;0.475102787;0;2396;2396;0;346;10;7;2.8;12551;4378;;java=4378;58;54;4;549;1911;4607;51.3;1096;20.3;18.9;2;"1=336;2=142;4=36;6=16;8=4;10=3;12=4";"0=14;5=9;10=19;20=3;30=6;60=0;90=3";786;246;4;23;122;91;6;0;0;246;0;0
2/1/2007;21;125;5;7;105;2;218;2080;1;131340;1.6;0;0;0.475102787;0;2396;2396;0;346;10;7;2.8;12556;4378;;java=4378;58;54;4;549;1911;4612;51.3;1096;20.3;18.9;2;"1=336;2=142;4=36;6=16;8=4;10=3;12=4";"0=14;5=9;10=19;20=3;30=6;60=0;90=3";786;246;4;23;122;91;6;0;0;246;0;0
9/1/2007;21;125;5;7;105;2;218;2080;1;131340;1.6;0;0;0.475102787;0;2396;2396;0;346;10;7;2.8;12556;4378;;java=4378;58;54;4;549;1911;4612;51.3;1096;20.3;18.9;2;"1=336;2=142;4=36;6=16;8=4;10=3;12=4";"0=14;5=9;10=19;20=3;30=6;60=0;90=3";786;246;4;23;122;91;6;0;0;246;0;0
5/2/2007;21;125;5;7;105;2;218;2080;1;131340;1.6;0;0;0.475102787;0;2396;2396;0;346;10;7;2.8;12556;4378;;java=4378;58;54;4;549;1911;4612;51.3;1097;20.3;18.9;2;"1=336;2=142;4=36;6=16;8=4;10=3;12=4";"0=14;5=9;10=19;20=3;30=6;60=0;90=3";787;246;4;23;122;91;6;0;0;246;0;0
8/2/2007;21;125;5;7;105;2;219;2110;1;131340;1.6;0;0;0.481955231;0;2396;2396;0;346;10;7;2.8;12556;4378;;java=4378;58;54;4;549;1911;4612;51.3;1097;20.3;18.9;2;"1=336;2=142;4=36;6=16;8=4;10=3;12=4";"0=14;5=9;10=19;20=3;30=6;60=0;90=3";787;247;4;23;123;91;6;0;0;247;0;0
15/3/2007;21;125;5;7;105;2;227;2185;1;132120;1.7;112.280.701.754.386;0;0.496139873;0;2409;2409;0;346;10;7;2.7;12708;4404;;java=4404;59;55;4;556;1918;4689;51.6;1104;20.1;18.7;2;"1=343;2=142;4=36;6=16;8=4;10=3;12=4";"0=14;5=10;10=19;20=3;30=6;60=0;90=3";787;255;4;23;124;91;13;0;0;255;0;0
16/3/2007;21;125;5;7;105;2;228;2190;1;132300;1.7;757.575.757.575.758;0;0.496598639;0;2411;2411;0;346;10;7;2.7;12725;4410;;java=4410;59;55;4;557;1919;4695;51.6;1105;20.1;18.7;2;"1=344;2=142;4=36;6=16;8=4;10=3;12=4";"0=14;5=10;10=19;20=3;30=6;60=0;90=3";787;256;4;24;124;91;13;0;0;256;0;0
19/5/2007;18;110;5;7;105;2;169;2002;1;135720;1.5;0;0;0.442528736;0;2491;2491;0;376;12;9;2.9;12908;4524;;java=4524;59;55;4;568;1995;4717;51;1140;20.7;19.3;2;"1=345;2=146;4=42;6=16;8=4;10=3;12=4";"0=13;5=9;10=17;20=7;30=6;60=0;90=3";833;194;4;24;64;89;13;0;0;194;0;0
23/5/2007;18;110;5;7;105;2;169;2002;1;135870;1.5;0;0;0.442040185;0;2494;2494;0;376;12;9;2.9;12917;4529;;java=4529;59;55;4;569;1997;4719;51;1141;20.7;19.3;2;"1=346;2=146;4=42;6=16;8=4;10=3;12=4";"0=13;5=9;10=17;20=7;30=6;60=0;90=3";833;194;4;24;64;89;13;0;0;194;0;0
3/7/2007;18;110;5;7;105;2;168;1997;1;135690;1.5;133.333.333.333.333;0;0.441521114;0;2492;2492;0;376;12;9;2.9;12900;4523;;java=4523;59;55;4;568;1996;4713;51;1140;20.7;19.3;2;"1=345;2=146;4=42;6=16;8=4;10=3;12=4";"0=13;5=9;10=17;20=7;30=6;60=0;90=3";833;193;4;23;64;89;13;0;0;193;0;0
4/7/2007;18;110;5;7;105;2;168;1997;1;135690;1.5;0;0;0.441521114;0;2492;2492;0;376;12;9;2.9;12902;4523;;java=4523;59;55;4;568;1996;4714;51;1140;20.7;19.3;2;"1=345;2=146;4=42;6=16;8=4;10=3;12=4";"0=13;5=9;10=17;20=7;30=6;60=0;90=3";833;193;4;23;64;89;13;0;0;193;0;0
30/7/2007;18;110;5;7;105;2;168;1997;1;135690;1.5;0;0;0.441521114;0;2492;2492;0;376;12;9;2.9;12902;4523;;java=4523;59;55;4;568;1996;4714;51;1140;20.7;19.3;2;"1=345;2=146;4=42;6=16;8=4;10=3;12=4";"0=13;5=9;10=17;20=7;30=6;60=0;90=3";833;193;4;23;64;89;13;0;0;193;0;0
13/10/2007;18;110;5;7;105;2;169;2007;1;138090;1.5;0;0;0.436019987;0;2538;2538;0;376;12;9;2.9;13165;4603;;java=4603;60;56;4;582;2029;4812;51.1;1168;20.9;19.5;2;"1=349;2=155;4=42;6=17;8=4;10=3;12=4";"0=13;5=9;10=16;20=9;30=6;60=0;90=3";848;194;4;24;64;89;13;0;0;194;0;0
14/10/2007;18;110;5;7;105;2;170;2037;1;141090;1.4;0;0;0.433127791;0;2581;2581;0;376;12;9;2.8;13580;4703;;java=4703;66;62;4;597;2064;4928;51.2;1189;19.2;18;2;"1=358;2=161;4=42;6=17;8=4;10=3;12=4";"0=17;5=11;10=16;20=9;30=6;60=0;90=3";854;195;4;24;64;90;13;0;0;195;0;0
16/10/2007;18;110;5;7;105;2;171;2039;1;141270;1.4;0;0;0.433000637;0;2586;2586;0;376;12;9;2.8;13585;4709;;java=4709;66;62;4;596;2067;4928;51.1;1189;19.2;18;2;"1=356;2=162;4=42;6=17;8=4;10=3;12=4";"0=17;5=10;10=17;20=9;30=6;60=0;90=3";855;196;4;24;64;91;13;0;0;196;0;0
21/10/2007;18;110;5;7;105;2;171;2039;1;141750;1.4;0;0;0.431534392;0;2595;2595;0;376;12;9;2.8;13633;4725;;java=4725;66;62;4;597;2075;4945;51.1;1192;19.2;18.1;2;"1=355;2=164;4=42;6=17;8=4;10=3;12=4";"0=17;5=10;10=17;20=9;30=6;60=0;90=3";857;196;4;24;64;91;13;0;0;196;0;0
25/10/2007;18;110;5;7;105;2;175;2159;1;142350;1.5;0;0;0.455005269;0;2595;2595;0;376;12;9;2.8;13659;4745;;java=4745;66;62;4;597;2075;4951;51.1;1192;19.2;18.1;2;"1=355;2=164;4=42;6=17;8=4;10=3;12=4";"0=17;5=10;10=17;20=9;30=6;60=0;90=3";857;200;4;28;64;91;13;0;0;200;0;0
31/10/2007;18;110;5;7;105;2;174;2157;1;142320;1.5;0;0;0.454679595;0;2595;2595;0;376;12;9;2.8;13658;4744;;java=4744;66;62;4;597;2075;4951;51.1;1192;19.2;18.1;2;"1=355;2=164;4=42;6=17;8=4;10=3;12=4";"0=17;5=10;10=17;20=9;30=6;60=0;90=3";857;199;4;28;64;90;13;0;0;199;0;0
2/11/2007;18;110;5;7;105;2;173;2155;1;142380;1.5;0;0;0.454066582;0;2595;2595;0;376;12;9;2.8;13660;4746;;java=4746;66;62;4;597;2077;4951;51.1;1192;19.2;18.1;2;"1=361;2=158;4=42;6=17;8=4;10=3;12=4";"0=17;5=10;10=17;20=9;30=6;60=0;90=3";857;198;4;28;64;89;13;0;0;198;0;0
8/11/2007;18;110;5;7;105;2;173;2155;1;142380;1.5;0;0;0.454066582;0;2595;2595;0;376;12;9;2.8;13660;4746;;java=4746;66;62;4;597;2077;4951;51.1;1192;19.2;18.1;2;"1=361;2=158;4=42;6=17;8=4;10=3;12=4";"0=17;5=10;10=17;20=9;30=6;60=0;90=3";857;198;4;28;64;89;13;0;0;198;0;0
21/11/2007;18;110;5;7;105;2;175;2159;1;142260;1.5;0;0;0.455293125;0;2591;2591;0;376;12;9;2.8;13658;4742;;java=4742;66;62;4;597;2075;4953;51.1;1192;19.2;18.1;2;"1=361;2=158;4=42;6=17;8=4;10=3;12=4";"0=17;5=10;10=17;20=9;30=6;60=0;90=3";857;200;4;28;64;91;13;0;0;200;0;0
7/12/2007;18;110;5;7;105;2;175;2159;1;142560;1.5;0;0;0.454335017;0;2598;2598;0;376;12;9;2.7;13696;4752;;java=4752;66;62;4;598;2078;4965;51.1;1196;19.3;18.1;2;"1=361;2=158;4=43;6=17;8=4;10=3;12=4";"0=17;5=10;10=16;20=10;30=6;60=0;90=3";860;200;4;28;64;91;13;0;0;200;0;0
22/12/2007;18;110;5;7;105;2;175;2159;1;142830;1.5;0;0;0.45347616;0;2601;2601;0;376;12;9;2.7;13752;4761;;java=4761;67;63;4;599;2080;4978;51.1;1197;19;17.9;2;"1=362;2=158;4=43;6=17;8=4;10=3;12=4";"0=18;5=10;10=16;20=10;30=6;60=0;90=3";860;200;4;28;64;91;13;0;0;200;0;0
23/12/2007;18;110;5;7;105;2;175;2159;1;142950;1.5;0;0;0.453095488;0;2604;2604;0;376;12;9;2.7;13774;4765;;java=4765;67;63;4;600;2082;4988;51.1;1199;19;17.9;2;"1=362;2=159;4=43;6=17;8=4;10=3;12=4";"0=18;5=10;10=16;20=10;30=6;60=0;90=3";861;200;4;28;64;91;13;0;0;200;0;0
4/1/2008;18;110;5;7;105;2;175;2159;1;142980;1.5;0;0;0.45300042;0;2605;2605;0;376;12;9;2.7;13776;4766;;java=4766;67;63;4;600;2083;4989;51.1;1199;19;17.9;2;"1=362;2=159;4=43;6=17;8=4;10=3;12=4";"0=18;5=10;10=16;20=10;30=6;60=0;90=3";862;200;4;28;64;91;13;0;0;200;0;0
5/1/2008;18;110;5;7;105;2;176;2179;1;143100;1.5;166.666.666.666.667;0;0.456813417;0;2608;2608;0;376;12;9;2.7;13786;4770;;java=4770;67;63;4;601;2085;4992;51.1;1200;19;17.9;2;"1=363;2=159;4=43;6=17;8=4;10=3;12=4";"0=18;5=10;10=16;20=10;30=6;60=0;90=3";862;201;4;29;64;91;13;0;0;201;0;0
6/1/2008;18;110;5;7;105;2;178;2217;1;145620;1.5;0;0;0.456736712;0;2657;2657;0;376;12;9;2.7;13959;4854;;java=4854;68;64;4;610;2126;5023;50.9;1225;19.1;18;2;"1=368;2=162;4=43;6=17;8=3;10=5;12=4";"0=18;5=10;10=17;20=10;30=6;60=0;90=3";885;203;4;31;64;91;13;0;0;203;0;0
7/1/2008;18;110;5;7;105;2;187;2303;1;151920;1.5;214.285.714.285.714;0;0.454778831;0;2769;2769;0;376;12;9;2.5;14779;5064;;java=5064;75;71;5;630;2198;5348;51.4;1265;17.8;16.9;2;"1=380;2=169;4=43;6=17;8=4;10=4;12=5";"0=24;5=10;10=18;20=10;30=6;60=0;90=3";915;212;10;32;66;91;13;0;0;212;0;0
8/1/2008;18;110;5;7;105;2;187;2351;1;155190;1.5;0;0;0.454475159;0;2843;2843;0;376;12;9;2.5;14956;5173;;java=5173;75;71;5;635;2263;5395;51.1;1301;18.3;17.3;2;"1=380;2=169;4=44;6=19;8=6;10=4;12=5";"0=24;5=10;10=18;20=10;30=6;60=0;90=3";949;212;10;32;66;91;13;0;0;212;0;0
9/1/2008;19;115;5;7;105;2;192;2411;1;158520;1.5;0;0;0.456283119;0;2912;2912;0;488;15;10;3.1;15550;5284;;java=5284;76;72;5;655;2310;5666;51.7;1327;18.4;17.5;2;"1=399;2=169;4=44;6=20;8=6;10=4;12=5";"0=24;5=10;10=18;20=11;30=6;60=0;90=3";960;218;12;32;68;93;13;0;0;218;0;0
10/1/2008;19;115;5;7;105;2;192;2411;1;158520;1.5;0;0;0.456283119;0;2912;2912;0;488;15;10;3.1;15550;5284;;java=5284;76;72;5;655;2310;5666;51.7;1327;18.4;17.5;2;"1=399;2=169;4=44;6=20;8=6;10=4;12=5";"0=24;5=10;10=18;20=11;30=6;60=0;90=3";960;218;12;32;68;93;13;0;0;218;0;0
11/1/2008;19;115;5;7;105;2;192;2411;1;158520;1.5;0;0;0.456283119;0;2912;2912;0;488;15;10;3.1;15550;5284;;java=5284;76;72;5;655;2310;5666;51.7;1327;18.4;17.5;2;"1=399;2=169;4=44;6=20;8=6;10=4;12=5";"0=24;5=10;10=18;20=11;30=6;60=0;90=3";960;218;12;32;68;93;13;0;0;218;0;0
14/1/2008;19;115;5;7;105;2;192;2411;1;158520;1.5;0;0;0.456283119;0;2912;2912;0;488;15;10;3.1;15556;5284;;java=5284;76;72;5;655;2310;5671;51.8;1327;18.4;17.5;2;"1=399;2=169;4=44;6=20;8=6;10=4;12=5";"0=24;5=10;10=18;20=11;30=6;60=0;90=3";960;218;12;32;68;93;13;0;0;218;0;0
18/1/2008;19;115;5;7;105;2;192;2411;1;158520;1.5;0;0;0.456283119;0;2912;2912;0;488;15;10;3.1;15556;5284;;java=5284;76;72;5;655;2310;5671;51.8;1327;18.4;17.5;2;"1=399;2=169;4=44;6=20;8=6;10=4;12=5";"0=24;5=10;10=18;20=11;30=6;60=0;90=3";960;218;12;32;68;93;13;0;0;218;0;0
6/2/2008;19;115;5;7;105;2;192;2411;1;158520;1.5;0;0;0.456283119;0;2912;2912;0;488;15;10;3.1;15556;5284;;java=5284;76;72;5;655;2310;5671;51.8;1327;18.4;17.5;2;"1=399;2=169;4=44;6=20;8=6;10=4;12=5";"0=24;5=10;10=18;20=11;30=6;60=0;90=3";960;218;12;32;68;93;13;0;0;218;0;0
7/2/2008;21;125;5;7;105;2;274;2588;1;161070;1.6;133.333.333.333.333;0;0.482026448;0;2947;2947;0;488;15;10;3.1;15887;5369;;java=5369;77;73;5;679;2336;5807;52;1360;18.6;17.7;2;"1=414;2=178;4=44;6=20;8=6;10=4;12=5";"0=24;5=8;10=21;20=11;30=6;60=0;90=3";970;302;14;32;145;95;16;0;0;302;0;0
8/2/2008;21;125;5;7;105;2;274;2588;1;161070;1.6;0;0;0.482026448;0;2947;2947;0;488;15;10;3.1;15887;5369;;java=5369;77;73;5;679;2336;5807;52;1360;18.6;17.7;2;"1=414;2=178;4=44;6=20;8=6;10=4;12=5";"0=24;5=8;10=21;20=11;30=6;60=0;90=3";970;302;14;32;145;95;16;0;0;302;0;0
9/2/2008;21;125;5;7;105;2;272;2581;1;161070;1.6;0;0;0.480722667;0;2947;2947;0;488;15;10;3.1;15887;5369;;java=5369;77;73;5;679;2335;5807;52;1360;18.6;17.7;2;"1=414;2=178;4=44;6=20;8=6;10=4;12=5";"0=24;5=8;10=21;20=11;30=6;60=0;90=3";970;300;14;32;145;93;16;0;0;300;0;0
10/2/2008;21;125;5;7;105;2;272;2581;1;159930;1.6;930.232.558.139.535;0;0.484149315;0;2938;2938;0;488;15;10;3.1;15976;5331;;java=5331;77;73;5;680;2326;5925;52.6;1357;18.6;17.6;2;"1=416;2=178;4=43;6=20;8=6;10=4;12=5";"0=24;5=8;10=21;20=11;30=6;60=0;90=3";958;300;14;32;145;93;16;0;0;300;0;0
12/2/2008;21;125;5;7;105;2;272;2581;1;159930;1.6;0;0;0.484149315;0;2938;2938;0;488;15;10;3.1;15976;5331;;java=5331;77;73;5;680;2326;5925;52.6;1357;18.6;17.6;2;"1=416;2=178;4=43;6=20;8=6;10=4;12=5";"0=24;5=8;10=21;20=11;30=6;60=0;90=3";958;300;14;32;145;93;16;0;0;300;0;0
8/3/2008;21;125;5;7;105;2;272;2581;1;161100;1.6;0;0;0.480633147;0;2947;2947;0;488;15;10;3.1;15888;5370;;java=5370;77;73;5;679;2335;5807;52;1360;18.6;17.7;2;"1=414;2=178;4=44;6=20;8=6;10=4;12=5";"0=24;5=8;10=21;20=11;30=6;60=0;90=3";970;300;14;32;145;93;16;0;0;300;0;0
7/4/2008;23;155;5;7;105;2;293;2826;1;172590;1.6;193.298.969.072.165;0;0.491221971;0;3171;3171;0;488;15;10;2.9;16965;5753;;java=5753;82;78;6;747;2502;6107;51.5;1470;18.8;17.9;1.9;"1=452;2=193;4=49;6=21;8=7;10=4;12=5";"0=25;5=9;10=21;20=13;30=7;60=0;90=3";1043;323;14;43;156;94;16;0;0;323;0;0
8/4/2008;23;155;5;7;105;2;293;2826;1;172590;1.6;0;0;0.491221971;0;3171;3171;0;488;15;10;2.9;16965;5753;;java=5753;82;78;6;747;2502;6108;51.5;1470;18.8;17.9;1.9;"1=452;2=193;4=49;6=21;8=7;10=4;12=5";"0=25;5=9;10=21;20=13;30=7;60=0;90=3";1043;323;14;43;156;94;16;0;0;323;0;0
9/4/2008;23;155;5;7;105;2;295;2856;1;172740;1.7;416.666.666.666.667;0;0.496005557;0;3175;3175;0;488;15;10;2.9;16973;5758;;java=5758;82;78;6;747;2507;6109;51.5;1470;18.8;17.9;1.9;"1=452;2=193;4=49;6=21;8=7;10=4;12=5";"0=25;5=9;10=21;20=13;30=7;60=0;90=3";1045;325;14;44;156;95;16;0;0;325;0;0
11/4/2008;23;155;5;7;105;2;294;2841;1;172740;1.6;0;0;0.493400486;0;3175;3175;0;488;15;10;2.9;16973;5758;;java=5758;82;78;6;747;2507;6109;51.5;1470;18.8;17.9;1.9;"1=452;2=193;4=49;6=21;8=7;10=4;12=5";"0=25;5=9;10=21;20=13;30=7;60=0;90=3";1045;324;14;44;156;94;16;0;0;324;0;0
18/4/2008;23;155;5;7;105;2;294;2841;1;172740;1.6;0;0;0.493400486;0;3175;3175;0;488;15;10;2.9;16973;5758;;java=5758;82;78;6;747;2507;6109;51.5;1470;18.8;17.9;1.9;"1=452;2=193;4=49;6=21;8=7;10=4;12=5";"0=25;5=9;10=21;20=13;30=7;60=0;90=3";1045;324;14;44;156;94;16;0;0;324;0;0
23/4/2008;23;155;5;7;105;2;294;2841;1;172740;1.6;0;0;0.493400486;0;3175;3175;0;488;15;10;2.9;16973;5758;;java=5758;82;78;6;747;2507;6109;51.5;1470;18.8;17.9;1.9;"1=452;2=193;4=49;6=21;8=7;10=4;12=5";"0=25;5=9;10=21;20=13;30=7;60=0;90=3";1045;324;14;44;156;94;16;0;0;324;0;0
26/4/2008;23;155;5;7;105;2;294;2841;1;172740;1.6;0;0;0.493400486;0;3175;3175;0;488;15;10;2.9;16973;5758;;java=5758;82;78;6;747;2507;6109;51.5;1470;18.8;17.9;1.9;"1=452;2=193;4=49;6=21;8=7;10=4;12=5";"0=25;5=9;10=21;20=13;30=7;60=0;90=3";1045;324;14;44;156;94;16;0;0;324;0;0
22/5/2008;23;155;5;7;105;2;294;2841;1;172740;1.6;0;0;0.493400486;0;3175;3175;0;488;15;10;2.9;16973;5758;;java=5758;82;78;6;747;2507;6109;51.5;1470;18.8;17.9;1.9;"1=452;2=193;4=49;6=21;8=7;10=4;12=5";"0=25;5=9;10=21;20=13;30=7;60=0;90=3";1045;324;14;44;156;94;16;0;0;324;0;0
25/5/2008;23;155;5;7;105;2;200;2371;1;178290;1.3;0;0;0.398956756;0;3175;3175;0;548;15;10;3.2;17158;5943;;java=5943;82;78;6;747;2507;6109;50.7;1470;18.8;17.9;1.9;"1=452;2=193;4=49;6=21;8=7;10=4;12=5";"0=25;5=9;10=21;20=13;30=7;60=0;90=3";1045;230;14;44;62;94;16;0;0;230;0;0
31/5/2008;23;155;5;7;105;2;200;2371;1;178470;1.3;0;0;0.398554379;0;3177;3177;0;548;15;10;3.2;17174;5949;;java=5949;82;78;6;747;2510;6119;50.7;1471;18.9;17.9;1.9;"1=452;2=192;4=50;6=21;8=7;10=4;12=5";"0=25;5=9;10=21;20=13;30=7;60=0;90=3";1049;230;14;44;62;94;16;0;0;230;0;0
12/9/2008;23;155;5;7;105;2;201;2373;1;179100;1.3;0;0;0.397487437;0;3189;3189;0;548;15;10;3.2;17208;5970;;java=5970;82;78;6;748;2522;6127;50.6;1477;18.9;18;2;"1=452;2=191;4=52;6=21;8=7;10=4;12=5";"0=25;5=9;10=21;20=13;30=7;60=0;90=3";1056;231;14;44;62;95;16;0;0;231;0;0
30/11/2008;23;155;5;7;105;2;202;2393;1;180420;1.3;0;0;0.397904889;0;3205;3205;0;548;15;10;3.2;17345;6014;;java=6014;83;79;6;757;2538;6162;50.6;1489;18.8;17.9;1.9;"1=459;2=193;4=51;6=22;8=7;10=4;12=5";"0=22;5=13;10=21;20=13;30=7;60=0;90=3";1058;232;14;44;63;95;16;0;0;232;0;0
1/12/2008;23;155;5;7;105;2;205;2433;1;184590;1.3;0;0;0.39541687;0;3280;3280;0;548;15;10;3.1;17709;6153;;java=6153;86;82;6;771;2602;6265;50.5;1526;18.6;17.7;2;"1=463;2=201;4=52;6=23;8=7;10=4;12=5";"0=23;5=13;10=22;20=14;30=7;60=0;90=3";1088;235;16;45;63;95;16;0;0;235;0;0
5/12/2008;21;145;5;7;105;2;206;2454;1;185220;1.3;0;0;0.397473275;0;3299;3299;0;548;15;10;3.1;17822;6174;;java=6174;86;82;6;773;2619;6347;50.7;1533;18.7;17.8;2;"1=463;2=203;4=51;6=24;8=7;10=4;12=5";"0=23;5=13;10=22;20=14;30=7;60=0;90=3";1094;234;14;45;64;95;16;0;0;234;0;0
6/12/2008;22;150;5;7;105;2;207;2464;1;191310;1.3;0.19047619;0;0.386388584;0;3409;3409;0;548;15;10;3;18419;6377;;java=6377;88;84;6;797;2708;6587;50.8;1577;18.8;17.9;2;"1=481;2=206;4=53;6=24;8=7;10=5;12=5";"0=23;5=13;10=23;20=15;30=7;60=0;90=3";1127;236;15;46;64;95;16;0;0;236;0;0
7/12/2008;22;150;5;7;105;2;205;2454;1;191850;1.3;0;0;0.383737295;0;3409;3409;0;548;15;10;3;18437;6395;;java=6395;88;84;6;797;2708;6587;50.7;1577;18.8;17.9;2;"1=481;2=206;4=53;6=24;8=7;10=5;12=5";"0=23;5=13;10=23;20=15;30=7;60=0;90=3";1127;234;15;46;62;95;16;0;0;234;0;0
23/1/2009;22;150;5;7;105;2;205;2454;1;191850;1.3;0;0;0.383737295;0;3409;3409;0;548;15;10;3;18451;6395;;java=6395;88;84;6;797;2708;6601;50.8;1577;18.8;17.9;2;"1=481;2=206;4=53;6=24;8=7;10=5;12=5";"0=23;5=13;10=23;20=15;30=7;60=0;90=3";1127;234;15;46;62;95;16;0;0;234;0;0
24/1/2009;21;135;5;7;105;2;198;2384;1;191610;1.2;0;0;0.373258181;0;3401;3401;0;546;15;10;3;18452;6387;;java=6387;88;84;6;798;2727;6607;50.8;1575;18.8;17.9;2;"1=483;2=205;4=53;6=24;8=7;10=5;12=5";"0=23;5=13;10=24;20=14;30=7;60=0;90=3";1125;226;15;46;57;92;16;0;0;226;0;0
7/2/2009;21;135;5;7;105;2;201;2454;1;198120;1.2;0.81300813;0;0.371592974;0;3504;3504;0;624;17;12;3.3;19039;6604;;java=6604;93;89;6;831;2797;6757;50.6;1614;18.1;17.4;1.9;"1=512;2=209;4=53;6=24;8=7;10=5;12=5";"0=24;5=15;10=26;20=14;30=7;60=0;90=3";1147;229;15;46;59;93;16;0;0;229;0;0
15/2/2009;21;135;5;7;105;2;204;2514;1;199920;1.3;0;0;0.3772509;0;3565;3565;0;765;20;15;4;19142;6664;;java=6664;93;89;6;825;2840;6791;50.5;1608;18.1;17.3;1.9;"1=506;2=209;4=53;6=24;8=7;10=5;12=5";"0=24;5=17;10=24;20=14;30=7;60=0;90=3";1166;232;15;46;62;93;16;0;0;232;0;0
16/2/2009;21;135;5;7;105;2;204;2514;1;199890;1.3;0;0;0.377307519;0;3566;3566;0;765;20;15;4;19139;6663;;java=6663;93;89;6;825;2839;6789;50.5;1608;18.1;17.3;1.9;"1=506;2=209;4=53;6=24;8=7;10=5;12=5";"0=24;5=17;10=24;20=14;30=7;60=0;90=3";1166;232;15;46;62;93;16;0;0;232;0;0
27/4/2009;21;135;5;7;105;2;204;2514;1;199890;1.3;0;0;0.377307519;0;3566;3566;0;765;20;15;4;19139;6663;;java=6663;93;89;6;825;2839;6789;50.5;1608;18.1;17.3;1.9;"1=506;2=209;4=53;6=24;8=7;10=5;12=5";"0=24;5=17;10=24;20=14;30=7;60=0;90=3";1166;232;15;46;62;93;16;0;0;232;0;0
19/5/2009;21;135;5;7;105;2;204;2514;1;199890;1.3;0;0;0.377307519;0;3566;3566;0;765;20;15;4;19139;6663;;java=6663;93;89;6;825;2839;6789;50.5;1608;18.1;17.3;1.9;"1=506;2=209;4=53;6=24;8=7;10=5;12=5";"0=24;5=17;10=24;20=14;30=7;60=0;90=3";1166;232;15;46;62;93;16;0;0;232;0;0
12/8/2009;21;135;5;7;105;2;202;2474;1;199860;1.2;0;0;0.371359952;0;3563;3563;0;671;18;13;3.5;19199;6662;;java=6662;93;89;6;827;2830;6833;50.6;1607;18.1;17.3;1.9;"1=510;2=207;4=53;6=24;8=7;10=5;12=5";"0=25;5=16;10=24;20=14;30=7;60=0;90=3";1158;230;15;46;60;93;16;0;0;230;0;0
18/8/2009;21;135;5;7;105;2;205;2466;1;199320;1.2;0;0;0.371161951;0;3560;3560;0;584;16;13;3;19182;6644;;java=6644;93;89;6;825;2823;6841;50.7;1602;18;17.2;1.9;"1=511;2=204;4=53;6=24;8=7;10=5;12=5";"0=25;5=17;10=23;20=14;30=7;60=0;90=3";1155;233;15;48;60;94;16;0;0;233;0;0
20/8/2009;21;135;5;7;105;2;204;2464;1;199320;1.2;0;0;0.370860927;0;3561;3561;0;584;16;13;3;19182;6644;;java=6644;93;89;6;825;2824;6841;50.7;1602;18;17.2;1.9;"1=511;2=204;4=53;6=24;8=7;10=5;12=5";"0=25;5=17;10=23;20=14;30=7;60=0;90=3";1155;232;15;48;60;93;16;0;0;232;0;0
8/1/2010;21;135;5;7;105;2;204;2464;1;199380;1.2;0;0;0.370749323;0;3561;3561;0;584;16;13;3;19182;6646;;java=6646;93;89;6;825;2824;6845;50.7;1602;18;17.2;1.9;"1=511;2=204;4=53;6=24;8=7;10=5;12=5";"0=25;5=17;10=23;20=14;30=7;60=0;90=3";1155;232;15;48;60;93;16;0;0;232;0;0
9/1/2010;21;135;5;7;105;2;204;2464;1;199380;1.2;0;0;0.370749323;0;3561;3561;0;584;16;13;3;19182;6646;;java=6646;93;89;6;825;2824;6845;50.7;1602;18;17.2;1.9;"1=511;2=204;4=53;6=24;8=7;10=5;12=5";"0=25;5=17;10=23;20=14;30=7;60=0;90=3";1155;232;15;48;60;93;16;0;0;232;0;0
10/1/2010;21;135;5;7;105;2;204;2464;1;199380;1.2;0;0;0.370749323;0;3561;3561;0;584;16;13;3;19182;6646;;java=6646;93;89;6;825;2824;6844;50.7;1602;18;17.2;1.9;"1=511;2=204;4=53;6=24;8=7;10=5;12=5";"0=25;5=17;10=23;20=14;30=7;60=0;90=3";1155;232;15;48;60;93;16;0;0;232;0;0
11/1/2010;21;135;5;7;105;2;204;2464;1;198900;1.2;0;0;0.371644042;0;3551;3551;0;584;16;13;3;19171;6630;;java=6630;93;89;6;826;2817;6845;50.8;1599;18;17.2;1.9;"1=516;2=200;4=53;6=24;8=7;10=5;12=5";"0=25;5=17;10=23;20=14;30=7;60=0;90=3";1147;232;15;48;60;93;16;0;0;232;0;0
23/1/2010;21;135;5;7;105;2;204;2464;1;198900;1.2;0;0;0.371644042;0;3551;3551;0;584;16;13;3;19171;6630;;java=6630;93;89;6;826;2817;6845;50.8;1599;18;17.2;1.9;"1=516;2=200;4=53;6=24;8=7;10=5;12=5";"0=25;5=17;10=23;20=14;30=7;60=0;90=3";1147;232;15;48;60;93;16;0;0;232;0;0
5/3/2010;21;135;5;7;105;2;204;2464;1;198900;1.2;0;0;0.371644042;0;3551;3551;0;584;16;13;3;19171;6630;;java=6630;93;89;6;826;2817;6845;50.8;1599;18;17.2;1.9;"1=516;2=200;4=53;6=24;8=7;10=5;12=5";"0=25;5=17;10=23;20=14;30=7;60=0;90=3";1147;232;15;48;60;93;16;0;0;232;0;0
6/3/2010;22;145;5;7;105;2;205;2469;1;199080;1.2;0;0;0.372061483;0;3553;3553;0;584;16;13;3;19205;6636;;java=6636;93;89;6;827;2819;6868;50.9;1601;18;17.2;1.9;"1=517;2=200;4=53;6=24;8=7;10=5;12=5";"0=25;5=17;10=23;20=14;30=7;60=0;90=3";1150;234;15;48;62;93;16;0;0;234;0;0
7/3/2010;23;160;5;7;105;2;207;2470;1;201630;1.2;0;0;0.367504836;0;3595;3595;0;584;16;13;3;19561;6721;;java=6721;94;90;6;838;2857;7040;51.2;1620;18;17.2;1.9;"1=525;2=201;4=55;6=24;8=7;10=5;12=5";"0=25;5=17;10=25;20=13;30=7;60=0;90=3";1158;237;15;48;63;94;17;0;0;237;0;0
8/3/2010;23;160;5;7;105;2;207;2470;1;202170;1.2;0;0;0.366523223;0;3608;3608;0;584;16;13;3;19606;6739;;java=6739;94;90;6;840;2866;7058;51.2;1626;18.1;17.3;1.9;"1=525;2=203;4=55;6=24;8=7;10=5;12=5";"0=25;5=17;10=25;20=13;30=7;60=0;90=3";1162;237;15;48;63;94;17;0;0;237;0;0
9/3/2010;23;160;5;7;105;2;209;2474;1;203460;1.2;0;0;0.364789148;0;3633;3633;0;584;16;13;3;19714;6782;;java=6782;94;90;6;843;2889;7101;51.1;1637;18.2;17.4;1.9;"1=525;2=204;4=57;6=24;8=7;10=5;12=5";"0=25;5=17;10=25;20=13;30=7;60=0;90=3";1174;239;15;48;63;96;17;0;0;239;0;0
13/3/2010;22;150;5;7;105;2;209;2474;1;203370;1.2;0;0;0.364950583;0;3632;3632;0;584;16;13;3;19693;6779;;java=6779;94;90;6;842;2888;7086;51.1;1636;18.2;17.4;1.9;"1=524;2=204;4=57;6=24;8=7;10=5;12=5";"0=25;5=17;10=25;20=13;30=7;60=0;90=3";1174;238;15;48;62;96;17;0;0;238;0;0
14/3/2010;22;150;5;7;105;2;209;2474;1;203370;1.2;0;0;0.364950583;0;3632;3632;0;584;16;13;3;19693;6779;;java=6779;94;90;6;842;2888;7086;51.1;1636;18.2;17.4;1.9;"1=524;2=204;4=57;6=24;8=7;10=5;12=5";"0=25;5=17;10=25;20=13;30=7;60=0;90=3";1174;238;15;48;62;96;17;0;0;238;0;0
15/4/2010;23;160;5;7;105;2;211;2504;1;204810;1.2;0;0;0.366778966;0;3673;3673;0;822;18;13;4.1;19810;6827;;java=6827;94;90;6;846;2925;7136;51.1;1648;18.3;17.5;1.9;"1=520;2=212;4=57;6=24;8=7;10=5;12=5";"0=25;5=16;10=26;20=13;30=7;60=0;90=3";1182;241;15;50;63;96;17;0;0;241;0;0
22/4/2010;23;160;5;7;105;2;211;2504;1;204810;1.2;0;0;0.366778966;0;3673;3673;0;822;18;13;4.1;19810;6827;;java=6827;94;90;6;846;2925;7136;51.1;1648;18.3;17.5;1.9;"1=520;2=212;4=57;6=24;8=7;10=5;12=5";"0=25;5=16;10=26;20=13;30=7;60=0;90=3";1182;241;15;50;63;96;17;0;0;241;0;0
5/8/2010;23;160;5;7;105;2;210;2484;1;205290;1.2;0;0;0.362998685;0;3679;3679;0;822;18;13;4.1;19872;6843;;java=6843;95;91;6;849;2928;7145;51.1;1651;18.1;17.4;1.9;"1=523;2=212;4=57;6=24;8=7;10=5;12=5";"0=26;5=16;10=26;20=13;30=7;60=0;90=3";1182;240;15;50;62;96;17;0;0;240;0;0
6/8/2010;23;160;5;7;105;2;211;2486;1;205770;1.2;0;0;0.362443505;0;3684;3684;0;822;18;13;4.1;19949;6859;;java=6859;95;91;6;856;2932;7173;51.1;1656;18.2;17.4;1.9;"1=530;2=212;4=57;6=24;8=7;10=5;12=5";"0=26;5=16;10=26;20=13;30=7;60=0;90=3";1180;241;15;50;62;97;17;0;0;241;0;0
9/9/2010;23;160;5;7;105;2;211;2486;1;206130;1.2;0;0;0.361810508;0;3692;3692;0;822;18;13;4.1;20106;6871;;java=6871;95;91;6;858;2938;7309;51.5;1658;18.2;17.5;1.9;"1=532;2=212;4=57;6=24;8=7;10=5;12=5";"0=26;5=16;10=26;20=13;30=7;60=0;90=3";1180;241;15;50;62;97;17;0;0;241;0;0
10/9/2010;23;160;5;7;105;2;211;2486;1;206130;1.2;0;0;0.361810508;0;3692;3692;0;822;18;13;4.1;20155;6871;;java=6871;95;91;6;858;2938;7358;51.7;1658;18.2;17.5;1.9;"1=532;2=212;4=57;6=24;8=7;10=5;12=5";"0=26;5=16;10=26;20=13;30=7;60=0;90=3";1180;241;15;50;62;97;17;0;0;241;0;0
29/9/2010;23;160;5;3;45;2;215;2518;1;207060;1.2;0;0;0.364821791;0;3709;3709;0;822;18;13;4.1;20253;6902;;java=6902;95;91;6;862;2954;7401;51.7;1667;18.3;17.5;1.9;"1=534;2=213;4=59;6=23;8=7;10=5;12=5";"0=26;5=16;10=26;20=13;30=7;60=0;90=3";1185;241;15;50;64;93;19;0;0;241;0;0
30/9/2010;24;175;5;3;45;2;238;2851;1;216930;1.3;0;0;0.394274651;0;3885;3885;0;822;18;13;3.9;21322;7231;;java=7231;100;96;6;909;3100;7790;51.9;1747;18.2;17.5;1.9;"1=564;2=221;4=59;6=24;8=10;10=5;12=5";"0=27;5=18;10=27;20=14;30=5;60=2;90=3";1254;265;16;57;79;94;19;0;0;265;0;0
1/10/2010;24;175;5;3;45;2;242;2934;1;217560;1.3;0;0;0.404578047;0;3898;3898;0;822;18;13;3.8;21385;7252;;java=7252;100;96;6;912;3114;7828;51.9;1750;18.2;17.5;1.9;"1=567;2=221;4=59;6=24;8=10;10=5;12=5";"0=27;5=18;10=26;20=15;30=5;60=2;90=3";1257;269;16;57;83;94;19;0;0;269;0;0
2/10/2010;23;165;5;3;45;2;241;2962;1;217530;1.4;0;0;0.40849538;0;3897;3897;0;822;18;13;3.8;21379;7251;;java=7251;100;96;6;911;3113;7829;51.9;1749;18.2;17.5;1.9;"1=566;2=221;4=59;6=24;8=10;10=5;12=5";"0=27;5=18;10=26;20=15;30=5;60=2;90=3";1257;267;16;57;82;93;19;0;0;267;0;0
3/10/2010;23;165;5;3;45;2;241;2962;1;217530;1.4;0;0;0.40849538;0;3897;3897;0;822;18;13;3.8;21380;7251;;java=7251;100;96;6;911;3113;7830;51.9;1749;18.2;17.5;1.9;"1=566;2=221;4=59;6=24;8=10;10=5;12=5";"0=27;5=18;10=26;20=15;30=5;60=2;90=3";1257;267;16;57;82;93;19;0;0;267;0;0
4/10/2010;26;195;5;3;45;2;243;2988;1;221790;1.3;0.399385561;0;0.404166103;0;3980;3980;0;822;18;13;3.8;21713;7393;;java=7393;101;97;6;927;3186;7929;51.7;1787;18.4;17.7;1.9;"1=573;2=227;4=62;6=23;8=11;10=5;12=5";"0=27;5=18;10=26;20=15;30=6;60=2;90=3";1290;272;16;58;85;94;19;0;0;272;0;0
5/10/2010;23;165;5;3;45;2;257;3115;1;236790;1.3;0;0;0.39465349;0;4284;4284;0;822;18;13;3.6;22797;7893;;java=7893;104;100;6;965;3398;8261;51.1;1905;19.1;18.3;2;"1=594;2=236;4=64;6=25;8=12;10=6;12=7";"0=27;5=19;10=27;20=15;30=6;60=3;90=3";1445;283;17;62;91;94;19;0;0;283;0;0
6/10/2010;23;165;5;3;45;2;257;3083;1;236550;1.3;0;0;0.390995561;0;4263;4263;0;822;18;13;3.6;22834;7885;;java=7885;104;100;6;968;3408;8282;51.2;1910;19.1;18.4;2;"1=596;2=237;4=64;6=25;8=12;10=6;12=7";"0=27;5=19;10=26;20=16;30=6;60=2;90=4";1434;283;16;61;88;99;19;0;0;283;0;0
7/10/2010;23;165;5;3;45;2;257;3083;1;236100;1.3;0;0;0.391740788;0;4250;4250;0;822;18;13;3.6;22916;7870;;java=7870;104;100;6;968;3401;8378;51.6;1908;19.1;18.3;2;"1=596;2=237;4=64;6=25;8=12;10=6;12=7";"0=27;5=19;10=26;20=16;30=6;60=3;90=3";1423;283;17;61;87;99;19;0;0;283;0;0
8/10/2010;23;165;5;3;45;2;257;3083;1;236100;1.3;0;0;0.391740788;0;4250;4250;0;822;18;13;3.6;22916;7870;;java=7870;104;100;6;968;3401;8378;51.6;1908;19.1;18.3;2;"1=596;2=237;4=64;6=25;8=12;10=6;12=7";"0=27;5=19;10=26;20=16;30=6;60=3;90=3";1423;283;17;61;87;99;19;0;0;283;0;0
9/10/2010;25;195;5;3;45;2;262;3143;1;236880;1.3;0;0;0.398049645;0;4265;4265;0;822;18;13;3.6;22969;7896;;java=7896;104;100;6;970;3411;8392;51.5;1919;19.2;18.5;2;"1=598;2=235;4=64;6=26;8=13;10=6;12=7";"0=27;5=19;10=25;20=17;30=5;60=4;90=3";1436;290;17;61;93;100;19;0;0;290;0;0
10/10/2010;25;195;5;3;45;2;263;3163;1;236880;1.3;0;0;0.400582573;0;4265;4265;0;822;18;13;3.6;22969;7896;;java=7896;104;100;6;970;3411;8392;51.5;1919;19.2;18.5;2;"1=598;2=235;4=64;6=26;8=13;10=6;12=7";"0=27;5=19;10=25;20=17;30=5;60=4;90=3";1436;291;17;61;94;100;19;0;0;291;0;0
11/10/2010;25;195;5;3;45;2;263;3163;1;236880;1.3;0;0;0.400582573;0;4265;4265;0;822;18;13;3.6;22967;7896;;java=7896;104;100;6;970;3411;8390;51.5;1919;19.2;18.5;2;"1=598;2=235;4=64;6=26;8=13;10=6;12=7";"0=27;5=19;10=25;20=17;30=5;60=4;90=3";1436;291;17;61;94;100;19;0;0;291;0;0
13/10/2010;25;195;5;3;45;2;263;3163;1;236880;1.3;0;0;0.400582573;0;4265;4265;0;822;18;13;3.6;22969;7896;;java=7896;104;100;6;970;3411;8390;51.5;1919;19.2;18.5;2;"1=598;2=235;4=64;6=26;8=13;10=6;12=7";"0=27;5=19;10=25;20=17;30=5;60=4;90=3";1436;291;17;61;94;100;19;0;0;291;0;0
14/10/2010;25;195;5;3;45;2;263;3163;1;236880;1.3;0;0;0.400582573;0;4265;4265;0;822;18;13;3.6;22953;7896;;java=7896;104;100;6;970;3411;8377;51.5;1919;19.2;18.5;2;"1=598;2=235;4=64;6=26;8=13;10=6;12=7";"0=27;5=19;10=25;20=17;30=5;60=4;90=3";1436;291;17;61;94;100;19;0;0;291;0;0
15/10/2010;25;195;5;3;45;2;263;3163;1;236880;1.3;0;0;0.400582573;0;4264;4264;0;822;18;13;3.6;22953;7896;;java=7896;104;100;6;970;3411;8377;51.5;1919;19.2;18.5;2;"1=598;2=235;4=64;6=26;8=13;10=6;12=7";"0=27;5=19;10=25;20=17;30=5;60=4;90=3";1436;291;17;61;94;100;19;0;0;291;0;0
16/10/2010;25;195;5;3;45;2;264;3168;1;236910;1.3;0;0;0.401164999;0;4267;4267;0;822;18;13;3.6;22942;7897;;java=7897;104;100;6;968;3414;8373;51.5;1919;19.2;18.5;2;"1=596;2=235;4=64;6=26;8=13;10=6;12=7";"0=27;5=19;10=24;20=18;30=6;60=3;90=3";1438;292;17;61;94;101;19;0;0;292;0;0
18/10/2010;25;195;5;3;45;2;264;3168;1;236910;1.3;0;0;0.401164999;0;4267;4267;0;822;18;13;3.6;22942;7897;;java=7897;104;100;6;968;3414;8373;51.5;1919;19.2;18.5;2;"1=596;2=235;4=64;6=26;8=13;10=6;12=7";"0=27;5=19;10=24;20=18;30=6;60=3;90=3";1438;292;17;61;94;101;19;0;0;292;0;0
8/11/2010;25;195;5;3;45;2;264;3168;1;236910;1.3;0;0;0.401164999;0;4267;4267;0;822;18;13;3.6;22942;7897;;java=7897;104;100;6;968;3414;8373;51.5;1919;19.2;18.5;2;"1=596;2=235;4=64;6=26;8=13;10=6;12=7";"0=27;5=19;10=24;20=18;30=6;60=3;90=3";1438;292;17;61;94;101;19;0;0;292;0;0
12/11/2010;25;195;5;3;45;2;264;3168;1;236910;1.3;0;0;0.401164999;0;4267;4267;0;822;18;13;3.6;22993;7897;;java=7897;104;100;6;968;3414;8414;51.6;1919;19.2;18.5;2;"1=596;2=235;4=64;6=26;8=13;10=6;12=7";"0=27;5=19;10=24;20=18;30=6;60=3;90=3";1438;292;17;61;94;101;19;0;0;292;0;0
23/12/2010;25;195;5;3;45;2;265;3173;1;236910;1.3;0;0;0.401798151;0;4267;4267;0;822;18;13;3.6;22993;7897;;java=7897;104;100;6;968;3414;8414;51.6;1920;19.2;18.5;2;"1=596;2=235;4=63;6=27;8=13;10=6;12=7";"0=27;5=19;10=24;20=18;30=6;60=3;90=3";1440;293;17;61;95;101;19;0;0;293;0;0
24/12/2010;25;195;5;3;45;2;264;3168;1;237240;1.3;0;0;0.40060698;0;4273;4273;0;822;18;13;3.6;23011;7908;;java=7908;104;100;6;969;3419;8417;51.6;1922;19.2;18.5;2;"1=597;2=234;4=64;6=27;8=13;10=6;12=7";"0=27;5=19;10=24;20=18;30=6;60=3;90=3";1442;292;17;61;94;101;19;0;0;292;0;0
13/3/2011;25;195;5;3;45;2;264;3168;1;238770;1.3;0;0;0.398039955;0;4302;4302;0;822;18;13;3.5;23236;7959;;java=7959;104;100;6;982;3436;8538;51.8;1935;19.4;18.6;2;"1=610;2=234;4=64;6=27;8=13;10=6;12=7";"0=26;5=20;10=24;20=18;30=6;60=3;90=3";1443;292;17;61;94;101;19;0;0;292;0;0
14/3/2011;25;195;5;3;45;2;264;3168;1;239580;1.3;0;0;0.396694215;0;4320;4320;0;822;18;13;3.5;23280;7986;;java=7986;104;100;6;984;3454;8547;51.7;1943;19.4;18.7;2;"1=610;2=234;4=66;6=27;8=13;10=6;12=7";"0=26;5=20;10=24;20=18;30=6;60=3;90=3";1451;292;17;61;94;101;19;0;0;292;0;0
5/4/2011;25;195;5;3;45;2;264;3168;1;239580;1.3;0;0;0.396694215;0;4320;4320;0;822;18;13;3.5;23277;7986;;java=7986;104;100;6;984;3454;8544;51.7;1943;19.4;18.7;2;"1=610;2=234;4=66;6=27;8=13;10=6;12=7";"0=26;5=20;10=24;20=18;30=6;60=3;90=3";1451;292;17;61;94;101;19;0;0;292;0;0
9/4/2011;25;195;5;3;45;2;264;3168;1;239580;1.3;0;0;0.396694215;0;4320;4320;0;822;18;13;3.5;23279;7986;;java=7986;104;100;6;984;3454;8547;51.7;1943;19.4;18.7;2;"1=610;2=234;4=66;6=27;8=13;10=6;12=7";"0=26;5=20;10=24;20=18;30=6;60=3;90=3";1451;292;17;61;94;101;19;0;0;292;0;0
10/4/2011;25;195;5;3;45;2;265;3188;1;239580;1.3;0;0;0.399198598;0;4320;4320;0;822;18;13;3.5;23279;7986;;java=7986;104;100;6;984;3454;8547;51.7;1943;19.4;18.7;2;"1=610;2=234;4=66;6=27;8=13;10=6;12=7";"0=26;5=20;10=24;20=18;30=6;60=3;90=3";1451;293;17;61;95;101;19;0;0;293;0;0
11/4/2011;25;195;5;3;45;2;265;3188;1;240300;1.3;0;0;0.398002497;0;4336;4336;0;822;18;13;3.5;23340;8010;;java=8010;104;100;6;986;3469;8569;51.7;1951;19.5;18.8;2;"1=610;2=235;4=66;6=28;8=13;10=6;12=7";"0=26;5=20;10=24;20=18;30=6;60=3;90=3";1457;293;17;61;95;101;19;0;0;293;0;0
14/4/2011;25;195;5;3;45;2;265;3188;1;240810;1.3;0;0;0.397159586;0;4341;4341;0;822;18;13;3.5;23401;8027;;java=8027;104;100;6;990;3474;8597;51.7;1955;19.6;18.8;2;"1=614;2=235;4=66;6=28;8=13;10=6;12=7";"0=26;5=20;10=24;20=18;30=6;60=3;90=3";1457;293;17;61;95;101;19;0;0;293;0;0
8/5/2011;25;195;5;3;45;2;265;3188;1;240810;1.3;0;0;0.397159586;0;4341;4341;0;822;18;13;3.5;23401;8027;;java=8027;104;100;6;990;3474;8597;51.7;1955;19.6;18.8;2;"1=614;2=235;4=66;6=28;8=13;10=6;12=7";"0=26;5=20;10=24;20=18;30=6;60=3;90=3";1457;293;17;61;95;101;19;0;0;293;0;0
10/5/2011;25;195;5;3;45;2;265;3188;1;240810;1.3;0;0;0.397159586;0;4341;4341;0;822;18;13;3.5;23401;8027;;java=8027;104;100;6;990;3474;8597;51.7;1955;19.6;18.8;2;"1=614;2=235;4=66;6=28;8=13;10=6;12=7";"0=26;5=20;10=24;20=18;30=6;60=3;90=3";1457;293;17;61;95;101;19;0;0;293;0;0
12/5/2011;25;195;5;3;45;2;265;3188;1;240810;1.3;0;0;0.397159586;0;4341;4341;0;822;18;13;3.5;23403;8027;;java=8027;104;100;6;990;3474;8598;51.7;1955;19.6;18.8;2;"1=614;2=235;4=66;6=28;8=13;10=6;12=7";"0=26;5=20;10=24;20=18;30=6;60=3;90=3";1457;293;17;61;95;101;19;0;0;293;0;0
26/5/2011;25;195;5;3;45;2;267;3228;1;240810;1.3;0;0;0.402142768;0;4341;4341;0;822;18;13;3.5;23403;8027;;java=8027;104;100;6;990;3474;8598;51.7;1955;19.6;18.8;2;"1=614;2=235;4=66;6=28;8=13;10=6;12=7";"0=26;5=20;10=24;20=18;30=6;60=3;90=3";1457;295;17;61;97;101;19;0;0;295;0;0
27/5/2011;25;195;5;3;45;2;269;3268;1;241530;1.4;246.913.580.246.914;0;0.405912309;0;4359;4359;0;822;18;13;3.5;23433;8051;;java=8051;104;100;6;991;3490;8604;51.7;1960;19.6;18.8;2;"1=614;2=235;4=67;6=28;8=13;10=6;12=7";"0=26;5=20;10=24;20=18;30=6;60=3;90=3";1463;297;17;61;99;101;19;0;0;297;0;0
19/7/2011;25;195;5;3;45;2;270;3278;1;241530;1.4;0;0;0.407154391;0;4359;4359;0;822;18;13;3.5;23433;8051;;java=8051;104;100;6;991;3490;8604;51.7;1960;19.6;18.8;2;"1=614;2=235;4=67;6=28;8=13;10=6;12=7";"0=26;5=20;10=24;20=18;30=6;60=3;90=3";1463;298;17;61;100;101;19;0;0;298;0;0
4/8/2011;25;195;5;3;45;2;270;3278;1;241530;1.4;0;0;0.407154391;0;4359;4359;0;822;18;13;3.5;23433;8051;;java=8051;104;100;6;991;3490;8604;51.7;1960;19.6;18.8;2;"1=614;2=235;4=67;6=28;8=13;10=6;12=7";"0=26;5=20;10=24;20=18;30=6;60=3;90=3";1463;298;17;61;100;101;19;0;0;298;0;0
5/8/2011;25;195;5;3;45;2;271;3283;1;241710;1.4;277.777.777.777.778;0;0.407471764;0;4364;4364;0;822;18;13;3.5;23466;8057;;java=8057;104;100;6;991;3490;8616;51.7;1960;19.6;18.8;2;"1=614;2=235;4=67;6=28;8=13;10=6;12=7";"0=26;5=20;10=24;20=18;30=6;60=3;90=3";1463;299;17;61;101;101;19;0;0;299;0;0
31/8/2011;25;195;5;3;45;2;266;3257;1;241980;1.3;0;0;0.403793702;0;4369;4369;0;822;18;13;3.5;23493;8066;;java=8066;104;100;6;992;3495;8630;51.7;1962;19.6;18.9;2;"1=615;2=235;4=67;6=28;8=13;10=6;12=7";"0=26;5=20;10=24;20=18;30=6;60=3;90=3";1464;294;17;61;101;96;19;0;0;294;0;0
6/9/2011;25;195;5;3;45;2;265;3247;1;242580;1.3;0;0;0.401558249;0;4384;4384;0;822;18;13;3.5;23554;8086;;java=8086;104;100;6;996;3496;8655;51.7;1966;19.7;18.9;2;"1=619;2=235;4=67;6=28;8=13;10=6;12=7";"0=26;5=20;10=23;20=19;30=6;60=3;90=3";1464;293;17;61;100;96;19;0;0;293;0;0
8/9/2011;25;195;5;3;45;2;265;3247;1;242580;1.3;0;0;0.401558249;0;4384;4384;0;822;18;13;3.5;23554;8086;;java=8086;104;100;6;996;3496;8655;51.7;1966;19.7;18.9;2;"1=619;2=235;4=67;6=28;8=13;10=6;12=7";"0=26;5=20;10=23;20=19;30=6;60=3;90=3";1464;293;17;61;100;96;19;0;0;293;0;0
12/9/2011;25;195;5;3;45;2;265;3247;1;242580;1.3;0;0;0.401558249;0;4384;4384;0;822;18;13;3.5;23554;8086;;java=8086;104;100;6;996;3496;8655;51.7;1966;19.7;18.9;2;"1=619;2=235;4=67;6=28;8=13;10=6;12=7";"0=26;5=20;10=23;20=19;30=6;60=3;90=3";1464;293;17;61;100;96;19;0;0;293;0;0
3/10/2011;25;195;5;3;45;2;265;3247;1;242580;1.3;0;0;0.401558249;0;4384;4384;0;822;18;13;3.5;23554;8086;;java=8086;104;100;6;996;3496;8655;51.7;1966;19.7;18.9;2;"1=619;2=235;4=67;6=28;8=13;10=6;12=7";"0=26;5=20;10=23;20=19;30=6;60=3;90=3";1464;293;17;61;100;96;19;0;0;293;0;0
8/11/2011;25;195;5;3;45;2;265;3247;1;242580;1.3;0;0;0.401558249;0;4384;4384;0;822;18;13;3.5;23554;8086;;java=8086;104;100;6;996;3496;8655;51.7;1966;19.7;18.9;2;"1=619;2=235;4=67;6=28;8=13;10=6;12=7";"0=26;5=20;10=23;20=19;30=6;60=3;90=3";1464;293;17;61;100;96;19;0;0;293;0;0
10/11/2011;25;195;5;3;45;2;261;3239;1;242580;1.3;0;0;0.400568884;0;4384;4384;0;822;18;13;3.5;23554;8086;;java=8086;104;100;6;996;3496;8655;51.7;1966;19.7;18.9;2;"1=619;2=235;4=67;6=28;8=13;10=6;12=7";"0=26;5=20;10=23;20=19;30=6;60=3;90=3";1464;289;17;61;100;92;19;0;0;289;0;0
12/11/2011;25;195;5;3;45;2;262;3244;1;244380;1.3;0;0;0.398232261;0;4425;4425;0;822;18;13;3.5;23650;8146;;java=8146;104;100;6;998;3536;8677;51.6;1984;19.8;19.1;2;"1=619;2=235;4=66;6=30;8=14;10=6;12=7";"0=26;5=20;10=23;20=19;30=6;60=3;90=3";1483;290;17;61;100;93;19;0;0;290;0;0
15/11/2011;25;195;5;3;45;2;262;3244;1;244890;1.3;0;0;0.397402916;0;4436;4436;0;822;18;13;3.5;23700;8163;;java=8163;104;100;6;999;3547;8698;51.6;1989;19.9;19.1;2;"1=619;2=235;4=67;6=30;8=14;10=6;12=7";"0=26;5=20;10=23;20=19;30=6;60=3;90=3";1487;290;17;61;100;93;19;0;0;290;0;0
17/11/2011;25;195;5;3;45;2;267;3334;1;251940;1.3;0;0;0.396999286;0;4582;4582;0;848;20;14;3.5;24187;8398;;java=8398;106;101;6;1017;3680;8843;51.3;2048;20.3;19.3;2;"1=625;2=239;4=73;6=30;8=16;10=6;12=7";"0=26;5=20;10=23;20=19;30=7;60=3;90=3";1548;295;17;62;103;94;19;0;0;295;0;0
8/1/2012;25;195;5;3;45;2;267;3334;1;252000;1.3;0;0;0.396904762;0;4584;4584;0;848;20;14;3.5;24192;8400;;java=8400;106;101;6;1017;3680;8845;51.3;2048;20.3;19.3;2;"1=625;2=239;4=73;6=30;8=16;10=6;12=7";"0=26;5=20;10=23;20=19;30=7;60=3;90=3";1548;295;17;62;103;94;19;0;0;295;0;0
21/1/2012;25;195;5;3;45;2;267;3334;1;252270;1.3;0;0;0.396479962;0;4589;4589;0;848;20;14;3.5;24227;8409;;java=8409;106;101;6;1018;3683;8866;51.3;2050;20.3;19.3;2;"1=625;2=240;4=73;6=30;8=16;10=6;12=7";"0=26;5=20;10=23;20=19;30=7;60=3;90=3";1551;295;17;62;103;94;19;0;0;295;0;0
24/1/2012;25;195;5;3;45;2;267;3334;1;252660;1.3;0;0;0.395867965;0;4596;4596;0;848;20;14;3.5;24270;8422;;java=8422;106;101;6;1019;3690;8887;51.3;2055;20.3;19.4;2;"1=625;2=240;4=73;6=31;8=16;10=6;12=7";"0=26;5=20;10=23;20=19;30=7;60=3;90=3";1555;295;17;62;103;94;19;0;0;295;0;0
15/2/2012;25;195;5;3;45;2;267;3334;1;252690;1.3;0;0;0.395820966;0;4596;4596;0;848;20;14;3.5;24271;8423;;java=8423;106;101;6;1019;3690;8887;51.3;2055;20.3;19.4;2;"1=625;2=240;4=73;6=31;8=16;10=6;12=7";"0=26;5=20;10=23;20=19;30=7;60=3;90=3";1555;295;17;62;103;94;19;0;0;295;0;0
18/2/2012;25;195;5;3;45;2;267;3334;1;252780;1.3;0;0;0.395680038;0;4597;4597;0;848;20;14;3.5;24281;8426;;java=8426;106;101;6;1019;3691;8891;51.3;2055;20.3;19.4;2;"1=625;2=240;4=73;6=31;8=16;10=6;12=7";"0=26;5=20;10=23;20=19;30=7;60=3;90=3";1555;295;17;62;103;94;19;0;0;295;0;0
23/2/2012;25;195;5;3;45;2;267;3334;1;252810;1.3;0;0;0.395633084;0;4598;4598;0;848;20;14;3.5;24282;8427;;java=8427;106;101;6;1019;3692;8891;51.3;2055;20.3;19.4;2;"1=625;2=240;4=73;6=31;8=16;10=6;12=7";"0=26;5=20;10=23;20=19;30=7;60=3;90=3";1555;295;17;62;103;94;19;0;0;295;0;0
2/3/2012;25;195;5;3;45;2;267;3329;1;257850;1.3;0;0;0.387318208;0;4689;4689;0;848;20;14;3.5;24567;8595;;java=8595;107;102;6;1039;3769;8946;51;2099;20.6;19.6;2;"1=637;2=245;4=75;6=32;8=16;10=5;12=8";"0=26;5=20;10=23;20=19;30=8;60=3;90=3";1590;295;17;62;103;94;19;0;0;295;0;0
6/3/2012;25;195;5;3;45;2;267;3329;1;257850;1.3;0;0;0.387318208;0;4689;4689;0;848;20;14;3.5;24446;8595;;java=8595;107;102;6;1039;3769;8837;50.7;2099;20.6;19.6;2;"1=637;2=245;4=75;6=32;8=16;10=5;12=8";"0=26;5=20;10=23;20=19;30=8;60=3;90=3";1590;295;17;62;103;94;19;0;0;295;0;0
7/3/2012;25;195;5;3;45;2;267;3329;1;257760;1.3;0;0;0.387453445;0;4687;4687;0;848;20;14;3.5;24443;8592;;java=8592;107;102;6;1039;3769;8837;50.7;2099;20.6;19.6;2;"1=637;2=245;4=75;6=32;8=16;10=5;12=8";"0=26;5=20;10=23;20=19;30=8;60=3;90=3";1590;295;17;62;103;94;19;0;0;295;0;0
8/3/2012;25;195;5;3;45;2;267;3329;1;257760;1.3;0;0;0.387453445;0;4687;4687;0;848;20;14;3.5;24443;8592;;java=8592;107;102;6;1039;3769;8837;50.7;2099;20.6;19.6;2;"1=637;2=245;4=75;6=32;8=16;10=5;12=8";"0=26;5=20;10=23;20=19;30=8;60=3;90=3";1590;295;17;62;103;94;19;0;0;295;0;0
13/3/2012;25;195;5;3;45;2;267;3329;1;257580;1.3;0;0;0.387724202;0;4683;4683;0;848;20;14;3.5;24471;8586;;java=8586;107;102;6;1039;3765;8856;50.8;2099;20.6;19.6;2;"1=637;2=245;4=75;6=32;8=16;10=5;12=8";"0=26;5=20;10=23;20=19;30=8;60=3;90=3";1589;295;17;62;103;94;19;0;0;295;0;0
14/3/2012;25;195;5;3;45;2;268;3335;1;257790;1.3;0;0;0.388106598;0;4687;4687;0;848;20;14;3.5;24522;8593;;java=8593;107;102;6;1039;3769;8886;50.8;2102;20.6;19.6;2;"1=637;2=245;4=75;6=30;8=18;10=5;12=8";"0=26;5=20;10=22;20=20;30=8;60=3;90=3";1591;296;17;63;103;94;19;0;0;296;0;0
15/3/2012;25;195;5;3;45;2;268;3335;1;258090;1.3;0;0;0.387655469;0;4694;4694;0;848;20;14;3.5;24535;8603;;java=8603;107;102;6;1039;3775;8889;50.8;2107;20.7;19.7;2;"1=637;2=245;4=75;6=30;8=17;10=5;12=9";"0=26;5=20;10=22;20=19;30=9;60=3;90=3";1596;296;17;63;103;94;19;0;0;296;0;0
17/3/2012;25;195;5;3;45;2;268;3335;1;258090;1.3;0;0;0.387655469;0;4694;4694;0;848;20;14;3.5;24539;8603;;java=8603;107;102;6;1039;3775;8893;50.8;2107;20.7;19.7;2;"1=637;2=245;4=75;6=30;8=17;10=5;12=9";"0=26;5=20;10=22;20=19;30=9;60=3;90=3";1596;296;17;63;103;94;19;0;0;296;0;0
18/3/2012;25;195;5;3;45;2;268;3355;1;259530;1.3;0;0;0.387816437;0;4728;4728;0;878;22;14;3.6;24629;8651;;java=8651;107;102;6;1041;3807;8929;50.8;2123;20.8;19.8;2;"1=637;2=245;4=75;6=30;8=19;10=5;12=9";"0=26;5=20;10=22;20=19;30=9;60=3;90=3";1612;296;17;63;103;94;19;0;0;296;0;0
19/3/2012;25;195;5;3;45;2;268;3355;1;259530;1.3;0;0;0.387816437;0;4728;4728;0;878;22;14;3.6;24629;8651;;java=8651;107;102;6;1041;3807;8929;50.8;2123;20.8;19.8;2;"1=637;2=245;4=75;6=30;8=19;10=5;12=9";"0=26;5=20;10=22;20=19;30=9;60=3;90=3";1612;296;17;63;103;94;19;0;0;296;0;0
20/3/2012;25;195;5;3;45;2;268;3355;1;259530;1.3;0;0;0.387816437;0;4728;4728;0;878;22;14;3.6;24629;8651;;java=8651;107;102;6;1041;3807;8929;50.8;2123;20.8;19.8;2;"1=637;2=245;4=75;6=30;8=19;10=5;12=9";"0=26;5=20;10=22;20=19;30=9;60=3;90=3";1612;296;17;63;103;94;19;0;0;296;0;0
21/3/2012;25;195;5;3;45;2;268;3355;1;259590;1.3;0;0;0.3877268;0;4730;4730;0;878;22;14;3.6;24638;8653;;java=8653;107;102;6;1041;3807;8932;50.8;2123;20.8;19.8;2;"1=637;2=245;4=75;6=30;8=19;10=5;12=9";"0=26;5=20;10=22;20=19;30=9;60=3;90=3";1612;296;17;63;103;94;19;0;0;296;0;0
23/3/2012;25;195;5;3;45;2;266;3325;1;259980;1.3;0;0;0.38368336;0;4732;4732;0;848;20;14;3.4;24735;8666;;java=8666;107;102;6;1045;3808;8993;50.9;2127;20.9;19.9;2;"1=641;2=245;4=75;6=30;8=19;10=5;12=9";"0=26;5=20;10=22;20=19;30=9;60=3;90=3";1612;294;17;63;101;94;19;0;0;294;0;0
24/3/2012;25;195;5;3;45;2;266;3325;1;259650;1.3;0;0;0.384170999;0;4725;4725;0;848;20;14;3.4;24735;8655;;java=8655;107;102;6;1046;3801;8999;51;2125;20.8;19.9;2;"1=641;2=247;4=74;6=31;8=18;10=5;12=9";"0=26;5=20;10=22;20=19;30=9;60=3;90=3";1607;294;17;63;101;94;19;0;0;294;0;0
31/3/2012;25;195;5;3;45;2;267;3350;1;260310;1.3;0;0;0.386078138;0;4728;4728;0;848;20;14;3.4;25280;8677;;java=8677;108;103;6;1072;3784;9371;51.9;2133;20.7;19.8;2;"1=677;2=238;4=74;6=30;8=18;10=5;12=9";"0=27;5=20;10=22;20=19;30=9;60=3;90=3";1570;295;17;63;102;95;18;0;0;295;0;0
2/4/2012;25;195;5;3;45;2;267;3350;1;260310;1.3;0;0;0.386078138;0;4728;4728;0;848;20;14;3.4;25280;8677;;java=8677;108;103;6;1072;3784;9371;51.9;2133;20.7;19.8;2;"1=677;2=238;4=74;6=30;8=18;10=5;12=9";"0=27;5=20;10=22;20=19;30=9;60=3;90=3";1570;295;17;63;102;95;18;0;0;295;0;0
5/4/2012;25;195;5;3;45;2;267;3350;1;260310;1.3;0;0;0.386078138;0;4728;4728;0;848;20;14;3.4;25280;8677;;java=8677;108;103;6;1072;3784;9371;51.9;2133;20.7;19.8;2;"1=677;2=238;4=74;6=30;8=18;10=5;12=9";"0=27;5=20;10=22;20=19;30=9;60=3;90=3";1570;295;17;63;102;95;18;0;0;295;0;0
6/4/2012;25;195;5;3;45;2;267;3350;1;260310;1.3;0;0;0.386078138;0;4728;4728;0;848;20;14;3.4;25305;8677;;java=8677;108;103;6;1072;3784;9394;52;2133;20.7;19.8;2;"1=677;2=238;4=74;6=30;8=18;10=5;12=9";"0=27;5=20;10=22;20=19;30=9;60=3;90=3";1570;295;17;63;102;95;18;0;0;295;0;0
7/4/2012;25;195;5;3;45;2;272;3400;1;260310;1.3;0;0;0.391840498;0;4728;4728;0;848;20;14;3.4;25305;8677;;java=8677;108;103;6;1072;3784;9394;52;2133;20.7;19.8;2;"1=677;2=238;4=74;6=30;8=18;10=5;12=9";"0=27;5=20;10=22;20=19;30=9;60=3;90=3";1570;300;17;63;107;95;18;0;0;300;0;0
11/4/2012;25;195;5;3;45;2;272;3400;1;260190;1.3;0;0;0.392021215;0;4726;4726;0;848;20;14;3.4;25301;8673;;java=8673;108;103;6;1072;3782;9394;52;2132;20.7;19.7;2;"1=677;2=239;4=73;6=30;8=18;10=5;12=9";"0=27;5=20;10=22;20=19;30=9;60=3;90=3";1568;300;17;63;107;95;18;0;0;300;0;0
17/4/2012;26;205;5;3;45;2;272;3402;1;262170;1.3;0;0;0.389289392;0;4762;4762;0;848;20;14;3.3;25470;8739;;java=8739;108;103;6;1080;3814;9458;52;2148;20.9;19.9;2;"1=681;2=242;4=74;6=30;8=18;10=5;12=9";"0=27;5=20;10=22;20=19;30=9;60=3;90=3";1585;301;17;63;108;95;18;0;0;301;0;0
19/4/2012;26;205;5;3;45;2;272;3402;1;262440;1.3;0;0;0.388888889;0;4769;4769;0;848;20;14;3.3;25536;8748;;java=8748;108;103;6;1081;3815;9489;52;2149;20.9;19.9;2;"1=682;2=242;4=74;6=30;8=18;10=5;12=9";"0=27;5=20;10=22;20=19;30=9;60=3;90=3";1585;301;17;63;108;95;18;0;0;301;0;0
29/5/2012;26;205;5;3;45;2;272;3402;1;262530;1.3;0;0;0.388755571;0;4771;4771;0;848;20;14;3.3;25539;8751;;java=8751;108;103;6;1081;3817;9489;52;2149;20.9;19.9;2;"1=682;2=242;4=74;6=30;8=18;10=5;12=9";"0=27;5=20;10=22;20=19;30=9;60=3;90=3";1585;301;17;63;108;95;18;0;0;301;0;0
2/6/2012;26;205;5;3;45;2;272;3387;1;262830;1.3;0;0;0.386599703;0;4775;4775;0;848;20;14;3.3;25574;8761;;java=8761;108;103;6;1082;3821;9499;52;2151;20.9;19.9;2;"1=684;2=241;4=73;6=31;8=18;10=5;12=9";"0=27;5=20;10=22;20=19;30=9;60=3;90=3";1589;301;17;63;107;96;18;0;0;301;0;0
4/6/2012;26;205;5;3;45;2;272;3387;1;262830;1.3;0;0;0.386599703;0;4775;4775;0;848;20;14;3.3;25574;8761;;java=8761;108;103;6;1082;3821;9499;52;2151;20.9;19.9;2;"1=684;2=241;4=73;6=31;8=18;10=5;12=9";"0=27;5=20;10=22;20=19;30=9;60=3;90=3";1589;301;17;63;107;96;18;0;0;301;0;0
6/6/2012;26;205;5;3;45;2;271;3353;1;264210;1.3;0.535714286;0;0.380719882;0;4805;4805;0;848;20;14;3.3;25680;8807;;java=8807;108;103;6;1082;3843;9533;52;2166;21;20.1;2;"1=684;2=242;4=72;6=31;8=18;10=5;12=9";"0=27;5=20;10=22;20=19;30=9;60=2;90=4";1605;300;17;64;104;97;18;0;0;300;0;0
7/6/2012;26;205;5;3;45;2;271;3353;1;264210;1.3;0;0;0.380719882;0;4805;4805;0;848;20;14;3.3;25680;8807;;java=8807;108;103;6;1082;3843;9533;52;2166;21;20.1;2;"1=684;2=242;4=72;6=31;8=18;10=5;12=9";"0=27;5=20;10=22;20=19;30=9;60=2;90=4";1605;300;17;64;104;97;18;0;0;300;0;0
8/6/2012;26;205;5;3;45;2;274;3413;1;264390;1.3;0;0;0.387268807;0;4811;4811;0;848;20;14;3.3;25688;8813;;java=8813;108;103;6;1082;3849;9537;52;2167;21;20.1;2;"1=684;2=242;4=72;6=30;8=19;10=5;12=9";"0=27;5=20;10=22;20=19;30=9;60=2;90=4";1609;303;17;64;107;97;18;0;0;303;0;0
12/6/2012;26;205;5;3;45;2;274;3418;1;265170;1.3;0;0;0.386695328;0;4827;4827;0;848;20;14;3.3;25759;8839;;java=8839;108;103;6;1086;3863;9566;52;2174;21.1;20.1;2;"1=688;2=242;4=72;6=30;8=18;10=5;12=10";"0=27;5=20;10=22;20=18;30=10;60=2;90=4";1614;303;17;64;107;97;18;0;0;303;0;0
13/6/2012;25;195;5;3;45;2;274;3418;1;265170;1.3;0;0;0.386695328;0;4827;4827;0;848;20;14;3.3;25764;8839;;java=8839;108;103;6;1086;3863;9569;52;2174;21.1;20.1;2;"1=688;2=242;4=72;6=30;8=18;10=5;12=10";"0=27;5=20;10=22;20=18;30=10;60=2;90=4";1614;302;17;64;106;97;18;0;0;302;0;0
11/8/2012;25;195;5;3;45;2;274;3418;1;265170;1.3;0;0;0.386695328;0;4827;4827;0;848;20;14;3.3;25764;8839;;java=8839;108;103;6;1086;3863;9569;52;2174;21.1;20.1;2;"1=688;2=242;4=72;6=30;8=18;10=5;12=10";"0=27;5=20;10=22;20=18;30=10;60=2;90=4";1614;302;17;64;106;97;18;0;0;302;0;0
30/8/2012;25;195;5;3;45;2;274;3418;1;264960;1.3;0;0;0.387001812;0;4827;4827;0;848;20;14;3.3;25758;8832;;java=8832;108;103;6;1086;3863;9569;52;2174;21.1;20.1;2;"1=688;2=242;4=72;6=30;8=18;10=5;12=10";"0=27;5=20;10=22;20=18;30=10;60=2;90=4";1614;302;17;64;106;97;18;0;0;302;0;0
29/9/2012;25;195;5;3;45;2;274;3418;1;265050;1.3;0;0;0.386870402;0;4828;4828;0;848;20;14;3.3;25768;8835;;java=8835;108;103;6;1087;3864;9572;52;2175;21.1;20.1;2;"1=689;2=242;4=72;6=30;8=18;10=5;12=10";"0=27;5=20;10=22;20=18;30=10;60=2;90=4";1614;302;17;64;106;97;18;0;0;302;0;0
7/10/2012;25;195;5;3;45;2;274;3418;1;265050;1.3;0;0;0.386870402;0;4828;4828;0;848;20;14;3.3;25768;8835;;java=8835;108;103;6;1087;3864;9572;52;2175;21.1;20.1;2;"1=689;2=242;4=72;6=30;8=18;10=5;12=10";"0=27;5=20;10=22;20=18;30=10;60=2;90=4";1614;302;17;64;106;97;18;0;0;302;0;0
25/10/2012;25;195;5;3;45;2;274;3418;1;265230;1.3;0;0;0.38660785;0;4832;4832;0;848;20;14;3.3;25802;8841;;java=8841;108;103;6;1089;3866;9592;52;2177;21.1;20.2;2;"1=691;2=242;4=72;6=30;8=18;10=5;12=10";"0=27;5=20;10=22;20=18;30=10;60=2;90=4";1614;302;17;64;106;97;18;0;0;302;0;0
26/10/2012;25;195;5;3;45;2;274;3418;1;265320;1.3;0;0;0.386476707;0;4833;4833;0;848;20;14;3.3;25826;8844;;java=8844;108;103;6;1090;3867;9609;52.1;2178;21.1;20.2;2;"1=692;2=242;4=72;6=30;8=18;10=5;12=10";"0=27;5=20;10=22;20=18;30=10;60=2;90=4";1614;302;17;64;106;97;18;0;0;302;0;0
1/11/2012;25;195;5;3;45;2;274;3418;1;265320;1.3;0;0;0.386476707;0;4833;4833;0;848;20;14;3.3;25853;8844;;java=8844;108;103;6;1090;3867;9635;52.1;2178;21.1;20.2;2;"1=692;2=242;4=72;6=30;8=18;10=5;12=10";"0=27;5=20;10=22;20=18;30=10;60=2;90=4";1614;302;17;64;106;97;18;0;0;302;0;0
7/11/2012;25;195;5;3;45;2;274;3418;1;265320;1.3;0;0;0.386476707;0;4833;4833;0;848;20;14;3.3;25863;8844;;java=8844;108;103;6;1090;3867;9645;52.2;2178;21.1;20.2;2;"1=692;2=242;4=72;6=30;8=18;10=5;12=10";"0=27;5=20;10=22;20=18;30=10;60=2;90=4";1614;302;17;64;106;97;18;0;0;302;0;0
22/11/2012;25;195;5;3;45;2;274;3418;1;265320;1.3;0;0;0.386476707;0;4833;4833;0;848;20;14;3.3;25848;8844;;java=8844;108;103;6;1090;3867;9645;52.2;2178;21.1;20.2;2;"1=692;2=242;4=72;6=30;8=18;10=5;12=10";"0=27;5=20;10=22;20=18;30=10;60=2;90=4";1614;302;17;64;106;97;18;0;0;302;0;0
23/11/2012;23;165;5;3;45;2;272;3404;1;265350;1.3;0;0;0.384850198;0;4835;4835;0;848;20;14;3.3;25855;8845;;java=8845;108;103;6;1091;3869;9649;52.2;2179;21.2;20.2;2;"1=693;2=242;4=72;6=30;8=18;10=5;12=10";"0=27;5=20;10=22;20=18;30=10;60=2;90=4";1610;298;17;64;102;97;18;0;0;298;0;0
30/11/2012;23;165;5;3;45;2;273;3414;1;265920;1.3;0;0;0.38515343;0;4846;4846;0;848;20;14;3.3;25902;8864;;java=8864;108;103;6;1093;3879;9669;52.2;2184;21.2;20.2;2;"1=693;2=244;4=72;6=30;8=18;10=5;12=10";"0=27;5=20;10=22;20=18;30=10;60=2;90=4";1614;299;17;65;102;97;18;0;0;299;0;0
1/12/2012;25;175;5;3;45;2;284;3544;1;267180;1.3;0;0;0.397933977;0;4874;4874;0;932;22;14;3.6;25987;8906;;java=8906;108;103;6;1096;3904;9695;52.1;2192;21.3;20.3;2;"1=694;2=245;4=73;6=30;8=18;10=5;12=10";"0=26;5=21;10=22;20=18;30=10;60=2;90=4";1620;312;17;66;112;99;18;0;0;312;0;0
4/12/2012;25;175;5;3;45;2;284;3544;1;267180;1.3;0;0;0.397933977;0;4874;4874;0;932;22;14;3.6;25987;8906;;java=8906;108;103;6;1096;3904;9695;52.1;2192;21.3;20.3;2;"1=694;2=245;4=73;6=30;8=18;10=5;12=10";"0=26;5=21;10=22;20=18;30=10;60=2;90=4";1620;312;17;66;112;99;18;0;0;312;0;0
20/12/2012;25;175;5;3;45;2;284;3544;1;267390;1.3;0;0;0.397621452;0;4878;4878;0;932;22;14;3.6;26007;8913;;java=8913;108;103;6;1097;3908;9704;52.1;2194;21.3;20.3;2;"1=694;2=246;4=73;6=30;8=18;10=5;12=10";"0=26;5=21;10=22;20=18;30=10;60=2;90=4";1621;312;17;66;112;99;18;0;0;312;0;0
5/1/2013;25;175;5;3;45;2;284;3544;1;267660;1.3;0;0;0.397220354;0;4884;4884;0;932;22;14;3.6;26016;8922;;java=8922;108;103;6;1097;3914;9704;52.1;2197;21.3;20.3;2;"1=694;2=245;4=73;6=31;8=18;10=5;12=10";"0=26;5=21;10=22;20=18;30=10;60=2;90=4";1624;312;17;66;112;99;18;0;0;312;0;0
24/1/2013;25;175;5;3;45;2;290;3556;1;267660;1.3;0;0;0.398565344;0;4884;4884;0;932;22;14;3.6;26016;8922;;java=8922;108;103;6;1097;3914;9704;52.1;2197;21.3;20.3;2;"1=694;2=245;4=73;6=31;8=18;10=5;12=10";"0=26;5=21;10=22;20=18;30=10;60=2;90=4";1624;318;17;66;118;99;18;0;0;318;0;0
1/2/2013;25;175;5;3;45;2;290;3556;1;267660;1.3;0;0;0.398565344;0;4884;4884;0;932;22;14;3.6;26016;8922;;java=8922;108;103;6;1097;3914;9704;52.1;2197;21.3;20.3;2;"1=694;2=245;4=73;6=31;8=18;10=5;12=10";"0=26;5=21;10=22;20=18;30=10;60=2;90=4";1624;318;17;66;118;99;18;0;0;318;0;0
2/2/2013;25;175;5;3;45;2;290;3556;1;267690;1.3;0;0;0.398520677;0;4885;4885;0;932;22;14;3.6;26018;8923;;java=8923;108;103;6;1097;3914;9705;52.1;2197;21.3;20.3;2;"1=694;2=245;4=73;6=31;8=18;10=5;12=10";"0=26;5=21;10=22;20=18;30=10;60=2;90=4";1624;318;17;66;118;99;18;0;0;318;0;0
8/4/2013;25;175;5;3;45;2;288;3544;1;267750;1.3;0;0;0.397086835;0;4887;4887;0;932;22;14;3.6;26016;8925;;java=8925;108;103;6;1097;3917;9702;52.1;2195;21.3;20.3;2;"1=694;2=245;4=73;6=31;8=18;10=6;12=9";"0=26;5=21;10=22;20=18;30=10;60=2;90=4";1622;316;17;65;118;98;18;0;0;316;0;0
18/4/2013;25;175;5;3;45;2;323;3932;1;270120;1.5;0;0;0.436694802;0;4908;4908;0;932;22;14;3.6;26172;9004;;java=9004;108;103;6;1100;3932;9773;52;2198;21.3;20.4;2;"1=697;2=245;4=73;6=31;8=18;10=6;12=9";"0=27;5=20;10=22;20=18;30=10;60=2;90=4";1626;351;17;65;120;101;48;0;0;351;0;0
21/4/2013;25;175;5;3;45;2;323;3932;1;270810;1.5;0;0;0.435582142;0;4917;4917;0;932;22;14;3.6;26253;9027;;java=9027;108;103;6;1105;3941;9813;52.1;2209;21.4;20.5;2;"1=698;2=249;4=73;6=31;8=18;10=6;12=9";"0=27;5=20;10=22;20=18;30=10;60=2;90=4";1632;351;17;65;120;101;48;0;0;351;0;0
22/4/2013;25;175;5;3;45;2;319;3892;1;270990;1.4;0;0;0.430864608;0;4922;4922;0;932;22;14;3.5;26265;9033;;java=9033;108;103;6;1105;3946;9819;52.1;2210;21.5;20.5;2;"1=697;2=250;4=73;6=31;8=18;10=6;12=9";"0=27;5=20;10=22;20=18;30=10;60=2;90=4";1633;347;17;65;116;101;48;0;0;347;0;0
23/4/2013;25;175;5;3;45;2;319;3892;1;270990;1.4;0;0;0.430864608;0;4922;4922;0;932;22;14;3.5;26282;9033;;java=9033;108;103;6;1105;3946;9832;52.1;2210;21.5;20.5;2;"1=697;2=250;4=73;6=31;8=18;10=6;12=9";"0=27;5=20;10=22;20=18;30=10;60=2;90=4";1633;347;17;65;116;101;48;0;0;347;0;0
24/4/2013;25;175;5;3;45;2;319;3892;1;270990;1.4;0;0;0.430864608;0;4922;4922;0;932;22;14;3.5;26282;9033;;java=9033;108;103;6;1105;3946;9832;52.1;2210;21.5;20.5;2;"1=697;2=250;4=73;6=31;8=18;10=6;12=9";"0=27;5=20;10=22;20=18;30=10;60=2;90=4";1633;347;17;65;116;101;48;0;0;347;0;0
25/4/2013;25;175;5;3;45;2;318;3861;1;271530;1.4;0;0;0.426582698;0;4937;4937;0;932;22;14;3.5;26316;9051;;java=9051;108;103;6;1105;3960;9847;52.1;2213;21.5;20.5;2;"1=697;2=249;4=74;6=31;8=18;10=6;12=9";"0=27;5=20;10=22;20=18;30=10;60=2;90=4";1640;346;17;65;113;103;48;0;0;346;0;0
27/4/2013;25;175;5;3;45;2;318;3861;1;271530;1.4;0;0;0.426582698;0;4937;4937;0;932;22;14;3.5;26316;9051;;java=9051;108;103;6;1105;3960;9847;52.1;2213;21.5;20.5;2;"1=697;2=249;4=74;6=31;8=18;10=6;12=9";"0=27;5=20;10=22;20=18;30=10;60=2;90=4";1640;346;17;65;113;103;48;0;0;346;0;0
9/5/2013;25;175;5;3;45;2;318;3861;1;271560;1.4;0;0;0.426535572;0;4937;4937;0;932;22;14;3.5;26335;9052;;java=9052;108;103;6;1106;3959;9861;52.1;2214;21.5;20.5;2;"1=698;2=249;4=74;6=31;8=18;10=6;12=9";"0=27;5=20;10=22;20=18;30=10;60=2;90=4";1640;346;17;65;113;103;48;0;0;346;0;0
17/5/2013;25;175;5;3;45;2;318;3861;1;271770;1.4;0;0;0.426205983;0;4938;4938;0;932;22;14;3.5;26368;9059;;java=9059;108;103;6;1108;3961;9879;52.2;2216;21.5;20.5;2;"1=700;2=249;4=74;6=31;8=18;10=6;12=9";"0=27;5=20;10=22;20=18;30=10;60=2;90=4";1640;346;17;65;113;103;48;0;0;346;0;0
18/5/2013;25;175;5;3;45;2;318;3856;1;271710;1.4;0;0;0.42574804;0;4933;4933;0;932;22;14;3.5;26366;9057;;java=9057;108;103;6;1108;3959;9879;52.2;2215;21.5;20.5;2;"1=700;2=250;4=73;6=31;8=18;10=6;12=9";"0=27;5=20;10=22;20=18;30=10;60=2;90=4";1640;346;16;66;113;103;48;0;0;346;0;0
30/5/2013;25;175;5;3;45;2;318;3856;1;271710;1.4;0;0;0.42574804;0;4933;4933;0;932;22;14;3.5;26365;9057;;java=9057;108;103;6;1108;3959;9878;52.2;2215;21.5;20.5;2;"1=700;2=250;4=73;6=31;8=18;10=6;12=9";"0=27;5=20;10=22;20=18;30=10;60=2;90=4";1640;346;16;66;113;103;48;0;0;346;0;0
3/6/2013;25;175;5;3;45;2;321;3856;1;271770;1.4;0;0;0.425654046;0;4935;4935;0;932;22;14;3.5;26376;9059;;java=9059;108;103;6;1108;3961;9890;52.2;2215;21.5;20.5;2;"1=700;2=250;4=73;6=31;8=18;10=6;12=9";"0=27;5=20;10=22;20=18;30=10;60=2;90=4";1640;349;16;66;113;103;51;0;0;349;0;0
4/6/2013;25;175;5;3;45;2;321;3856;1;271920;1.4;0;0;0.425419241;0;4938;4938;0;932;22;14;3.5;26384;9064;;java=9064;108;103;6;1108;3965;9895;52.2;2216;21.5;20.5;2;"1=700;2=250;4=73;6=30;8=19;10=6;12=9";"0=27;5=20;10=22;20=18;30=10;60=2;90=4";1642;349;16;66;113;103;51;0;0;349;0;0
5/6/2013;25;175;5;3;45;2;321;3856;1;274410;1.4;0;0;0.421558981;0;4992;4992;0;932;22;14;3.5;26598;9147;;java=9147;110;105;6;1116;4005;9939;52.1;2232;21.3;20.3;2;"1=702;2=256;4=73;6=30;8=19;10=6;12=9";"0=27;5=22;10=22;20=18;30=10;60=2;90=4";1652;349;16;66;113;103;51;0;0;349;0;0
11/7/2013;25;175;5;3;45;2;321;3856;1;275010;1.4;0;0;0.420639249;0;5000;5000;0;932;22;14;3.5;26623;9167;;java=9167;110;105;6;1120;4013;9947;52;2238;21.3;20.3;2;"1=704;2=258;4=73;6=30;8=19;10=6;12=9";"0=27;5=22;10=22;20=18;30=10;60=2;90=4";1656;349;16;66;113;103;51;0;0;349;0;0
20/8/2013;25;175;5;3;45;2;321;3856;1;275010;1.4;0;0;0.420639249;0;5000;5000;0;932;22;14;3.5;26623;9167;;java=9167;110;105;6;1120;4013;9947;52;2238;21.3;20.3;2;"1=704;2=258;4=73;6=30;8=19;10=6;12=9";"0=27;5=22;10=22;20=18;30=10;60=2;90=4";1656;349;16;66;113;103;51;0;0;349;0;0
25/10/2013;25;175;5;3;45;2;321;3856;1;275010;1.4;0;0;0.420639249;0;5000;5000;0;932;22;14;3.5;26623;9167;;java=9167;110;105;6;1120;4013;9947;52;2238;21.3;20.3;2;"1=704;2=258;4=73;6=30;8=19;10=6;12=9";"0=27;5=22;10=22;20=18;30=10;60=2;90=4";1656;349;16;66;113;103;51;0;0;349;0;0
26/11/2013;25;175;5;3;45;2;321;3856;1;276000;1.4;0;0;0.419130435;0;5014;5014;0;932;22;14;3.5;26781;9200;;java=9200;110;105;6;1128;4027;10040;52.2;2253;21.5;20.5;2;"1=707;2=263;4=73;6=30;8=19;10=6;12=9";"0=27;5=22;10=22;20=18;30=10;60=2;90=4";1663;349;16;66;113;103;51;0;0;349;0;0
31/1/2014;25;175;5;3;45;2;340;4096;1;276180;1.5;0;0;0.444927221;0;5014;5014;0;932;22;14;3.5;26794;9206;;java=9206;110;105;6;1128;4027;10047;52.2;2253;21.5;20.5;2;"1=707;2=263;4=73;6=30;8=19;10=6;12=9";"0=27;5=22;10=22;20=18;30=10;60=2;90=4";1663;368;16;66;113;115;58;0;0;368;0;0
1/2/2014;25;175;5;3;45;2;340;4096;1;276180;1.5;0;0;0.444927221;0;5014;5014;0;932;22;14;3.5;26802;9206;;java=9206;110;105;6;1128;4027;10052;52.2;2253;21.5;20.5;2;"1=707;2=263;4=73;6=30;8=19;10=6;12=9";"0=27;5=22;10=22;20=18;30=10;60=2;90=4";1663;368;16;66;113;115;58;0;0;368;0;0
7/2/2014;25;175;5;3;45;2;340;4096;1;276330;1.5;0;0;0.444685702;0;5016;5016;0;932;22;14;3.5;26857;9211;;java=9211;110;105;6;1129;4029;10092;52.3;2256;21.5;20.5;2;"1=707;2=264;4=73;6=30;8=19;10=6;12=9";"0=27;5=22;10=22;20=18;30=10;60=2;90=4";1665;368;16;66;113;115;58;0;0;368;0;0
29/3/2014;25;175;5;3;45;2;340;4096;1;276330;1.5;0;0;0.444685702;0;5016;5016;0;932;22;14;3.5;26857;9211;;java=9211;110;105;6;1129;4029;10092;52.3;2256;21.5;20.5;2;"1=707;2=264;4=73;6=30;8=19;10=6;12=9";"0=27;5=22;10=22;20=18;30=10;60=2;90=4";1665;368;16;66;113;115;58;0;0;368;0;0
11/4/2014;25;175;5;3;45;2;340;4096;1;276870;1.5;0;0;0.443818399;0;5016;5016;0;932;22;14;3.5;26898;9229;;java=9229;110;105;6;1129;4029;10094;52.2;2256;21.5;20.5;2;"1=707;2=264;4=73;6=30;8=19;10=6;12=9";"0=27;5=22;10=22;20=18;30=10;60=2;90=4";1665;368;16;66;113;115;58;0;0;368;0;0
13/4/2014;25;175;5;3;45;2;341;4096;1;276870;1.5;0;0;0.443818399;0;5016;5016;0;932;22;14;3.5;26906;9229;;java=9229;110;105;6;1129;4029;10103;52.3;2256;21.5;20.5;2;"1=707;2=264;4=73;6=30;8=19;10=6;12=9";"0=27;5=22;10=22;20=18;30=10;60=2;90=4";1665;369;16;66;113;115;59;0;0;369;0;0
30/5/2014;25;175;5;3;45;2;341;4096;1;276870;1.5;0;0;0.443818399;0;5016;5016;0;932;22;14;3.5;26907;9229;;java=9229;110;105;6;1129;4029;10103;52.3;2256;21.5;20.5;2;"1=707;2=264;4=73;6=30;8=19;10=6;12=9";"0=27;5=22;10=22;20=18;30=10;60=2;90=4";1665;369;16;66;113;115;59;0;0;369;0;0
4/6/2014;25;175;5;3;45;2;341;4096;1;276870;1.5;0;0;0.443818399;0;5016;5016;0;932;22;14;3.5;26907;9229;;java=9229;110;105;6;1129;4029;10103;52.3;2256;21.5;20.5;2;"1=707;2=264;4=73;6=30;8=19;10=6;12=9";"0=27;5=22;10=22;20=18;30=10;60=2;90=4";1665;369;16;66;113;115;59;0;0;369;0;0
19/6/2014;25;175;5;3;45;2;341;4096;1;276870;1.5;0;0;0.443818399;0;5016;5016;0;934;22;14;3.5;26909;9229;;java=9229;110;105;6;1129;4029;10105;52.3;2256;21.5;20.5;2;"1=707;2=264;4=73;6=30;8=19;10=6;12=9";"0=27;5=22;10=22;20=18;30=10;60=2;90=4";1665;369;16;66;113;115;59;0;0;369;0;0
17/7/2014;25;175;5;3;45;2;341;4096;1;276870;1.5;0;0;0.443818399;0;5016;5016;0;934;22;14;3.5;26913;9229;;java=9229;110;105;6;1129;4029;10109;52.3;2256;21.5;20.5;2;"1=707;2=264;4=73;6=30;8=19;10=6;12=9";"0=27;5=22;10=22;20=18;30=10;60=2;90=4";1665;369;16;66;113;115;59;0;0;369;0;0
21/7/2014;25;175;5;3;45;2;341;4096;1;276870;1.5;0;0;0.443818399;0;5016;5016;0;934;22;14;3.5;26913;9229;;java=9229;110;105;6;1129;4029;10109;52.3;2256;21.5;20.5;2;"1=707;2=264;4=73;6=30;8=19;10=6;12=9";"0=27;5=22;10=22;20=18;30=10;60=2;90=4";1665;369;16;66;113;115;59;0;0;369;0;0
31/7/2014;25;175;5;3;45;2;341;4096;1;276870;1.5;0;0;0.443818399;0;5016;5016;0;934;22;14;3.5;26913;9229;;java=9229;110;105;6;1129;4029;10110;52.3;2256;21.5;20.5;2;"1=707;2=264;4=73;6=30;8=19;10=6;12=9";"0=27;5=22;10=22;20=18;30=10;60=2;90=4";1665;369;16;66;113;115;59;0;0;369;0;0
7/8/2014;25;175;5;3;45;2;341;4096;1;276870;1.5;0;0;0.443818399;0;5016;5016;0;934;22;14;3.5;26915;9229;;java=9229;110;105;6;1129;4029;10112;52.3;2256;21.5;20.5;2;"1=707;2=264;4=73;6=30;8=19;10=6;12=9";"0=27;5=22;10=22;20=18;30=10;60=2;90=4";1665;369;16;66;113;115;59;0;0;369;0;0
28/10/2014;25;175;5;3;45;2;348;4161;1;282450;1.5;0;0;0.441954328;0;5118;5118;0;978;24;16;3.6;27291;9415;;java=9415;113;108;6;1147;4111;10160;51.9;2295;21.3;20.3;2;"1=717;2=268;4=76;6=31;8=19;10=6;12=9";"0=27;5=22;10=25;20=18;30=10;60=2;90=4";1697;376;16;66;120;115;59;0;0;376;0;0
1/11/2014;25;175;5;3;45;2;348;4161;1;282450;1.5;0;0;0.441954328;0;5118;5118;0;978;24;16;3.6;27291;9415;;java=9415;113;108;6;1147;4111;10160;51.9;2295;21.3;20.3;2;"1=717;2=268;4=76;6=31;8=19;10=6;12=9";"0=27;5=22;10=25;20=18;30=10;60=2;90=4";1697;376;16;66;120;115;59;0;0;376;0;0
2/12/2014;25;175;5;3;45;2;349;4171;1;283530;1.5;0;0;0.44132896;0;5129;5129;0;978;24;16;3.6;27343;9451;;java=9451;113;108;6;1147;4111;10162;51.8;2295;21.3;20.3;2;"1=717;2=268;4=76;6=31;8=19;10=6;12=9";"0=27;5=22;10=25;20=18;30=10;60=2;90=4";1697;377;16;66;120;115;60;0;0;377;0;0
3/12/2014;25;175;5;3;45;2;349;4171;1;283530;1.5;0;0;0.44132896;0;5129;5129;0;978;24;16;3.6;27343;9451;;java=9451;113;108;6;1147;4111;10162;51.8;2295;21.3;20.3;2;"1=717;2=268;4=76;6=31;8=19;10=6;12=9";"0=27;5=22;10=25;20=18;30=10;60=2;90=4";1697;377;16;66;120;115;60;0;0;377;0;0
4/12/2014;25;175;5;3;45;2;349;4171;1;283470;1.5;0;0;0.441422373;0;5127;5127;0;978;24;16;3.6;27341;9449;;java=9449;113;108;6;1147;4109;10162;51.8;2294;21.2;20.3;2;"1=718;2=267;4=76;6=31;8=19;10=6;12=9";"0=27;5=22;10=25;20=18;30=10;60=2;90=4";1696;377;16;66;120;115;60;0;0;377;0;0
10/12/2014;25;175;5;3;45;2;349;4171;1;283470;1.5;0;0;0.441422373;0;5127;5127;0;978;24;16;3.6;27341;9449;;java=9449;113;108;6;1147;4109;10162;51.8;2294;21.2;20.3;2;"1=718;2=267;4=76;6=31;8=19;10=6;12=9";"0=27;5=22;10=25;20=18;30=10;60=2;90=4";1696;377;16;66;120;115;60;0;0;377;0;0
16/1/2015;25;175;5;3;45;2;349;4171;1;283470;1.5;0;0;0.441422373;0;5127;5127;0;978;24;16;3.6;27341;9449;;java=9449;113;108;6;1147;4109;10162;51.8;2294;21.2;20.3;2;"1=718;2=267;4=76;6=31;8=19;10=6;12=9";"0=27;5=22;10=25;20=18;30=10;60=2;90=4";1696;377;16;66;120;115;60;0;0;377;0;0
6/2/2015;25;175;5;3;45;2;349;4171;1;283470;1.5;0;0;0.441422373;0;5127;5127;0;978;24;16;3.6;27344;9449;;java=9449;113;108;6;1147;4109;10164;51.8;2294;21.2;20.3;2;"1=718;2=267;4=76;6=31;8=19;10=6;12=9";"0=27;5=22;10=25;20=18;30=10;60=2;90=4";1696;377;16;66;120;115;60;0;0;377;0;0
10/2/2015;25;175;5;3;45;2;348;4171;1;283470;1.5;0;0;0.441422373;0;5127;5127;0;978;24;16;3.6;27356;9449;;java=9449;113;108;6;1147;4109;10178;51.9;2294;21.2;20.3;2;"1=718;2=267;4=76;6=31;8=19;10=6;12=9";"0=27;5=22;10=25;20=18;30=10;60=2;90=4";1696;376;16;66;120;115;59;0;0;376;0;0
25/3/2015;25;175;5;3;45;2;348;4171;1;283440;1.5;0;0;0.441469094;0;5127;5127;0;978;24;16;3.6;27355;9448;;java=9448;113;108;6;1147;4109;10178;51.9;2294;21.2;20.3;2;"1=718;2=267;4=76;6=31;8=19;10=6;12=9";"0=27;5=22;10=25;20=18;30=10;60=2;90=4";1694;376;16;66;120;115;59;0;0;376;0;0
15/4/2015;25;175;5;3;45;2;348;4171;1;283650;1.5;0;0;0.441142253;0;5132;5132;0;978;24;16;3.6;27365;9455;;java=9455;113;108;6;1147;4113;10178;51.8;2297;21.3;20.3;2;"1=718;2=266;4=76;6=32;8=19;10=6;12=9";"0=27;5=22;10=25;20=18;30=10;60=2;90=4";1698;376;16;66;120;115;59;0;0;376;0;0
21/4/2015;25;175;5;3;45;2;348;4171;1;283650;1.5;0;0;0.441142253;0;5132;5132;0;978;24;16;3.6;27365;9455;;java=9455;113;108;6;1147;4113;10180;51.8;2297;21.3;20.3;2;"1=718;2=266;4=76;6=32;8=19;10=6;12=9";"0=27;5=22;10=25;20=18;30=10;60=2;90=4";1698;376;16;66;120;115;59;0;0;376;0;0
26/4/2015;25;175;5;3;45;2;346;4161;1;283650;1.5;0;0;0.440084611;0;5132;5132;0;978;24;16;3.6;27367;9455;;java=9455;113;108;6;1147;4113;10182;51.9;2297;21.3;20.3;2;"1=718;2=266;4=76;6=32;8=19;10=6;12=9";"0=27;5=22;10=25;20=18;30=10;60=2;90=4";1698;374;16;64;120;115;59;0;0;374;0;0
21/5/2015;25;175;5;3;45;2;346;4161;1;283650;1.5;0;0;0.440084611;0;5132;5132;0;978;24;16;3.6;27378;9455;;java=9455;113;108;6;1147;4113;10191;51.9;2297;21.3;20.3;2;"1=718;2=266;4=76;6=32;8=19;10=6;12=9";"0=27;5=22;10=25;20=18;30=10;60=2;90=4";1698;374;16;64;120;115;59;0;0;374;0;0
22/5/2015;25;175;5;3;45;2;346;4161;1;283650;1.5;0;0;0.440084611;0;5132;5132;0;978;24;16;3.6;27378;9455;;java=9455;113;108;6;1147;4113;10191;51.9;2297;21.3;20.3;2;"1=718;2=266;4=76;6=32;8=19;10=6;12=9";"0=27;5=22;10=25;20=18;30=10;60=2;90=4";1698;374;16;64;120;115;59;0;0;374;0;0
23/5/2015;25;175;5;3;45;2;347;4191;1;284160;1.5;0;0;0.442461993;0;5137;5137;0;978;24;16;3.6;27446;9472;;java=9472;114;109;6;1150;4116;10206;51.9;2300;21.1;20.2;2;"1=721;2=266;4=76;6=32;8=19;10=6;12=9";"0=28;5=22;10=25;20=18;30=10;60=2;90=4";1698;375;16;64;120;116;59;0;0;375;0;0
19/6/2015;25;175;5;3;45;2;338;4152;1;284100;1.5;0.574712644;0;0.43843717;0;5136;5136;0;978;24;16;3.6;27418;9470;;java=9470;114;109;6;1150;4116;10183;51.8;2300;21.1;20.2;2;"1=721;2=266;4=76;6=32;8=19;10=6;12=9";"0=28;5=22;10=25;20=18;30=10;60=2;90=4";1698;366;16;64;119;108;59;0;0;366;0;0
20/6/2015;22;150;5;3;45;2;343;4264;1;288870;1.5;0;0;0.442828954;0;5201;5201;0;942;22;15;3.4;27657;9629;;java=9629;115;110;6;1161;4174;10214;51.5;2310;21;20.1;2;"1=729;2=268;4=78;6=31;8=21;10=4;12=9";"0=28;5=23;10=25;20=18;30=10;60=2;90=4";1708;368;16;62;125;105;60;0;0;368;0;0
21/6/2015;22;150;5;3;45;2;343;4264;1;287700;1.5;0;0;0.444629823;0;5201;5201;0;942;22;15;3.4;27620;9590;;java=9590;115;110;6;1161;4174;10215;51.6;2310;21;20.1;2;"1=729;2=268;4=78;6=31;8=21;10=4;12=9";"0=28;5=23;10=25;20=18;30=10;60=2;90=4";1708;368;16;62;125;105;60;0;0;368;0;0
22/6/2015;22;150;5;3;45;2;346;4324;1;289950;1.5;0.694444444;0;0.447387481;0;5220;5220;0;944;22;15;3.4;27790;9665;;java=9665;115;110;6;1163;4179;10265;51.5;2315;21;20.1;2;"1=730;2=268;4=78;6=31;8=20;10=4;12=10";"0=28;5=23;10=25;20=18;30=10;60=2;90=4";1710;371;16;63;128;104;60;0;0;371;0;0
24/6/2015;22;150;5;3;45;2;346;4324;1;289860;1.5;0;0;0.447526392;0;5218;5218;0;944;22;15;3.4;27787;9662;;java=9662;115;110;6;1163;4177;10265;51.5;2314;21;20.1;2;"1=730;2=268;4=78;6=31;8=20;10=4;12=10";"0=28;5=23;10=25;20=18;30=10;60=2;90=4";1707;371;16;63;128;104;60;0;0;371;0;0
26/6/2015;22;150;5;3;45;2;346;4324;1;289860;1.5;0;0;0.447526392;0;5218;5218;0;944;22;15;3.4;27787;9662;;java=9662;115;110;6;1163;4177;10265;51.5;2314;21;20.1;2;"1=730;2=268;4=78;6=31;8=20;10=4;12=10";"0=28;5=23;10=25;20=18;30=10;60=2;90=4";1707;371;16;63;128;104;60;0;0;371;0;0
27/6/2015;22;150;5;3;45;2;346;4324;1;289860;1.5;0;0;0.447526392;0;5218;5218;0;944;22;15;3.4;27789;9662;;java=9662;115;110;6;1163;4177;10267;51.5;2314;21;20.1;2;"1=730;2=268;4=78;6=31;8=20;10=4;12=10";"0=28;5=23;10=25;20=18;30=10;60=2;90=4";1707;371;16;63;128;104;60;0;0;371;0;0
28/6/2015;22;150;5;3;45;2;346;4324;1;289860;1.5;0;0;0.447526392;0;5218;5218;0;944;22;15;3.4;27789;9662;;java=9662;115;110;6;1163;4177;10267;51.5;2315;21;20.1;2;"1=730;2=268;4=78;6=31;8=20;10=4;12=10";"0=28;5=23;10=25;20=18;30=10;60=2;90=4";1708;371;16;63;128;104;60;0;0;371;0;0
30/6/2015;22;150;5;3;45;2;346;4324;1;289860;1.5;0;0;0.447526392;0;5218;5218;0;944;22;15;3.4;27789;9662;;java=9662;115;110;6;1163;4177;10267;51.5;2315;21;20.1;2;"1=730;2=268;4=78;6=31;8=20;10=4;12=10";"0=28;5=23;10=25;20=18;30=10;60=2;90=4";1708;371;16;63;128;104;60;0;0;371;0;0
7/8/2015;23;160;5;3;45;2;346;4324;1;290400;1.5;0;0;0.446694215;0;5232;5232;0;944;22;15;3.4;27836;9680;;java=9680;115;110;6;1165;4188;10281;51.5;2320;21.1;20.2;2;"1=730;2=270;4=78;6=31;8=20;10=4;12=10";"0=28;5=23;10=25;20=18;30=10;60=2;90=4";1712;372;16;63;129;104;60;0;0;372;0;0
11/9/2015;22;150;5;3;45;2;346;4324;1;290460;1.5;0;0;0.446601942;0;5236;5236;0;944;22;15;3.4;27829;9682;;java=9682;115;110;6;1164;4192;10276;51.5;2318;21.1;20.2;2;"1=730;2=269;4=78;6=31;8=20;10=4;12=10";"0=28;5=23;10=25;20=18;30=10;60=2;90=4";1711;371;16;63;128;104;60;0;0;371;0;0
22/9/2015;22;150;5;3;45;2;346;4324;1;290460;1.5;0;0;0.446601942;0;5236;5236;0;944;22;15;3.4;27832;9682;;java=9682;115;110;6;1164;4192;10279;51.5;2318;21.1;20.2;2;"1=730;2=269;4=78;6=31;8=20;10=4;12=10";"0=28;5=23;10=25;20=18;30=10;60=2;90=4";1711;371;16;63;128;104;60;0;0;371;0;0
10/11/2015;22;150;5;3;45;2;346;4324;1;290460;1.5;0;0;0.446601942;0;5236;5236;0;944;22;15;3.4;27832;9682;;java=9682;115;110;6;1164;4192;10279;51.5;2318;21.1;20.2;2;"1=730;2=269;4=78;6=31;8=20;10=4;12=10";"0=28;5=23;10=25;20=18;30=10;60=2;90=4";1711;371;16;63;128;104;60;0;0;371;0;0
13/11/2015;22;150;5;3;45;2;347;4330;1;290490;1.5;0;0;0.447175462;0;5237;5237;0;944;22;15;3.4;27833;9683;;java=9683;115;110;6;1163;4193;10278;51.5;2319;21.1;20.2;2;"1=730;2=269;4=78;6=31;8=20;10=4;12=10";"0=28;5=23;10=25;20=18;30=10;60=2;90=4";1712;372;16;64;128;104;60;0;0;372;0;0
15/11/2015;22;150;5;3;45;2;347;4330;1;290490;1.5;0;0;0.447175462;0;5237;5237;0;944;22;15;3.4;27833;9683;;java=9683;115;110;6;1163;4193;10278;51.5;2319;21.1;20.2;2;"1=730;2=269;4=78;6=31;8=20;10=4;12=10";"0=28;5=23;10=25;20=18;30=10;60=2;90=4";1712;372;16;64;128;104;60;0;0;372;0;0
20/11/2015;22;150;5;3;45;2;347;4330;1;294390;1.5;0;0;0.441251401;0;5294;5294;0;944;22;15;3.3;28226;9813;;java=9813;120;115;7;1183;4242;10362;51.4;2348;20.4;19.6;2;"1=743;2=274;4=78;6=32;8=20;10=4;12=10";"0=32;5=23;10=25;20=19;30=10;60=2;90=4";1724;372;16;64;128;104;60;0;0;372;0;0
8/12/2015;22;150;5;3;45;2;347;4330;1;294390;1.5;0;0;0.441251401;0;5294;5294;0;944;22;15;3.3;28229;9813;;java=9813;120;115;7;1183;4242;10363;51.4;2348;20.4;19.6;2;"1=743;2=274;4=78;6=32;8=20;10=4;12=10";"0=32;5=23;10=25;20=19;30=10;60=2;90=4";1724;372;16;64;128;104;60;0;0;372;0;0
10/12/2015;22;150;5;3;45;2;300;3512;1;294630;1.2;0;0;0.357601059;0;5300;5300;0;944;22;15;3.3;28249;9821;;java=9821;120;115;7;1184;4247;10369;51.4;2350;20.4;19.6;2;"1=743;2=275;4=78;6=32;8=20;10=4;12=10";"0=32;5=23;10=25;20=19;30=10;60=2;90=4";1725;325;6;64;91;104;60;0;0;325;0;0
11/12/2015;22;150;5;3;45;2;300;3512;1;294630;1.2;0;0;0.357601059;0;5300;5300;0;944;22;15;3.3;28253;9821;;java=9821;120;115;7;1184;4247;10372;51.4;2350;20.4;19.6;2;"1=743;2=275;4=78;6=32;8=20;10=4;12=10";"0=32;5=23;10=25;20=19;30=10;60=2;90=4";1725;325;6;64;91;104;60;0;0;325;0;0
20/12/2015;22;150;5;3;45;2;300;3512;1;294630;1.2;0;0;0.357601059;0;5300;5300;0;944;22;15;3.3;28253;9821;;java=9821;120;115;7;1184;4247;10372;51.4;2350;20.4;19.6;2;"1=743;2=275;4=78;6=32;8=20;10=4;12=10";"0=32;5=23;10=25;20=19;30=10;60=2;90=4";1725;325;6;64;91;104;60;0;0;325;0;0
22/12/2015;22;150;5;3;45;2;301;3514;1;295410;1.2;0.256410256;0;0.356859957;0;5324;5324;0;944;22;15;3.3;28282;9847;;java=9847;120;115;7;1185;4267;10372;51.3;2354;20.5;19.6;2;"1=743;2=275;4=79;6=32;8=20;10=4;12=10";"0=32;5=23;10=25;20=19;30=10;60=2;90=4";1730;326;6;64;91;105;60;0;0;326;0;0
23/12/2015;22;150;5;3;45;2;301;3514;1;295410;1.2;0;0;0.356859957;0;5324;5324;0;944;22;15;3.3;28282;9847;;java=9847;120;115;7;1185;4267;10372;51.3;2354;20.5;19.6;2;"1=743;2=275;4=79;6=32;8=20;10=4;12=10";"0=32;5=23;10=25;20=19;30=10;60=2;90=4";1730;326;6;64;91;105;60;0;0;326;0;0
24/12/2015;22;150;5;3;45;2;301;3514;1;295410;1.2;0;0;0.356859957;0;5324;5324;0;944;22;15;3.3;28282;9847;;java=9847;120;115;7;1185;4267;10372;51.3;2354;20.5;19.6;2;"1=743;2=275;4=79;6=32;8=20;10=4;12=10";"0=32;5=23;10=25;20=19;30=10;60=2;90=4";1730;326;6;64;91;105;60;0;0;326;0;0
31/12/2015;22;150;5;3;45;2;301;3514;1;295410;1.2;0;0;0.356859957;0;5324;5324;0;944;22;15;3.3;28282;9847;;java=9847;120;115;7;1185;4267;10372;51.3;2354;20.5;19.6;2;"1=743;2=275;4=79;6=32;8=20;10=4;12=10";"0=32;5=23;10=25;20=19;30=10;60=2;90=4";1730;326;6;64;91;105;60;0;0;326;0;0
2/1/2016;22;150;5;3;45;2;301;3514;1;295410;1.2;0;0;0.356859957;0;5324;5324;0;944;22;15;3.3;28282;9847;;java=9847;120;115;7;1185;4267;10372;51.3;2354;20.5;19.6;2;"1=743;2=275;4=79;6=32;8=20;10=4;12=10";"0=32;5=23;10=25;20=19;30=10;60=2;90=4";1730;326;6;64;91;105;60;0;0;326;0;0
8/1/2016;22;150;5;3;45;2;301;3514;1;295410;1.2;0;0;0.356859957;0;5324;5324;0;944;22;15;3.3;28282;9847;;java=9847;120;115;7;1185;4267;10372;51.3;2354;20.5;19.6;2;"1=743;2=275;4=79;6=32;8=20;10=4;12=10";"0=32;5=23;10=25;20=19;30=10;60=2;90=4";1730;326;6;64;91;105;60;0;0;326;0;0
7/4/2016;22;150;5;3;45;2;300;3512;1;295080;1.2;0;0;0.357055714;0;5326;5326;0;944;22;15;3.3;28275;9836;;java=9836;120;115;7;1185;4267;10376;51.3;2354;20.5;19.6;2;"1=743;2=275;4=79;6=32;8=20;10=4;12=10";"0=32;5=23;10=25;20=19;30=10;60=2;90=4";1728;325;6;64;91;104;60;0;0;325;0;0
15/4/2016;22;150;5;3;45;2;300;3512;1;295140;1.2;0;0;0.356983127;0;5326;5326;0;944;22;15;3.3;28277;9838;;java=9838;120;115;7;1185;4267;10376;51.3;2354;20.5;19.6;2;"1=743;2=275;4=79;6=32;8=20;10=4;12=10";"0=32;5=23;10=25;20=19;30=10;60=2;90=4";1728;325;6;64;91;104;60;0;0;325;0;0
27/4/2016;22;150;5;3;45;2;300;3512;1;295740;1.2;0;0;0.356258876;0;5344;5344;0;944;22;15;3.3;28306;9858;;java=9858;120;115;7;1185;4285;10376;51.3;2356;20.5;19.6;2;"1=743;2=275;4=79;6=31;8=21;10=4;12=10";"0=32;5=23;10=25;20=19;30=10;60=2;90=4";1730;325;6;64;91;104;60;0;0;325;0;0
28/4/2016;22;150;5;3;45;2;300;3512;1;295770;1.2;0;0;0.356222741;0;5345;5345;0;944;22;15;3.3;28307;9859;;java=9859;120;115;7;1185;4285;10376;51.3;2357;20.5;19.6;2;"1=743;2=275;4=79;6=31;8=21;10=4;12=10";"0=32;5=23;10=25;20=19;30=10;60=2;90=4";1730;325;6;64;91;104;60;0;0;325;0;0
7/5/2016;22;150;5;3;45;2;354;3801;1;296250;1.3;0;0;0.384911392;0;5351;5351;0;944;22;15;3.3;28333;9875;;java=9875;120;115;7;1185;4289;10385;51.3;2358;20.5;19.7;2;"1=742;2=276;4=79;6=31;8=21;10=4;12=10";"0=32;5=23;10=25;20=19;30=10;60=2;90=4";1735;379;6;72;97;139;65;0;0;379;0;0
8/5/2016;22;150;5;3;45;2;353;3809;1;294420;1.3;0;0;0.388119014;0;5303;5303;0;944;22;15;3.3;28351;9814;;java=9814;121;116;7;1185;4213;10424;51.5;2365;20.4;19.5;2;"1=740;2=277;4=80;6=30;8=22;10=4;12=10";"0=32;5=24;10=25;20=19;30=10;60=2;90=4";1743;378;6;66;98;134;74;0;0;378;0;0
3/6/2016;22;150;5;3;45;2;319;3725;1;293970;1.3;0;0;0.380140831;0;5294;5294;0;944;22;15;3.3;28336;9799;;java=9799;121;116;7;1185;4204;10424;51.5;2366;20.4;19.6;2;"1=740;2=276;4=81;6=30;8=22;10=4;12=10";"0=32;5=24;10=25;20=19;30=10;60=2;90=4";1743;344;6;66;96;102;74;0;0;344;0;0
8/6/2016;22;150;5;3;45;2;319;3725;1;293970;1.3;0;0;0.380140831;0;5294;5294;0;944;22;15;3.3;28340;9799;;java=9799;121;116;7;1185;4204;10427;51.6;2366;20.4;19.6;2;"1=740;2=276;4=81;6=30;8=22;10=4;12=10";"0=32;5=24;10=25;20=19;30=10;60=2;90=4";1743;344;6;66;96;102;74;0;0;344;0;0
27/6/2016;22;150;5;3;45;2;319;3725;1;293970;1.3;0;0;0.380140831;0;5294;5294;0;944;22;15;3.3;28340;9799;;java=9799;121;116;7;1185;4204;10427;51.6;2366;20.4;19.6;2;"1=740;2=276;4=81;6=30;8=22;10=4;12=10";"0=32;5=24;10=25;20=19;30=10;60=2;90=4";1743;344;6;66;96;102;74;0;0;344;0;0
30/6/2016;22;150;5;3;45;2;306;3545;1;294000;1.2;0;0;0.361734694;0;5294;5294;0;944;22;15;3.3;28340;9800;;java=9800;121;116;7;1185;4204;10426;51.5;2366;20.4;19.6;2;"1=740;2=276;4=81;6=30;8=22;10=4;12=10";"0=32;5=24;10=25;20=19;30=10;60=2;90=4";1743;331;6;66;96;90;73;0;0;331;0;0
1/7/2016;26;210;5;3;45;2;308;3548;1;299070;1.2;0.058479532;0;0.3559033;0;5396;5396;0;944;22;15;3.3;28665;9969;;java=9969;125;118;7;1212;4281;10499;51.3;2409;20.4;19.3;2;"1=757;2=284;4=83;6=30;8=22;10=4;12=10";"0=32;5=25;10=25;20=19;30=11;60=2;90=4";1766;337;6;66;100;92;73;0;0;337;0;0
22/7/2016;26;210;5;3;45;2;308;3548;1;299190;1.2;0;0;0.355760553;0;5400;5400;0;944;22;15;3.3;28669;9973;;java=9973;125;118;7;1212;4279;10499;51.3;2409;20.4;19.3;2;"1=757;2=284;4=83;6=30;8=22;10=4;12=10";"0=32;5=25;10=25;20=19;30=11;60=2;90=4";1766;337;6;66;100;92;73;0;0;337;0;0
18/8/2016;26;210;5;3;45;2;308;3548;1;299250;1.2;0;0;0.355689223;0;5401;5401;0;944;22;15;3.3;28671;9975;;java=9975;125;118;7;1212;4280;10499;51.3;2409;20.4;19.3;2;"1=757;2=284;4=83;6=30;8=22;10=4;12=10";"0=32;5=25;10=25;20=19;30=11;60=2;90=4";1766;337;6;66;100;92;73;0;0;337;0;0
21/9/2016;26;210;5;3;45;2;307;3547;1;299250;1.2;0;0;0.355588972;0;5401;5401;0;944;22;15;3.3;28671;9975;;java=9975;125;118;7;1212;4280;10499;51.3;2409;20.4;19.3;2;"1=757;2=284;4=83;6=30;8=22;10=4;12=10";"0=32;5=25;10=25;20=19;30=11;60=2;90=4";1766;336;6;66;100;91;73;0;0;336;0;0
23/9/2016;26;210;5;3;45;2;307;3547;1;299250;1.2;0;0;0.355588972;0;5401;5401;0;944;22;15;3.3;28671;9975;;java=9975;125;118;7;1212;4280;10499;51.3;2409;20.4;19.3;2;"1=757;2=284;4=83;6=30;8=22;10=4;12=10";"0=32;5=25;10=25;20=19;30=11;60=2;90=4";1766;336;6;66;100;91;73;0;0;336;0;0
29/9/2016;26;210;5;3;45;2;307;3547;1;299820;1.2;0;0;0.354912948;0;5411;5411;0;944;22;15;3.3;28716;9994;;java=9994;125;118;7;1214;4288;10516;51.3;2414;20.5;19.3;2;"1=757;2=286;4=83;6=30;8=22;10=4;12=10";"0=32;5=25;10=24;20=20;30=11;60=2;90=4";1769;336;6;66;100;91;73;0;0;336;0;0
10/11/2016;26;210;5;3;45;2;300;3412;1;295740;1.2;0;0;0.346114831;0;5331;5331;0;944;22;15;3.3;28421;9858;;java=9858;124;117;7;1207;4219;10410;51.4;2397;20.5;19.3;2;"1=752;2=286;4=82;6=29;8=22;10=4;12=10";"0=32;5=24;10=24;20=20;30=11;60=2;90=4";1749;329;6;66;94;90;73;0;0;329;0;0
11/11/2016;26;210;5;3;45;2;300;3412;1;295740;1.2;0;0;0.346114831;0;5331;5331;0;944;22;15;3.3;28421;9858;;java=9858;124;117;7;1207;4219;10410;51.4;2397;20.5;19.3;2;"1=752;2=286;4=82;6=29;8=22;10=4;12=10";"0=32;5=24;10=24;20=20;30=11;60=2;90=4";1749;329;6;66;94;90;73;0;0;329;0;0
16/11/2016;26;210;5;3;45;2;300;3412;1;295740;1.2;0;0;0.346114831;0;5331;5331;0;944;22;15;3.3;28421;9858;;java=9858;124;117;7;1207;4219;10410;51.4;2397;20.5;19.3;2;"1=752;2=286;4=82;6=29;8=22;10=4;12=10";"0=32;5=24;10=24;20=20;30=11;60=2;90=4";1749;329;6;66;94;90;73;0;0;329;0;0
19/11/2016;26;210;5;3;45;2;299;3407;1;297570;1.1;0;0;0.343482206;0;5331;5331;0;952;22;15;3.3;28482;9919;;java=9919;124;117;7;1207;4219;10410;51.2;2397;20.5;19.3;2;"1=752;2=286;4=82;6=29;8=22;10=4;12=10";"0=32;5=24;10=24;20=20;30=11;60=2;90=4";1749;328;6;66;93;90;73;0;0;328;0;0
24/11/2016;26;210;5;3;45;2;299;3407;1;298230;1.1;0;0;0.34272206;0;5340;5340;0;952;22;15;3.3;28608;9941;;java=9941;124;117;7;1213;4228;10475;51.3;2405;20.6;19.4;2;"1=757;2=287;4=82;6=29;8=22;10=4;12=10";"0=32;5=24;10=24;20=20;30=11;60=2;90=4";1751;328;6;66;93;90;73;0;0;328;0;0
2/12/2016;26;210;5;3;45;2;300;3409;1;298650;1.1;0.444444444;0;0.342440984;0;5345;5345;0;952;22;15;3.3;28661;9955;;java=9955;125;118;7;1215;4231;10485;51.3;2407;20.4;19.3;2;"1=759;2=287;4=82;6=29;8=22;10=4;12=10";"0=33;5=24;10=24;20=20;30=11;60=2;90=4";1751;329;6;66;93;91;73;0;0;329;0;0
3/12/2016;26;210;5;3;45;2;300;3410;1;298710;1.1;0;0;0.342472632;0;5347;5347;0;952;22;15;3.3;28663;9957;;java=9957;125;118;7;1215;4233;10485;51.3;2408;20.4;19.3;2;"1=759;2=287;4=82;6=29;8=22;10=4;12=10";"0=33;5=24;10=24;20=20;30=11;60=2;90=4";1752;329;6;66;93;91;73;0;0;329;0;0
19/12/2016;26;210;5;3;45;2;300;3410;1;298710;1.1;0;0;0.342472632;0;5347;5347;0;952;22;15;3.3;28666;9957;;java=9957;125;118;7;1215;4233;10485;51.3;2408;20.4;19.3;2;"1=759;2=287;4=82;6=29;8=22;10=4;12=10";"0=33;5=24;10=24;20=20;30=11;60=2;90=4";1752;329;6;66;93;91;73;0;0;329;0;0
16/2/2017;26;210;5;3;45;2;300;3410;1;298710;1.1;0;0;0.342472632;0;5347;5347;0;952;22;15;3.3;28670;9957;;java=9957;125;118;7;1215;4233;10488;51.3;2408;20.4;19.3;2;"1=759;2=287;4=82;6=29;8=22;10=4;12=10";"0=33;5=24;10=24;20=20;30=11;60=2;90=4";1752;329;6;66;93;91;73;0;0;329;0;0
22/4/2017;26;210;5;3;45;2;300;3410;1;298710;1.1;0;0;0.342472632;0;5347;5347;0;952;22;15;3.3;28671;9957;;java=9957;125;118;7;1215;4233;10489;51.3;2408;20.4;19.3;2;"1=759;2=287;4=82;6=29;8=22;10=4;12=10";"0=33;5=24;10=24;20=20;30=11;60=2;90=4";1752;329;6;66;93;91;73;0;0;329;0;0
24/4/2017;26;210;5;3;45;2;300;3410;1;298710;1.1;0;0;0.342472632;0;5348;5348;0;952;22;15;3.3;28720;9957;;java=9957;125;118;7;1215;4234;10516;51.4;2408;20.4;19.3;2;"1=759;2=287;4=82;6=29;8=22;10=4;12=10";"0=33;5=24;10=24;20=20;30=11;60=2;90=4";1752;329;6;66;93;91;73;0;0;329;0;0
26/4/2017;26;210;5;3;45;2;300;3410;1;298710;1.1;0;0;0.342472632;0;5348;5348;0;952;22;15;3.3;28720;9957;;java=9957;125;118;7;1215;4234;10516;51.4;2408;20.4;19.3;2;"1=759;2=287;4=82;6=29;8=22;10=4;12=10";"0=33;5=24;10=24;20=20;30=11;60=2;90=4";1752;329;6;66;93;91;73;0;0;329;0;0
2/5/2017;26;210;5;3;45;2;300;3414;1;299310;1.1;2;0;0.34218703;0;5362;5362;0;952;22;15;3.3;28789;9977;;java=9977;125;118;7;1217;4246;10555;51.4;2415;20.5;19.3;2;"1=759;2=288;4=83;6=29;8=22;10=4;12=10";"0=33;5=24;10=24;20=20;30=11;60=2;90=4";1758;329;6;66;93;91;73;0;0;329;0;0
3/5/2017;26;210;5;3;45;2;300;3414;1;299310;1.1;0;0;0.34218703;0;5362;5362;0;952;22;15;3.3;28789;9977;;java=9977;125;118;7;1217;4246;10555;51.4;2415;20.5;19.3;2;"1=759;2=288;4=83;6=29;8=22;10=4;12=10";"0=33;5=24;10=24;20=20;30=11;60=2;90=4";1758;329;6;66;93;91;73;0;0;329;0;0
4/6/2017;26;210;5;3;45;2;300;3414;1;299370;1.1;0;0;0.342118449;0;5363;5363;0;952;22;15;3.3;28791;9979;;java=9979;125;118;7;1217;4247;10555;51.4;2415;20.5;19.3;2;"1=759;2=288;4=83;6=29;8=22;10=4;12=10";"0=33;5=24;10=24;20=20;30=11;60=2;90=4";1758;329;6;66;93;91;73;0;0;329;0;0
3/7/2017;26;210;5;3;45;2;300;3414;1;299400;1.1;0;0;0.342084168;0;5364;5364;0;952;22;15;3.3;28793;9980;;java=9980;125;118;7;1217;4248;10555;51.4;2416;20.5;19.3;2;"1=758;2=289;4=83;6=29;8=22;10=4;12=10";"0=33;5=24;10=24;20=20;30=11;60=2;90=4";1759;329;6;66;93;91;73;0;0;329;0;0
3/8/2017;26;210;5;3;45;2;300;3414;1;299400;1.1;0;0;0.342084168;0;5364;5364;0;952;22;15;3.3;28793;9980;;java=9980;125;118;7;1217;4248;10555;51.4;2416;20.5;19.3;2;"1=758;2=289;4=83;6=29;8=22;10=4;12=10";"0=33;5=24;10=24;20=20;30=11;60=2;90=4";1759;329;6;66;93;91;73;0;0;329;0;0
8/9/2017;26;210;5;3;45;2;300;3414;1;299490;1.1;518.518.518.518.519;0;0.341981368;0;5366;5366;0;952;22;15;3.3;28796;9983;;java=9983;125;118;7;1217;4250;10555;51.4;2417;20.5;19.3;2;"1=758;2=289;4=82;6=30;8=22;10=4;12=10";"0=33;5=24;10=24;20=20;30=11;60=2;90=4";1760;329;6;66;93;91;73;0;0;329;0;0
27/9/2017;26;210;5;3;45;2;300;3414;1;299490;1.1;0;0;0.341981368;0;5366;5366;0;952;22;15;3.3;28796;9983;;java=9983;125;118;7;1217;4250;10555;51.4;2417;20.5;19.3;2;"1=758;2=289;4=82;6=30;8=22;10=4;12=10";"0=33;5=24;10=24;20=20;30=11;60=2;90=4";1760;329;6;66;93;91;73;0;0;329;0;0
28/9/2017;26;210;5;3;45;2;301;3419;1;299490;1.1;0;0;0.34248222;0;5366;5366;0;952;22;15;3.3;28798;9983;;java=9983;125;118;7;1217;4250;10557;51.4;2417;20.5;19.3;2;"1=758;2=289;4=82;6=30;8=22;10=4;12=10";"0=33;5=24;10=24;20=20;30=11;60=2;90=4";1760;330;6;66;93;92;73;0;0;330;0;0
29/9/2017;26;210;5;3;45;2;301;3419;1;299490;1.1;0;0;0.34248222;0;5366;5366;0;952;22;15;3.3;28798;9983;;java=9983;125;118;7;1217;4250;10557;51.4;2417;20.5;19.3;2;"1=758;2=289;4=82;6=30;8=22;10=4;12=10";"0=33;5=24;10=24;20=20;30=11;60=2;90=4";1760;330;6;66;93;92;73;0;0;330;0;0
1/10/2017;26;210;5;3;45;2;301;3399;1;299580;1.1;0;0;0.340376527;0;5367;5367;0;952;22;15;3.3;28806;9986;;java=9986;125;118;7;1218;4250;10561;51.4;2418;20.5;19.3;2;"1=759;2=289;4=82;6=30;8=22;10=4;12=10";"0=33;5=24;10=24;20=20;30=11;60=2;90=4";1760;330;6;66;92;92;74;0;0;330;0;0
2/10/2017;26;210;5;3;45;2;301;3399;1;299580;1.1;0;0;0.340376527;0;5367;5367;0;952;22;15;3.3;28809;9986;;java=9986;125;118;7;1218;4250;10562;51.4;2418;20.5;19.3;2;"1=759;2=289;4=82;6=30;8=22;10=4;12=10";"0=33;5=24;10=24;20=20;30=11;60=2;90=4";1760;330;6;66;92;92;74;0;0;330;0;0
14/10/2017;26;210;5;3;45;2;301;3399;1;299700;1.1;0;0;0.34024024;0;5369;5369;0;952;22;15;3.3;28818;9990;;java=9990;125;118;7;1219;4251;10564;51.4;2419;20.5;19.4;2;"1=760;2=289;4=82;6=30;8=22;10=4;12=10";"0=33;5=24;10=24;20=20;30=11;60=2;90=4";1760;330;6;66;92;92;74;0;0;330;0;0
15/10/2017;26;210;5;3;45;2;301;3399;1;299520;1.1;0;0;0.340444712;0;5366;5366;0;952;22;15;3.3;28803;9984;;java=9984;125;118;7;1219;4249;10562;51.4;2417;20.5;19.3;2;"1=760;2=290;4=81;6=30;8=22;10=4;12=10";"0=34;5=23;10=24;20=20;30=11;60=2;90=4";1758;330;6;66;92;92;74;0;0;330;0;0
16/11/2017;26;210;5;3;45;2;301;3399;1;299820;1.1;0;0;0.340104062;0;5372;5372;0;952;22;15;3.3;28870;9994;;java=9994;125;118;7;1220;4250;10610;51.5;2418;20.5;19.3;2;"1=761;2=290;4=81;6=30;8=22;10=4;12=10";"0=34;5=23;10=24;20=20;30=11;60=2;90=4";1758;330;6;66;92;92;74;0;0;330;0;0
17/11/2017;26;210;5;3;45;2;302;3409;1;302670;1.1;0;0;0.337892754;0;5416;5416;0;952;22;15;3.3;29055;10089;;java=10089;126;119;7;1230;4287;10642;51.3;2444;20.5;19.4;2;"1=767;2=291;4=82;6=32;8=22;10=4;12=10";"0=34;5=23;10=24;20=21;30=11;60=2;90=4";1776;331;6;66;93;92;74;0;0;331;0;0
18/11/2017;26;210;5;3;45;2;303;3411;1;303120;1.1;0.333333333;0;0.337589074;0;5422;5422;0;952;22;15;3.3;29098;10104;;java=10104;126;119;7;1232;4293;10654;51.3;2447;20.6;19.4;2;"1=769;2=291;4=82;6=32;8=22;10=4;12=10";"0=34;5=23;10=24;20=20;30=12;60=2;90=4";1777;332;6;66;93;93;74;0;0;332;0;0
19/11/2017;26;210;5;3;45;2;303;3411;1;303120;1.1;0;0;0.337589074;0;5422;5422;0;952;22;15;3.3;29122;10104;;java=10104;126;119;7;1232;4293;10669;51.4;2447;20.6;19.4;2;"1=769;2=291;4=82;6=32;8=22;10=4;12=10";"0=34;5=23;10=24;20=20;30=12;60=2;90=4";1777;332;6;66;93;93;74;0;0;332;0;0
6/12/2017;26;210;5;3;45;2;303;3411;1;303120;1.1;0;0;0.337589074;0;5422;5422;0;952;22;15;3.3;29119;10104;;java=10104;126;119;7;1232;4293;10669;51.4;2447;20.6;19.4;2;"1=769;2=291;4=82;6=32;8=22;10=4;12=10";"0=34;5=23;10=24;20=20;30=12;60=2;90=4";1777;332;6;66;93;93;74;0;0;332;0;0
15/1/2018;26;210;5;3;45;2;302;3409;1;303150;1.1;0;0;0.337357744;0;5421;5421;0;952;22;15;3.3;29120;10105;;java=10105;126;119;7;1232;4292;10669;51.4;2447;20.6;19.4;2;"1=769;2=291;4=82;6=32;8=22;10=4;12=10";"0=34;5=23;10=24;20=20;30=12;60=2;90=4";1777;331;6;66;93;92;74;0;0;331;0;0
31/1/2018;26;210;5;3;45;2;302;3409;1;304050;1.1;0;0;0.336359151;0;5437;5437;0;952;22;15;3.3;29178;10135;;java=10135;127;120;7;1234;4306;10689;51.3;2454;20.5;19.3;2;"1=770;2=290;4=84;6=32;8=22;10=4;12=10";"0=35;5=23;10=24;20=20;30=12;60=2;90=4";1788;331;6;66;93;92;74;0;0;331;0;0
1/2/2018;26;210;5;3;45;2;304;3419;1;303840;1.1;111.111.111.111.111;0;0.337578989;0;5434;5434;0;952;22;15;3.3;29164;10128;;java=10128;126;119;7;1233;4305;10689;51.3;2453;20.6;19.5;2;"1=769;2=290;4=84;6=32;8=22;10=4;12=10";"0=34;5=23;10=24;20=20;30=12;60=2;90=4";1788;333;6;66;93;94;74;0;0;333;0;0
5/2/2018;26;210;5;3;45;2;304;3419;1;303840;1.1;0;0;0.337578989;0;5434;5434;0;952;22;15;3.3;29164;10128;;java=10128;126;119;7;1233;4305;10689;51.3;2453;20.6;19.5;2;"1=769;2=290;4=84;6=32;8=22;10=4;12=10";"0=34;5=23;10=24;20=20;30=12;60=2;90=4";1788;333;6;66;93;94;74;0;0;333;0;0
7/3/2018;26;210;5;3;45;2;303;3400;1;302580;1.1;0;0;0.337100932;0;5425;5425;0;950;22;15;3.3;29126;10086;;java=10086;126;119;7;1233;4296;10690;51.5;2453;20.6;19.5;2;"1=769;2=290;4=84;6=32;8=22;10=4;12=10";"0=34;5=23;10=24;20=20;30=12;60=2;90=4";1739;332;6;66;93;93;74;0;0;332;0;0
9/3/2018;26;210;5;3;45;2;303;3400;1;302520;1.1;0;0;0.337167791;0;5424;5424;0;950;22;15;3.3;29130;10084;;java=10084;126;119;7;1233;4295;10693;51.5;2452;20.6;19.5;2;"1=770;2=289;4=84;6=32;8=22;10=4;12=10";"0=34;5=23;10=24;20=20;30=12;60=2;90=4";1738;332;6;66;93;93;74;0;0;332;0;0
11/3/2018;26;210;5;3;45;2;304;3395;1;301890;1.1;0;0;0.33737454;0;5406;5406;0;950;22;15;3.3;29134;10063;;java=10063;126;119;7;1235;4277;10713;51.6;2444;20.5;19.4;2;"1=770;2=291;4=86;6=32;8=20;10=4;12=10";"0=34;5=23;10=24;20=21;30=11;60=2;90=4";1729;333;6;66;94;93;74;0;0;333;0;0
30/4/2018;26;210;5;3;45;2;305;3415;1;301920;1.1;0;0;0.339328299;0;5407;5407;0;950;22;15;3.3;29135;10064;;java=10064;126;119;7;1235;4278;10713;51.6;2444;20.5;19.4;2;"1=770;2=291;4=86;6=32;8=20;10=4;12=10";"0=34;5=23;10=24;20=21;30=11;60=2;90=4";1729;334;6;66;95;93;74;0;0;334;0;0
19/5/2018;26;210;5;3;45;2;305;3415;1;301920;1.1;0;0;0.339328299;0;5407;5407;0;950;22;15;3.3;29135;10064;;java=10064;126;119;7;1235;4278;10713;51.6;2444;20.5;19.4;2;"1=770;2=291;4=86;6=32;8=20;10=4;12=10";"0=34;5=23;10=24;20=21;30=11;60=2;90=4";1729;334;6;66;95;93;74;0;0;334;0;0
23/5/2018;26;210;5;3;45;2;305;3415;1;303870;1.1;0;0;0.337150755;0;5433;5433;0;950;22;15;3.2;29315;10129;;java=10129;129;122;7;1243;4300;10741;51.5;2457;20.1;19;2;"1=774;2=293;4=87;6=32;8=20;10=4;12=10";"0=36;5=24;10=24;20=21;30=11;60=2;90=4";1737;334;6;66;95;93;74;0;0;334;0;0
31/5/2018;26;210;5;3;45;2;308;3450;1;307050;1.1;102.803.738.317.757;0;0.337078652;0;5501;5501;0;950;22;15;3.2;29469;10235;;java=10235;129;122;7;1247;4362;10767;51.3;2495;20.5;19.3;2;"1=774;2=294;4=88;6=33;8=20;10=4;12=11";"0=36;5=24;10=24;20=21;30=11;60=2;90=4";1793;337;6;67;95;95;74;0;0;337;0;0
9/6/2018;26;210;5;3;45;2;307;3449;1;307380;1.1;0;0;0.336619168;0;5505;5505;0;950;22;15;3.2;29507;10246;;java=10246;129;122;7;1249;4366;10779;51.3;2497;20.5;19.4;2;"1=776;2=294;4=88;6=33;8=20;10=4;12=11";"0=36;5=24;10=24;20=20;30=12;60=2;90=4";1793;336;6;67;95;94;74;0;0;336;0;0
12/6/2018;26;210;5;3;45;2;307;3449;1;307380;1.1;0;0;0.336619168;0;5505;5505;0;950;22;15;3.2;29504;10246;;java=10246;129;122;7;1249;4366;10776;51.3;2497;20.5;19.4;2;"1=776;2=294;4=88;6=33;8=20;10=4;12=11";"0=36;5=24;10=24;20=20;30=12;60=2;90=4";1793;336;6;67;95;94;74;0;0;336;0;0
13/6/2018;26;210;5;3;45;2;307;3449;1;307350;1.1;0;0;0.336652025;0;5504;5504;0;950;22;15;3.2;29503;10245;;java=10245;129;122;7;1249;4366;10776;51.3;2497;20.5;19.4;2;"1=776;2=294;4=88;6=33;8=20;10=4;12=11";"0=36;5=24;10=24;20=20;30=12;60=2;90=4";1793;336;6;67;95;94;74;0;0;336;0;0
17/6/2018;26;210;5;3;45;2;307;3449;1;307350;1.1;0;0;0.336652025;0;5504;5504;0;950;22;15;3.2;29503;10245;;java=10245;129;122;7;1249;4366;10776;51.3;2497;20.5;19.4;2;"1=776;2=294;4=88;6=33;8=20;10=4;12=11";"0=36;5=24;10=24;20=20;30=12;60=2;90=4";1793;336;6;67;95;94;74;0;0;336;0;0
28/7/2018;26;210;5;3;45;2;307;3449;1;307410;1.1;0;0;0.336586318;0;5504;5504;0;950;22;15;3.2;29505;10247;11;java=10247;129;122;7;1249;4366;10776;51.3;2497;20.5;19.4;2;"1=776;2=294;4=88;6=33;8=20;10=4;12=11";"0=36;5=24;10=24;20=20;30=12;60=2;90=4";1793;336;6;67;95;94;74;0;0;336;0;0
